grid_id,ndvi
0,
1,
2,
3,
4,
5,
6,
7,
8,
9,0.14996510416666667
10,0.23506766694033937
11,
12,
13,
14,
15,
16,
17,
18,
19,
20,
21,
22,
23,0.535619596419183
24,0.7054304029485011
25,0.7080326926981786
26,0.640798811844716
27,0.5873232504763994
28,
29,
30,
31,
32,
33,
34,
35,
36,
37,
38,
39,
40,
41,
42,
43,
44,
45,
46,
47,
48,
49,
50,
51,
52,
53,
54,
55,
56,
57,
58,
59,
60,
61,
62,
63,
64,
65,
66,
67,
68,
69,0.27994701456847143
70,0.2957766121127423
71,
72,
73,
74,
75,
76,
77,
78,
79,
80,
81,
82,
83,0.558123932414024
84,0.7115480417815498
85,0.7291284601942578
86,0.7327727247020932
87,0.6655650691407272
88,
89,
90,
91,
92,
93,
94,
95,
96,
97,
98,
99,
100,
101,
102,
103,
104,
105,
106,
107,
108,
109,
110,
111,0.57339596735541
112,
113,
114,
115,
116,
117,
118,
119,
120,
121,
122,
123,
124,
125,
126,
127,
128,
129,0.3078858835147184
130,0.3232585990971312
131,
132,
133,
134,
135,
136,
137,
138,
139,
140,
141,
142,
143,0.6492802875104391
144,0.715178767636419
145,0.7214391579332228
146,0.718489187616758
147,0.6046516734655106
148,
149,
150,
151,
152,
153,
154,
155,
156,
157,
158,
159,
160,
161,
162,
163,
164,
165,
166,
167,
168,
169,
170,
171,0.5783100323116223
172,
173,
174,
175,
176,
177,
178,
179,
180,
181,
182,
183,
184,
185,
186,
187,
188,
189,
190,
191,
192,
193,
194,
195,
196,
197,
198,
199,
200,
201,
202,
203,0.635082332414597
204,0.667152029449006
205,0.7013489473027514
206,0.6320635750330535
207,0.48739796161162163
208,
209,
210,
211,
212,
213,
214,
215,
216,
217,
218,
219,
220,
221,
222,
223,
224,
225,
226,
227,
228,
229,
230,0.5646570866973141
231,0.553937934269951
232,
233,
234,
235,
236,
237,
238,
239,
240,
241,
242,
243,
244,
245,
246,
247,
248,
249,
250,0.25299275974025975
251,
252,
253,
254,
255,
256,
257,0.5338116148512256
258,0.6999399450955157
259,0.4413785988284979
260,0.4137451439623946
261,
262,
263,0.6211048428589091
264,0.6435428382805018
265,0.6517861271591816
266,0.6070332921512005
267,0.18318757528406254
268,
269,
270,
271,
272,
273,
274,
275,
276,
277,
278,
279,
280,
281,
282,
283,
284,
285,
286,
287,
288,
289,
290,0.5100389272678878
291,0.39690876602741254
292,
293,
294,
295,
296,
297,
298,
299,0.33164285714285713
300,
301,
302,
303,
304,
305,
306,
307,
308,
309,
310,
311,
312,
313,
314,
315,
316,
317,0.6706628943898755
318,0.6576752712621715
319,0.4261835164866685
320,0.3536336282444534
321,
322,
323,0.5170197305359246
324,0.6663276629723947
325,0.6655875066300483
326,0.6068143486511925
327,
328,
329,
330,
331,
332,
333,
334,
335,
336,
337,
338,
339,
340,
341,
342,
343,
344,
345,
346,
347,
348,
349,0.5841438425925926
350,
351,0.3897074550683599
352,
353,
354,
355,
356,
357,
358,
359,0.4557148360027196
360,
361,
362,
363,
364,
365,
366,
367,
368,
369,
370,
371,
372,
373,
374,
375,
376,0.568035848090255
377,0.7133454734113008
378,0.6657391204787285
379,0.4323048454844423
380,0.39602104075777833
381,0.3893046593891611
382,0.32344221988884087
383,0.3938151996305189
384,0.5884168365618323
385,0.6175325924116616
386,
387,
388,
389,
390,
391,
392,
393,
394,
395,
396,
397,
398,
399,
400,
401,
402,
403,
404,
405,
406,
407,
408,
409,0.621710674376153
410,
411,
412,
413,
414,
415,
416,
417,
418,
419,0.44551676924712685
420,
421,
422,
423,
424,
425,
426,
427,
428,
429,
430,
431,
432,
433,
434,
435,
436,0.573925894364194
437,0.7271368476851161
438,0.6674311994364769
439,0.5525334525147777
440,0.48701398420593867
441,0.4245964275007486
442,0.39482854144391794
443,0.3693185173857671
444,0.4202626523921466
445,0.32864339810780246
446,
447,
448,
449,
450,
451,
452,
453,
454,
455,
456,
457,
458,
459,
460,
461,
462,
463,
464,
465,
466,
467,
468,
469,
470,
471,
472,
473,
474,
475,
476,
477,
478,
479,0.35088199384395913
480,
481,
482,
483,
484,
485,
486,
487,
488,
489,
490,
491,0.3546997977029971
492,
493,
494,
495,
496,0.6287030776816321
497,0.7018086840560368
498,0.6589681224639097
499,0.6126419192948397
500,0.6100034671770115
501,0.5166523454797541
502,0.5256507049548548
503,0.39150529198327966
504,
505,
506,
507,
508,
509,
510,
511,
512,
513,
514,
515,
516,
517,
518,
519,
520,
521,
522,
523,
524,
525,
526,
527,
528,
529,
530,
531,
532,
533,
534,
535,
536,
537,
538,
539,0.4420107800635215
540,
541,
542,
543,
544,
545,
546,
547,
548,0.27564448469191905
549,0.28739041097830936
550,
551,0.3925398291967462
552,
553,
554,
555,0.6441801818652297
556,0.6488616423437932
557,0.6177283748213257
558,0.48763336279424013
559,0.4423114370322261
560,0.4947393711059932
561,0.4944892716832367
562,0.5656678164154303
563,0.5078948652736657
564,
565,
566,
567,
568,
569,
570,
571,
572,
573,
574,
575,
576,
577,
578,
579,
580,
581,
582,
583,
584,
585,
586,
587,
588,0.7141923172775587
589,0.6527155302492357
590,
591,
592,
593,
594,
595,
596,
597,
598,
599,0.45739333278176303
600,
601,
602,
603,
604,
605,
606,
607,
608,
609,0.278000167978865
610,0.10024844298245615
611,
612,
613,
614,
615,0.6706527520860386
616,0.709610926557309
617,0.6415098485004929
618,0.4656640557670327
619,0.5260995270597507
620,0.5503845451431139
621,0.54381651556648
622,0.5346763654711546
623,0.5266330820455343
624,
625,
626,
627,
628,
629,
630,
631,
632,
633,
634,
635,
636,
637,
638,
639,
640,
641,
642,
643,
644,
645,
646,
647,
648,
649,0.5667173703567108
650,
651,
652,
653,
654,
655,
656,
657,
658,
659,0.4765688703674078
660,
661,
662,
663,
664,
665,
666,
667,
668,
669,0.18342015151515154
670,
671,
672,
673,
674,0.5986599645473479
675,0.7016516008819617
676,0.648729189511202
677,0.5470472681773448
678,0.6278360785439632
679,0.5627440226059658
680,0.615197684116545
681,0.6329039926367959
682,0.5389619754497335
683,0.5332181025486356
684,
685,
686,
687,
688,
689,
690,
691,
692,
693,
694,
695,
696,
697,
698,
699,
700,
701,
702,
703,
704,
705,
706,
707,
708,0.5777502222181204
709,0.6191537959784489
710,0.5258633376749907
711,
712,
713,
714,
715,
716,
717,
718,0.44992826530953783
719,0.40684329111365986
720,
721,
722,
723,
724,
725,
726,
727,
728,
729,
730,
731,
732,
733,0.4622103477310056
734,0.6793005140215999
735,0.693733710865036
736,0.5483214001462328
737,0.5012546714303889
738,0.5456908472547156
739,0.590096306628181
740,0.5625664403970028
741,0.6225280859703377
742,0.5594672083341647
743,0.5312956502186745
744,0.446311418522082
745,
746,
747,
748,
749,
750,
751,
752,
753,
754,
755,
756,
757,
758,
759,
760,
761,
762,
763,
764,
765,
766,
767,
768,
769,0.6315197435066882
770,0.48683134235946135
771,0.3149319759857394
772,
773,
774,
775,
776,
777,
778,
779,0.447540321709665
780,
781,
782,
783,
784,
785,
786,
787,
788,
789,
790,
791,
792,
793,0.5691192023219565
794,0.6858309012629559
795,0.6644069253634763
796,0.5050902772561053
797,0.5133943416720411
798,0.5220129405233004
799,0.48139126197679954
800,0.5552235673433176
801,0.6427494853889526
802,0.5783747997563435
803,0.5278813614227232
804,0.48734547858083965
805,
806,
807,
808,
809,
810,
811,
812,
813,
814,
815,
816,
817,
818,
819,
820,
821,
822,
823,
824,
825,
826,
827,
828,
829,0.6498052211238101
830,0.33818262511803593
831,
832,
833,
834,
835,
836,
837,
838,
839,0.4688498867807306
840,
841,
842,
843,
844,
845,
846,
847,
848,
849,
850,
851,
852,
853,0.6112329363735497
854,0.6569960556955229
855,0.6214429477989138
856,0.47825360071601514
857,0.5156703676547256
858,0.5018645118270846
859,0.4530181442869852
860,0.5026342837766626
861,0.5663545207684109
862,0.5735204979732819
863,0.5759811504618049
864,0.4440005794654275
865,
866,
867,
868,
869,
870,
871,
872,
873,
874,
875,
876,
877,
878,
879,
880,
881,
882,
883,
884,
885,
886,
887,
888,
889,0.6931754285410905
890,0.59580693972128
891,
892,0.4089608352934489
893,
894,
895,
896,
897,
898,
899,
900,
901,
902,
903,
904,
905,
906,
907,
908,
909,
910,
911,
912,
913,0.6147168834078779
914,0.614111975149731
915,0.5707179101658753
916,0.4160415420139786
917,0.41489525701496205
918,0.4166640487840811
919,0.4341495111411113
920,0.455787390747643
921,0.4635363094530901
922,0.5948306872112356
923,0.5238783550781727
924,0.36526102083431256
925,
926,
927,
928,
929,
930,
931,
932,
933,
934,
935,
936,
937,
938,
939,
940,
941,
942,
943,
944,
945,
946,
947,
948,
949,0.5090350256471801
950,0.4858187615523893
951,
952,
953,
954,
955,
956,
957,
958,
959,0.3808607667629642
960,
961,
962,
963,
964,
965,
966,
967,
968,
969,
970,
971,
972,0.5513685535925025
973,0.5976772040670036
974,0.542595730044048
975,0.5025739302982799
976,0.42576975848950227
977,0.35010943255808885
978,0.36552036130876125
979,0.4034990214264148
980,0.42173284538359856
981,0.45752192501324784
982,0.5043776230683146
983,0.48669646154968976
984,0.42121860350859214
985,
986,
987,
988,
989,
990,
991,
992,
993,
994,
995,
996,
997,
998,
999,
1000,
1001,
1002,
1003,
1004,
1005,
1006,
1007,
1008,
1009,
1010,0.3833562974011414
1011,
1012,
1013,
1014,
1015,
1016,
1017,
1018,
1019,0.5146226736736371
1020,
1021,
1022,
1023,
1024,
1025,
1026,
1027,
1028,
1029,
1030,
1031,
1032,0.623819370251173
1033,0.633998753287755
1034,0.46553713248148104
1035,0.416455809297779
1036,0.36575209571365813
1037,0.32975518394451553
1038,0.3714369161258293
1039,0.398523387621547
1040,0.34509699882085587
1041,0.4693999970511592
1042,0.4777982758529859
1043,0.4730928141146679
1044,0.4326317091843883
1045,
1046,
1047,
1048,
1049,
1050,
1051,
1052,
1053,
1054,
1055,
1056,
1057,
1058,
1059,
1060,
1061,
1062,
1063,
1064,
1065,
1066,
1067,
1068,
1069,
1070,
1071,0.46687291620528104
1072,
1073,
1074,
1075,
1076,
1077,
1078,
1079,0.6408271689270846
1080,
1081,
1082,
1083,
1084,
1085,
1086,
1087,
1088,
1089,
1090,
1091,0.5148385585158197
1092,0.6200233425973996
1093,0.5722074742174046
1094,0.39909752901438433
1095,0.35825312521382274
1096,0.37910679815330756
1097,0.41408936378599676
1098,0.38162847309185793
1099,0.3660070514180424
1100,0.3924466534200268
1101,0.5260185877997852
1102,0.47184939827815664
1103,0.4441864057433323
1104,0.3973792613561979
1105,
1106,
1107,
1108,
1109,
1110,
1111,
1112,
1113,
1114,
1115,
1116,
1117,
1118,
1119,
1120,
1121,
1122,
1123,
1124,
1125,
1126,
1127,
1128,
1129,
1130,
1131,
1132,
1133,
1134,
1135,
1136,
1137,
1138,
1139,0.6707317511401031
1140,
1141,
1142,
1143,
1144,
1145,
1146,
1147,
1148,
1149,
1150,0.41310639407066735
1151,0.5913684850583253
1152,0.5701864556257163
1153,0.45018968763559664
1154,0.3955833324616769
1155,0.3732809633073479
1156,0.35885657773546953
1157,0.44450335444415395
1158,0.41436943286146205
1159,0.4059503888987192
1160,0.39777369179415906
1161,0.5529023451887398
1162,0.43027987713369703
1163,0.4805857112601846
1164,0.4469228283706266
1165,0.47805623634598887
1166,0.3129012088353599
1167,
1168,
1169,
1170,
1171,
1172,
1173,
1174,
1175,
1176,
1177,
1178,
1179,
1180,
1181,
1182,
1183,
1184,
1185,
1186,
1187,
1188,
1189,
1190,
1191,
1192,0.4016566789430661
1193,0.42228425521502533
1194,0.46776286950137275
1195,0.4292387344358353
1196,
1197,
1198,
1199,0.6459215359612341
1200,
1201,
1202,
1203,
1204,
1205,
1206,
1207,
1208,
1209,
1210,0.5061127560222781
1211,0.5645610305494368
1212,0.5022595273135855
1213,0.45972671290031697
1214,0.43884487479433687
1215,0.379349313507428
1216,0.37061767070336304
1217,0.42473239062148177
1218,0.4159968400419674
1219,0.41407806172432654
1220,0.4454531715261537
1221,0.518305068864774
1222,0.4667904447495405
1223,0.5107930051939363
1224,0.4961672735898336
1225,0.5179951696256098
1226,0.43423065538549166
1227,0.515916857977475
1228,0.4162403145717313
1229,
1230,
1231,
1232,
1233,
1234,
1235,
1236,
1237,
1238,
1239,
1240,
1241,
1242,
1243,
1244,
1245,
1246,
1247,
1248,
1249,
1250,
1251,
1252,0.6365864364483083
1253,0.4409670846331367
1254,0.44552694522617564
1255,0.4490864134660082
1256,0.3846004605978441
1257,0.3570565646504252
1258,0.3648170855012192
1259,0.5342169310568683
1260,
1261,
1262,
1263,
1264,
1265,
1266,
1267,
1268,
1269,
1270,0.5264141110702527
1271,0.5581981751003166
1272,0.48455952096123767
1273,0.4650539164012411
1274,0.3978051470824921
1275,0.3459384377070039
1276,0.38624652780392355
1277,0.4401930521916454
1278,0.41087315854294953
1279,0.4353925177445409
1280,0.42258221402966883
1281,0.4230164951468591
1282,0.44651828779470243
1283,0.4737560233576416
1284,0.5219529057528243
1285,0.5518539306198986
1286,0.5177511139238155
1287,0.5546741715228025
1288,0.5216093928562375
1289,
1290,
1291,
1292,
1293,
1294,
1295,
1296,
1297,
1298,
1299,
1300,
1301,
1302,
1303,
1304,
1305,
1306,
1307,
1308,
1309,
1310,
1311,
1312,0.684136661540402
1313,0.5671696603126567
1314,0.5198197417244096
1315,0.4540603098383768
1316,0.4114704567033526
1317,0.3670945986117958
1318,0.43089530354463623
1319,0.5036314763444123
1320,
1321,
1322,
1323,
1324,
1325,
1326,
1327,
1328,
1329,
1330,0.5581332880888075
1331,0.5375954507152582
1332,0.47222842540036286
1333,0.3734923731018839
1334,0.3337892063080603
1335,0.3756755120524252
1336,0.42445134499983656
1337,0.39688474059660783
1338,0.4029957932053976
1339,0.457593189815959
1340,0.4215345104045781
1341,0.44817618221531647
1342,0.4710737130596219
1343,0.5049928414550916
1344,0.535356058103934
1345,0.563947403776723
1346,0.6239177878542644
1347,0.6059743116768487
1348,0.6052727563335412
1349,0.5899364152815779
1350,0.27891274595411286
1351,
1352,
1353,
1354,
1355,
1356,
1357,
1358,
1359,
1360,
1361,
1362,
1363,
1364,
1365,
1366,
1367,
1368,
1369,
1370,
1371,
1372,0.6014198508905969
1373,0.6239863718750109
1374,0.4892183586161623
1375,0.4764029062857218
1376,0.5573849619564921
1377,0.4130779313840259
1378,0.547052108084535
1379,0.5941369382603308
1380,
1381,
1382,
1383,
1384,
1385,
1386,
1387,
1388,
1389,
1390,0.564675330384406
1391,0.4928518093013754
1392,0.40878270119915494
1393,0.3609302323236998
1394,0.467943485583668
1395,0.4148052818763005
1396,0.39620935483756525
1397,0.41816868816175584
1398,0.44643087399880543
1399,0.45500983507500253
1400,0.4535181535270628
1401,0.45628925021179695
1402,0.47316338629597116
1403,0.5104634674978078
1404,0.5488378051198506
1405,0.5371098257482791
1406,0.5876301274128826
1407,0.6763650831718188
1408,0.6809847710382665
1409,0.6425579892709323
1410,0.5615034163880698
1411,0.4408104229359451
1412,
1413,
1414,
1415,
1416,
1417,
1418,
1419,
1420,
1421,
1422,
1423,
1424,
1425,
1426,
1427,
1428,
1429,
1430,
1431,
1432,0.595497247479097
1433,0.6984503486342845
1434,0.5200600061117714
1435,0.5309236214358831
1436,0.6278145404140999
1437,0.48761416697815485
1438,0.6468421802611519
1439,0.6338353331831179
1440,
1441,
1442,
1443,
1444,
1445,
1446,
1447,
1448,
1449,0.5196071675254142
1450,0.5142786420542128
1451,0.44308898981854367
1452,0.3851302202925194
1453,0.4214518373498358
1454,0.42748539778502986
1455,0.4052658005167576
1456,0.4256661054994188
1457,0.44250492042620604
1458,0.4443644862062929
1459,0.463281811794099
1460,0.4897894884792795
1461,0.47148248829362377
1462,0.4813318290277977
1463,0.5069461263436751
1464,0.5840431304550809
1465,0.5510929088801358
1466,0.604770291701544
1467,0.5618445215992366
1468,0.5636592240579542
1469,0.584778588831498
1470,0.6003912055060192
1471,0.5505328802470636
1472,0.5042438424996136
1473,
1474,
1475,
1476,
1477,
1478,
1479,
1480,
1481,
1482,
1483,
1484,
1485,
1486,
1487,
1488,
1489,
1490,
1491,
1492,0.6429783920663384
1493,0.708386031122269
1494,0.531472551542962
1495,0.5616076149330801
1496,0.6133699504630685
1497,0.5496231123481612
1498,0.639560201799617
1499,0.6170385252405506
1500,
1501,
1502,
1503,
1504,
1505,
1506,
1507,
1508,
1509,0.4094461647115507
1510,0.45311682141164605
1511,0.4017476552947452
1512,0.433146632595368
1513,0.3997017708781016
1514,0.3917104177499882
1515,0.4098959795954093
1516,0.4408910393800064
1517,0.4584723585034279
1518,0.45371310991283303
1519,0.46111924445309604
1520,0.46876897069742957
1521,0.5219353213667403
1522,0.5067638158048501
1523,0.5027124943146241
1524,0.5618709945397296
1525,0.5939960933819496
1526,0.5910347386799633
1527,0.5429468647444292
1528,0.5447404568540768
1529,0.5226267409801133
1530,0.6213931543334015
1531,0.614616874949411
1532,0.6065091266230829
1533,0.5487741993755572
1534,
1535,
1536,
1537,
1538,
1539,
1540,
1541,
1542,
1543,
1544,
1545,
1546,
1547,
1548,
1549,
1550,0.2817417993296647
1551,0.5252288830165331
1552,0.6488410736962642
1553,0.6767457816576419
1554,0.4962959848854516
1555,0.5572736781332642
1556,0.6042845181726152
1557,0.6687556944682165
1558,0.6066818103713755
1559,0.6214856993030855
1560,
1561,
1562,
1563,
1564,
1565,
1566,
1567,
1568,
1569,0.40639111734486927
1570,0.4278390008702007
1571,0.4394178647048307
1572,0.38254844378713576
1573,0.408409256326002
1574,0.4215185013450917
1575,0.46447479992611695
1576,0.47369531918384206
1577,0.47931153509463004
1578,0.492032004221772
1579,0.48402029313541506
1580,0.47518041642392167
1581,0.5121154114564592
1582,0.5103760944585964
1583,0.5057631844113677
1584,0.5904118691245259
1585,0.6236147082761035
1586,0.6074147111639145
1587,0.47813748598905587
1588,0.47027412610934666
1589,0.5110620459803022
1590,0.6014767523483932
1591,0.6435745801994521
1592,0.6480254242694514
1593,0.5392841755675928
1594,0.5208210714210308
1595,
1596,
1597,
1598,
1599,
1600,
1601,
1602,
1603,
1604,
1605,
1606,
1607,
1608,
1609,
1610,0.5171782325652439
1611,0.49969992342200276
1612,0.6585158495613136
1613,0.6271507737790616
1614,0.4767120172847973
1615,0.5815030332541792
1616,0.58348120551515
1617,0.6946493696788463
1618,0.5886410036205526
1619,0.6243730006088916
1620,
1621,
1622,
1623,
1624,
1625,
1626,
1627,
1628,
1629,0.45936690976685335
1630,0.43659196613611706
1631,0.40710392571168175
1632,0.43002985644199165
1633,0.4546051251442925
1634,0.4124665265677254
1635,0.4234620451488002
1636,0.43315232190202035
1637,0.41883738020785444
1638,0.4370869117497202
1639,0.48026569682682474
1640,0.4847538893575308
1641,0.46988986991043896
1642,0.47673649221550396
1643,0.4945423341756956
1644,0.5745140924050284
1645,0.6130469023259107
1646,0.5756407427242867
1647,0.5164129883820333
1648,0.4935151765991142
1649,0.5328670435282581
1650,0.5993803877734178
1651,0.6496862254418323
1652,0.6560333229249661
1653,0.5991758222027322
1654,0.5700430145460863
1655,0.5060133997021726
1656,0.4841993834290712
1657,
1658,
1659,
1660,
1661,
1662,
1663,
1664,
1665,
1666,
1667,
1668,
1669,0.5270309496872765
1670,0.451205793442016
1671,0.5042071603939178
1672,0.7164169716209541
1673,0.5708424287978483
1674,0.4257960490575409
1675,0.5365433583349064
1676,0.576730874574663
1677,0.6407688052319407
1678,0.5180381657223612
1679,0.6218156121036896
1680,
1681,
1682,
1683,
1684,
1685,
1686,
1687,
1688,
1689,0.4594015253566829
1690,0.4484702486644308
1691,0.4253993643000788
1692,0.40584042439149054
1693,0.3607375635551498
1694,0.4431421592331628
1695,0.43724449403175575
1696,0.4346715941499242
1697,0.4398214558751024
1698,0.43747271554513584
1699,0.45029984996625044
1700,0.46411378644000173
1701,0.45439128809881657
1702,0.5011798526298086
1703,0.5147018893781731
1704,0.5572941066433653
1705,0.5450968516943181
1706,0.5175046818198591
1707,0.5281497170220392
1708,0.5787520718989231
1709,0.5032567315625411
1710,0.5076390089490512
1711,0.6262669648300033
1712,0.6102777708319348
1713,0.6479147284578396
1714,0.5504191492470484
1715,0.513313221363545
1716,0.4963061661753427
1717,0.45524309265088797
1718,
1719,
1720,
1721,
1722,
1723,
1724,
1725,
1726,
1727,
1728,
1729,0.39311846614688495
1730,0.41819602982571474
1731,0.7195812473109116
1732,0.6785629784300393
1733,0.4394489103280651
1734,0.3929268332601989
1735,0.46941275412897127
1736,0.568967764656778
1737,0.5767657285931781
1738,0.5215953198677625
1739,0.5972788375078546
1740,
1741,
1742,
1743,
1744,0.5108927279889671
1745,0.4616183345695552
1746,0.41391971872424654
1747,0.088808382205794
1748,
1749,0.4190702840913204
1750,0.5099233255884883
1751,0.4457922063864257
1752,0.39355804696627283
1753,0.3751230814897033
1754,0.46061312196696236
1755,0.4388426318770459
1756,0.44933933333252196
1757,0.42311922164867904
1758,0.4159299648637659
1759,0.4298204880694511
1760,0.44795987603293536
1761,0.46430515519559723
1762,0.4749882551852485
1763,0.506486364288527
1764,0.5831043449193993
1765,0.5091583220652376
1766,0.4722977029758267
1767,0.4887564921743001
1768,0.5242790505961601
1769,0.5232373696602424
1770,0.5297354263330177
1771,0.5097696991848477
1772,0.53434685656921
1773,0.6061896012108684
1774,0.5636352995610729
1775,0.5417813602637263
1776,0.49606538153214724
1777,0.4540996742697605
1778,0.23846082946072317
1779,
1780,
1781,
1782,
1783,
1784,
1785,
1786,
1787,
1788,0.5836183431932132
1789,0.6076941350629698
1790,0.6428403143921343
1791,0.7228138876368085
1792,0.6367683672602589
1793,0.39055539821587687
1794,0.4403175607359425
1795,0.41375517558388575
1796,0.5514957137384189
1797,0.5151530117479803
1798,0.5801302657480873
1799,0.5784191933918285
1800,
1801,
1802,
1803,0.33482038635395506
1804,0.45979053270515724
1805,0.4580012579147893
1806,0.3954573950017658
1807,0.389100841252816
1808,0.3907751337564879
1809,0.38425293963917845
1810,0.483485965149761
1811,0.3913633531023292
1812,0.37518960671395846
1813,0.4018871426257331
1814,0.43898999976710584
1815,0.4537868584922812
1816,0.46333200821026116
1817,0.4666490512556501
1818,0.486651783496062
1819,0.481260852798436
1820,0.48366211826097383
1821,0.48430788793915014
1822,0.48692365089180056
1823,0.5260738333371097
1824,0.5326831014117285
1825,0.5181464725574492
1826,0.42966914167079207
1827,0.4110065072351446
1828,0.48924482134741476
1829,0.5183589539518462
1830,0.49937046025178666
1831,0.5310284583815948
1832,0.5770883125144581
1833,0.5321380174141129
1834,0.5397313252258223
1835,0.5751928397501886
1836,0.5434500924286755
1837,0.5096769334519855
1838,0.3501619089889512
1839,
1840,
1841,
1842,
1843,
1844,
1845,
1846,
1847,0.39097691160061676
1848,0.6845438544721281
1849,0.711208834462502
1850,0.7330766638705143
1851,0.7312120153967661
1852,0.6271345691231788
1853,0.40615534745458964
1854,0.39232610402269896
1855,0.4138120502995342
1856,0.5491742381092578
1857,0.5888764619197063
1858,0.6258137929305517
1859,0.6165430330853651
1860,
1861,
1862,0.35064661969933125
1863,0.41004647383865744
1864,0.4326244737081178
1865,0.3990883433340419
1866,0.390680088125055
1867,0.38142475030779666
1868,0.2634541434752948
1869,0.3304156281635114
1870,0.4583401021964908
1871,0.44354893505672593
1872,0.4319135576771479
1873,0.3997082735922219
1874,0.3997417341331932
1875,0.4214693239265798
1876,0.3985888174405176
1877,0.42585189994570305
1878,0.4678607369470927
1879,0.452805643451773
1880,0.4651664345520813
1881,0.5135570113199489
1882,0.5618489842516895
1883,0.5550610621402493
1884,0.5310975933503784
1885,0.5649942033012221
1886,0.4803061476201889
1887,0.4659260858103943
1888,0.4295167356756508
1889,0.45044097185775894
1890,0.4426993889589819
1891,0.4248422349869734
1892,0.5012237042248087
1893,0.5577912258618464
1894,0.5667861651057833
1895,0.49563270154758876
1896,0.6435219358533902
1897,0.5530453582637682
1898,0.5286634578918413
1899,0.4985495171280642
1900,0.3913277014160433
1901,0.42704574480947094
1902,0.44662720585373633
1903,0.4759804220542195
1904,0.39424140129269436
1905,0.28795111138734203
1906,
1907,0.3910260150552477
1908,0.6857266990404006
1909,0.7238867326883565
1910,0.7513707433304738
1911,0.6884852893831854
1912,0.6328619740251286
1913,0.4936812562846769
1914,0.3916694880606798
1915,0.4180468340260665
1916,0.5432904253842896
1917,0.6234647221355583
1918,0.6568789647596489
1919,0.6399398036271079
1920,
1921,0.29841102295646743
1922,0.30049841273568595
1923,0.33558615918933404
1924,0.3750036388514328
1925,0.37467870952002463
1926,0.37498875455954356
1927,0.38212356023561245
1928,0.23888804186902318
1929,0.4317523040743596
1930,0.4681578382416371
1931,0.4914777675156091
1932,0.43211966294282755
1933,0.4143193341981
1934,0.43564777745411665
1935,0.4475200463399671
1936,0.4504805579745101
1937,0.3732660993048436
1938,0.5034033656645256
1939,0.5064918086967286
1940,0.5201265876879476
1941,0.48386082785949097
1942,0.4739820572573572
1943,0.5056205942700837
1944,0.5479831481488449
1945,0.565182167521526
1946,0.546586162914242
1947,0.5257113513190365
1948,0.4831583530725461
1949,0.46920269626822253
1950,0.5075566606661963
1951,0.5076626429236696
1952,0.5031725864699048
1953,0.48940491909245415
1954,0.5780102100340457
1955,0.5104642217994197
1956,0.5423225789954572
1957,0.5415710409569219
1958,0.5277287355317019
1959,0.5336827302518841
1960,0.4968023902156211
1961,0.41539530689041676
1962,0.4005888459748321
1963,0.5021311472613881
1964,0.5015234956729622
1965,0.41639484753859124
1966,0.32918107273141867
1967,0.5382021475390238
1968,0.6993537419011926
1969,0.7479953620600855
1970,0.7159218898667093
1971,0.6690385365799582
1972,0.6594629927586417
1973,0.5271046201465271
1974,0.4351384189242617
1975,0.4179974900437396
1976,0.5494656973818481
1977,0.5729946423201412
1978,0.6062986662960611
1979,0.6189897063518269
1980,
1981,0.3463073686300927
1982,0.37090656840010144
1983,0.3350337694527215
1984,0.2779945219545321
1985,0.3609328508663005
1986,0.38670047815679354
1987,0.35993966737385175
1988,0.36569582922334637
1989,0.46195264524063945
1990,0.48205553412367114
1991,0.4754527525112634
1992,0.43447054024376
1993,0.4050890837791362
1994,0.434509555677412
1995,0.4434747411040535
1996,0.4692743369670267
1997,0.47328017626753194
1998,0.5042493259415424
1999,0.5093401820150846
2000,0.5139898620395369
2001,0.5192630216839822
2002,0.4814905812641789
2003,0.4357403343056167
2004,0.46535516751419376
2005,0.47167942912085015
2006,0.4957671597937017
2007,0.5429508684564285
2008,0.5347902173709198
2009,0.5236572775247664
2010,0.5095257179027406
2011,0.4985220025963898
2012,0.48624870788231556
2013,0.4866824491436714
2014,0.5589021182891631
2015,0.5296843852490851
2016,0.5087745078924999
2017,0.5399056368801043
2018,0.5489551729045943
2019,0.548073714388061
2020,0.5072573841944846
2021,0.5309334167103376
2022,0.4371118339372192
2023,0.514386177801493
2024,0.5632589287180283
2025,0.3556867811067013
2026,0.5041787726205239
2027,0.659202972982422
2028,0.6572840229757965
2029,0.775882269683408
2030,0.717607455907638
2031,0.6589408926072443
2032,0.6298716772690961
2033,0.5517275164566331
2034,0.4724610821184629
2035,0.4703940834812313
2036,0.6622666021099187
2037,0.6943359333806196
2038,0.6631552501082028
2039,0.6281715668709275
2040,0.2200884845835316
2041,0.3325386004326501
2042,0.37784539554097396
2043,0.34316457931419503
2044,0.24874683582517143
2045,0.22463141455210883
2046,0.20423403506127655
2047,0.28800725420504253
2048,0.41788975336230794
2049,0.4479004631423716
2050,0.46869827304918776
2051,0.46293676655659705
2052,0.42612199873078516
2053,0.39940094334227055
2054,0.4559014701418689
2055,0.47397893443286404
2056,0.4661195394303102
2057,0.47922847356291537
2058,0.4664129626980496
2059,0.47293811286119286
2060,0.46634263799158326
2061,0.4618394724107903
2062,0.4826808724376837
2063,0.4963994052448888
2064,0.5018218788794523
2065,0.4781872052956839
2066,0.5166294705696136
2067,0.4710184926279063
2068,0.4761346550772954
2069,0.467077638765359
2070,0.4758025920475347
2071,0.5146934946788702
2072,0.5392908147030936
2073,0.4568836101623263
2074,0.45305228674469467
2075,0.4912394351510018
2076,0.46990015688576525
2077,0.5079337026320757
2078,0.506852556405424
2079,0.4825643838303239
2080,0.5288617964250903
2081,0.5895140812805233
2082,0.5896817109415226
2083,0.5900328934087066
2084,0.5381786000554314
2085,0.5283468886670848
2086,0.5950645897772481
2087,0.6836448427240512
2088,0.7437995900614262
2089,0.7842290054108887
2090,0.7383618701805345
2091,0.6403368239794485
2092,0.6066984191003724
2093,0.6628840952993613
2094,0.46737116037000836
2095,0.5254147191855644
2096,0.6435679779957356
2097,0.7032691866176923
2098,0.7013088610449512
2099,0.675156990017761
2100,0.07773935713871706
2101,0.24355106029282364
2102,0.18882392122321245
2103,0.17236678171735417
2104,0.046950900283028646
2105,0.23554333966229654
2106,0.21470860429316685
2107,0.3703210335999486
2108,0.4470599783501284
2109,0.48438910930744544
2110,0.49976828656831196
2111,0.42119668870603105
2112,0.45133585547112764
2113,0.4223513452530534
2114,0.45833529212456303
2115,0.45819088453372525
2116,0.45873756532969506
2117,0.47469167207339
2118,0.48360971547635495
2119,0.4604251829190979
2120,0.46183258000860145
2121,0.4549761077911084
2122,0.4725197987526059
2123,0.46145796117045196
2124,0.49524982248477956
2125,0.4973548635299736
2126,0.4912559562906819
2127,0.5107163451936503
2128,0.5520486352790838
2129,0.5385453278559494
2130,0.5217873838049855
2131,0.537490341791442
2132,0.56700284665248
2133,0.5012512871362779
2134,0.4701774173978601
2135,0.464892022401854
2136,0.47033477597049905
2137,0.4527465474656826
2138,0.4622847798079753
2139,0.49977814438546186
2140,0.53187685151289
2141,0.5866455664817932
2142,0.5518805788641818
2143,0.5202883626070582
2144,0.5035359040818863
2145,0.5474685642364996
2146,0.6160517569299553
2147,0.714527606066433
2148,0.7679807428422853
2149,0.775418324236627
2150,0.7396900165891579
2151,0.6482282170770599
2152,0.6623303930596725
2153,0.7133425856561968
2154,0.5935064784753936
2155,0.5603351595807005
2156,0.5433375418352115
2157,0.7005047963643041
2158,0.7263328415476524
2159,0.6565121012404826
2160,0.16566196624806787
2161,0.11966758806988825
2162,0.15050158437489647
2163,0.14368766561321444
2164,0.06604516248662788
2165,0.141560560603648
2166,0.16332555660590833
2167,0.4557115814698067
2168,0.4568809157208713
2169,0.47527077246506855
2170,0.5061868255400781
2171,0.44663021717142626
2172,0.46411460871626614
2173,0.4612956087520669
2174,0.41862561876173177
2175,0.43223673068555707
2176,0.44992898700519574
2177,0.43384199791594624
2178,0.4439128926384239
2179,0.4392708160263729
2180,0.44645458190058934
2181,0.4728533963543187
2182,0.47609364744025395
2183,0.45231012128763054
2184,0.4567358140689452
2185,0.4631750863156756
2186,0.43332828274670776
2187,0.49651529551307694
2188,0.4689193182190794
2189,0.3890553504742334
2190,0.47506285408956384
2191,0.47624007566006665
2192,0.4719550361030584
2193,0.4977150973651113
2194,0.500644259315804
2195,0.4532848454446147
2196,0.4185017698321282
2197,0.44666863002507773
2198,0.49638748787826853
2199,0.4964951288545816
2200,0.500995286946699
2201,0.5278229328680025
2202,0.5601914559329692
2203,0.4916592601061533
2204,0.5881516764473801
2205,0.5783344827799527
2206,0.47594480166451747
2207,0.6470529266822057
2208,0.7157189756125523
2209,0.7951411022497369
2210,0.8059939453736672
2211,0.6518610888943475
2212,0.6931303419741229
2213,0.6715318288220682
2214,0.6833223910879073
2215,0.6592291029963249
2216,0.5871896394460946
2217,0.6023372157219936
2218,0.6462664357056187
2219,0.6667246243527718
2220,0.2848001925927586
2221,0.3202075860193533
2222,0.29196223415467853
2223,0.23202445301536548
2224,0.22931328503639853
2225,0.22746546007137355
2226,0.2305436272177872
2227,0.3602948328011986
2228,0.3829608800444789
2229,0.4428279347058707
2230,0.49115115249137997
2231,0.47405503875501653
2232,0.47974565052995094
2233,0.4685964147557129
2234,0.4393842244059465
2235,0.3856091852265414
2236,0.4469077043800801
2237,0.4503463498593327
2238,0.44825813115512914
2239,0.44898590682939016
2240,0.4492149164075221
2241,0.4818054491245484
2242,0.5027613820065915
2243,0.5062391606904133
2244,0.47725591076866253
2245,0.4684045937747999
2246,0.47881790898901283
2247,0.45643545456249074
2248,0.41595139385140173
2249,0.417439083727629
2250,0.45654217003541825
2251,0.4746793696988206
2252,0.4614237877771534
2253,0.4800466831946927
2254,0.47541522470605707
2255,0.5098115489970608
2256,0.46206065401439106
2257,0.4565791946717938
2258,0.48380758597886464
2259,0.47893739585142575
2260,0.5241057186933522
2261,0.5362368235229843
2262,0.5328520850705728
2263,0.482774442034442
2264,0.5727312753068609
2265,0.5424622740219294
2266,0.3621207574007703
2267,0.5383829205557744
2268,0.5630542180011804
2269,0.6054153122072441
2270,0.7825309600453687
2271,0.6108468034439499
2272,0.6444592790291189
2273,0.6483311540890163
2274,0.6293070546000934
2275,0.686914651031841
2276,0.673971633351085
2277,0.7087425196653822
2278,0.6796908198783197
2279,0.6726894317456656
2280,0.2280452653354574
2281,0.3991660651665376
2282,0.3176290239778881
2283,0.2661180632434322
2284,0.20238325496651138
2285,0.22116788283922886
2286,0.243025771003207
2287,0.26301794411329726
2288,0.33841557604942984
2289,0.3433442286535562
2290,0.4034383140543089
2291,0.44908762094508275
2292,0.4189563845672101
2293,0.45440374093296815
2294,0.41157836513577667
2295,0.41385262643108167
2296,0.4543557236440339
2297,0.41726915278229354
2298,0.43332122123366534
2299,0.4480881701898645
2300,0.4815844506226537
2301,0.47081968965517135
2302,0.4760876210892328
2303,0.4663068467215158
2304,0.41709695888334314
2305,0.459038630849119
2306,0.44578407535265085
2307,0.4359610248965419
2308,0.44330512229691166
2309,0.4405669993469844
2310,0.4635669596733236
2311,0.48283280826913805
2312,0.486980788140744
2313,0.4740447742310568
2314,0.48974834256757493
2315,0.43542108413431924
2316,0.4508791121482254
2317,0.44400862944664243
2318,0.43964609207810723
2319,0.4870582688450863
2320,0.5155479022377903
2321,0.5305756305353375
2322,0.5461521687050528
2323,0.477499125122669
2324,0.6265432870947938
2325,0.6363477701350414
2326,0.5664999430201304
2327,0.6059429998703937
2328,0.616141771115427
2329,0.7296529283777439
2330,0.7601667040835951
2331,0.7066598468881435
2332,0.6324059103779597
2333,0.6813260502005616
2334,0.7133981476423847
2335,0.7008638370135183
2336,0.6370660032613042
2337,0.6486123925675467
2338,0.606464793371898
2339,0.7279999110586697
2340,0.22941956567932104
2341,0.4244756812449981
2342,0.3326624063905786
2343,0.19447427919178026
2344,0.17893425263306023
2345,0.19328305332296028
2346,0.22565853520104154
2347,0.23453410327316582
2348,0.2851481754144885
2349,0.2826246267715337
2350,0.31553255621667703
2351,0.3842462672357543
2352,0.3988028742686664
2353,0.393273639913199
2354,0.40573540832668226
2355,0.42062274523838716
2356,0.4211563601562079
2357,0.43270043098037797
2358,0.4846705558213402
2359,0.4502509995150038
2360,0.47569828813574544
2361,0.45823649920642373
2362,0.43287875574495954
2363,0.4345752561920575
2364,0.42422757186570553
2365,0.4394565562180193
2366,0.4575601107016016
2367,0.47172640742553607
2368,0.48179178740322703
2369,0.4769542587698759
2370,0.47110003898078273
2371,0.45226506605859534
2372,0.42679021091151476
2373,0.4424575556376267
2374,0.4395972087954344
2375,0.46824731097863764
2376,0.4858189164742305
2377,0.5223409788903817
2378,0.5488313002783127
2379,0.5150633441125104
2380,0.5391881002970581
2381,0.551568176388045
2382,0.54707869790668
2383,0.4239046201620419
2384,0.6742498248696837
2385,0.7119288735562196
2386,0.6841821756292872
2387,0.6699121996371771
2388,0.6739291469634031
2389,0.6806160031815903
2390,0.731857726937244
2391,0.6961992442631808
2392,0.6978379572587591
2393,0.6824963830199207
2394,0.6854542020456958
2395,0.7142060599063098
2396,0.6865812727369646
2397,0.7136156051815064
2398,0.7058931995269278
2399,0.7614032613973881
2400,0.373836211296479
2401,0.33288455491933266
2402,0.1530042910179398
2403,0.10694682334374625
2404,0.189977353743808
2405,0.18509087379530373
2406,0.19763159289794469
2407,0.21554741408204356
2408,0.23743625092980494
2409,0.2796781345366211
2410,0.3088474573483137
2411,0.3182793049030728
2412,0.3566882549378276
2413,0.38575066961070237
2414,0.3992325426076675
2415,0.3944069455457252
2416,0.41656447100443167
2417,0.41653987739215764
2418,0.42516869900189197
2419,0.42410235895411813
2420,0.42663777310779283
2421,0.42111806524908
2422,0.4412667274670229
2423,0.4454929584500585
2424,0.4411866748614725
2425,0.4532001583434081
2426,0.4766748195074046
2427,0.48759812653934703
2428,0.497704807210716
2429,0.4886573049639115
2430,0.4520748345360877
2431,0.4512048350662025
2432,0.45554302828256277
2433,0.46075787060376494
2434,0.49243619723278415
2435,0.49793912387148737
2436,0.4823994105203036
2437,0.5127374278726861
2438,0.5485676853367638
2439,0.5138227805949483
2440,0.5530748872631084
2441,0.5571541041077976
2442,0.5457605316266897
2443,0.5572498713752375
2444,0.4855875445054283
2445,0.48676661524265735
2446,0.4599606230918727
2447,0.5461813180846873
2448,0.513204224903208
2449,0.5741894200820205
2450,0.6961852017998131
2451,0.6942341918068962
2452,0.7311415848739452
2453,0.7217805048086708
2454,0.6873334581294065
2455,0.7221760054512906
2456,0.6906320037252075
2457,0.7190855353487947
2458,0.7451468750365139
2459,0.7656914906054989
2460,0.3626610987334131
2461,0.16537210594939925
2462,0.1192973473906549
2463,0.11367502144142606
2464,0.15113502543445653
2465,0.16159712587390257
2466,0.1917979117064366
2467,0.20458434991368465
2468,0.25538741149521427
2469,0.2974124868444468
2470,0.28861845695186883
2471,0.3207999878966761
2472,0.3074739837856681
2473,0.35633918000442455
2474,0.35856635145593857
2475,0.3630808130495786
2476,0.4077234074223551
2477,0.4256854182306428
2478,0.4174092877911222
2479,0.4229575004994392
2480,0.4317593670220222
2481,0.4705564482120861
2482,0.4961329119743439
2483,0.46577009585438117
2484,0.46269202354600925
2485,0.47837652401826175
2486,0.48962116371987524
2487,0.4863902956679401
2488,0.48969809576902984
2489,0.47415650968226214
2490,0.45787355423860165
2491,0.4936824656193073
2492,0.47055411696556754
2493,0.47835955870307206
2494,0.4673287271477748
2495,0.47607192773388396
2496,0.5138762889941629
2497,0.5825693133729521
2498,0.5857174651608203
2499,0.615043997865986
2500,0.618595796357863
2501,0.608307066797953
2502,0.6444415617104668
2503,0.6849571165036173
2504,0.6635424541035988
2505,0.6673062092357014
2506,0.6609168514086013
2507,0.615198290249565
2508,0.5642405061354756
2509,0.5118602733996993
2510,0.5767501732869073
2511,0.5171504437835639
2512,0.5500702427076557
2513,0.7019895085152024
2514,0.7262073925885717
2515,0.7078511519973225
2516,0.7230728609362527
2517,0.7294146209184416
2518,0.7067320657077661
2519,0.7641987072330375
2520,0.3792410320335601
2521,0.2526950572556969
2522,0.14995193225206857
2523,0.12608623856338924
2524,0.14343745298924498
2525,0.1608218229772923
2526,0.17465523498847402
2527,0.19162664423168616
2528,0.2244018515536983
2529,0.22982400110184276
2530,0.22695913238327306
2531,0.24821210288162082
2532,0.28626558748614994
2533,0.320004118087253
2534,0.35758215289786877
2535,0.3973139377062902
2536,0.4527425329559016
2537,0.4445694691186059
2538,0.42891771716535404
2539,0.44768780675505765
2540,0.4466399505418884
2541,0.4757605063744248
2542,0.4860569418366623
2543,0.44349368126508515
2544,0.4831840113702585
2545,0.5207060905473617
2546,0.49567584518949914
2547,0.5020819751337964
2548,0.5217041666655203
2549,0.48854570949760073
2550,0.5082395025169435
2551,0.5255432045034608
2552,0.5390697996891337
2553,0.5750010518406371
2554,0.5989463078691982
2555,0.6195410067531949
2556,0.6109460002526993
2557,0.6161351432347733
2558,0.6388574533420526
2559,0.6450083866157625
2560,0.6111967101479941
2561,0.6081344553425462
2562,0.6428605374668936
2563,0.6430589382709339
2564,0.6588080269427691
2565,0.6967096574297929
2566,0.6897795347625095
2567,0.6485362637782625
2568,0.6226076081415044
2569,0.6891878739316065
2570,0.6735560006770378
2571,0.678073466561958
2572,0.5555832973753093
2573,0.497182394441576
2574,0.6467159955269937
2575,0.7287631116967135
2576,0.7495243160949483
2577,0.6722086408311017
2578,0.6861652576682343
2579,0.7564079084961864
2580,0.3601580065271769
2581,0.34039528468447083
2582,0.32103374423877856
2583,0.21747147166066433
2584,0.1415747152364331
2585,0.15673179353020097
2586,0.1545980831061327
2587,0.16596573968387954
2588,0.18409590209855592
2589,0.19035786567741467
2590,0.2466771334487134
2591,0.2777370897719162
2592,0.28243340975031117
2593,0.29073324629428104
2594,0.39163037815307067
2595,0.4010262271138234
2596,0.4373167295636946
2597,0.4465369788506335
2598,0.453556755856465
2599,0.47303231793288464
2600,0.48622302306337745
2601,0.4894401524811529
2602,0.4545506988464985
2603,0.4755534731715954
2604,0.5107943529551534
2605,0.5280138677423223
2606,0.4724383990426352
2607,0.5084564915679483
2608,0.5694363313925151
2609,0.6069464228236066
2610,0.6104605669732992
2611,0.6247231681820662
2612,0.6245162654340899
2613,0.6271958590221348
2614,0.5962267490289095
2615,0.626544350483177
2616,0.4859369797340836
2617,0.2673043437501874
2618,0.3984931045993778
2619,0.25923109097943625
2620,0.12046200783530334
2621,0.2939180809215374
2622,0.29986578723421814
2623,0.4861928705453771
2624,0.40224957464717537
2625,0.44731538809735055
2626,0.5373299086726635
2627,0.4458061572419868
2628,0.22712670491196185
2629,0.4027620606054059
2630,0.6292061164904229
2631,0.6747284936942083
2632,0.6997672869125255
2633,0.6467958314467929
2634,0.49659754418569285
2635,0.6155335045016722
2636,0.7022779711539174
2637,0.5984722877812384
2638,0.576688672714589
2639,0.6527131866829011
2640,0.31705971692504076
2641,0.2922350233389722
2642,0.3155562499409567
2643,0.3917394885359277
2644,0.33846272480015566
2645,0.19016649767742128
2646,0.16777385924505242
2647,0.17441029236935535
2648,0.16991329767966232
2649,0.18544145368046436
2650,0.18034089866122824
2651,0.22932446090413955
2652,0.26608855395333897
2653,0.2511172379375522
2654,0.30421418261991884
2655,0.40669814242496494
2656,0.4464241645789519
2657,0.4365420039789036
2658,0.4483658767294211
2659,0.4835555478452848
2660,0.506259906400135
2661,0.49321472892331947
2662,0.48961105811932926
2663,0.5221628863861831
2664,0.5636512614644119
2665,0.5400055066493941
2666,0.5551318622814007
2667,0.6177202358016839
2668,0.6304353890780217
2669,0.6534499569890154
2670,0.6509236224680521
2671,0.6223543200661107
2672,0.5851292195319118
2673,0.4905493566342306
2674,0.40141826054586777
2675,0.13681649998598278
2676,0.12198123529912025
2677,0.060428361550332606
2678,0.13638394812539217
2679,0.09508732595868845
2680,0.10362374975765723
2681,0.12239797599495822
2682,0.12931255222359522
2683,0.14159118944791965
2684,0.09462804051215631
2685,0.14263847538035
2686,0.19063358726596324
2687,0.16916196062617075
2688,0.1485870676315046
2689,0.17480408121438978
2690,0.4656085517722366
2691,0.5974923210821483
2692,0.6400156503631965
2693,0.7144599130518201
2694,0.7119750059912695
2695,0.6901666001741783
2696,0.536887970350684
2697,0.4865580063787131
2698,0.3337225276484755
2699,0.3406293832087076
2700,0.22334924958838587
2701,0.17404972491321566
2702,0.1544943982859294
2703,0.18583630675992932
2704,0.38628178695514087
2705,0.42044878366831856
2706,0.21961784489996114
2707,0.1615507320627894
2708,0.1560192234636461
2709,0.21071127681815574
2710,0.19370579763575962
2711,0.19204662919610466
2712,0.24293878849206535
2713,0.21709233511612758
2714,0.23277176106795724
2715,0.40167186279618455
2716,0.43818135650361817
2717,0.4444491372586903
2718,0.40191712622098485
2719,0.49777731929742364
2720,0.529747140828167
2721,0.5253865095670435
2722,0.5293832004960615
2723,0.5492196940855644
2724,0.5735276976370925
2725,0.6320528655030675
2726,0.62895354307894
2727,0.6359999566974933
2728,0.6209888773616228
2729,0.5107022569136358
2730,0.22566784828453934
2731,0.17109533491489576
2732,0.11437872413134485
2733,0.1187374175102473
2734,0.1001490610578594
2735,0.10169737809711876
2736,0.12390097183553812
2737,0.11687343877560706
2738,0.12478844824786613
2739,0.11891212407930438
2740,0.13018654817357986
2741,0.1508234291781731
2742,0.16965309028905515
2743,0.14756914355205583
2744,0.13526893086642047
2745,0.14895762324568926
2746,0.19788728903790087
2747,0.20031610036510353
2748,0.24181618947070577
2749,0.2920008585901406
2750,0.3195285752681322
2751,0.30126138853636236
2752,0.5012719692995228
2753,0.6788681485615401
2754,0.5821515775784005
2755,0.6737356102929943
2756,0.4021607100966587
2757,0.3026305900116585
2758,0.34878282570045593
2759,0.21352852824282328
2760,0.1693802438713381
2761,0.1915922543356533
2762,0.18790651593782823
2763,0.16929712464990646
2764,0.2740094217370778
2765,0.3923336980382379
2766,0.43076648281073043
2767,0.3628773330616931
2768,0.21394594970728056
2769,0.26800212700659704
2770,0.33938854496002596
2771,0.2956962562305959
2772,0.3188508471538493
2773,0.31143046964409277
2774,0.3873657861840003
2775,0.4434142238627766
2776,0.4747652401405282
2777,0.48419551327894345
2778,0.5177806807949955
2779,0.5462496949241792
2780,0.5320862712341092
2781,0.5463020174481299
2782,0.6087990009149916
2783,0.6508753671354246
2784,0.6275782728436585
2785,0.6381370409693219
2786,0.6388580203485171
2787,0.5901606576308974
2788,0.4664837825600757
2789,0.20875440291952482
2790,0.11044789254305512
2791,0.08418011662080908
2792,0.11323400558200888
2793,0.12224643260029384
2794,0.12305220903619311
2795,0.14642459390021345
2796,0.13546720547983654
2797,0.17328465565692408
2798,0.17690895701267478
2799,0.18090191403867822
2800,0.17436808784196842
2801,0.17833292961722605
2802,0.1863261165550133
2803,0.20824003050698098
2804,0.20669041050822518
2805,0.23740916972431636
2806,0.25243914471419254
2807,0.27202131360799936
2808,0.29462550419281136
2809,0.2969988744788444
2810,0.29465367427650124
2811,0.3428251982913311
2812,0.3646867275272948
2813,0.37008874642956463
2814,0.55850286585613
2815,0.36290618768956145
2816,0.17879093111703828
2817,0.14282964723037972
2818,0.15844567804877105
2819,0.21091192457747118
2820,0.18571074568895052
2821,0.18916028047714722
2822,0.21575242896621064
2823,0.2646167941210136
2824,0.27708664209816536
2825,0.40535716559697266
2826,0.4400494153246927
2827,0.4706740810021035
2828,0.42375371626888
2829,0.4104588658535583
2830,0.41151296968566214
2831,0.39623597260652704
2832,0.42925577331387516
2833,0.4768303023601365
2834,0.493377752494146
2835,0.5086820839897318
2836,0.5062930174694108
2837,0.5097198726187743
2838,0.5469856367553676
2839,0.5382663563522281
2840,0.5630487047241597
2841,0.6449892349388427
2842,0.6202545113759644
2843,0.6110892691564844
2844,0.6292260712902656
2845,0.5381739447883226
2846,0.339620986733854
2847,0.4210584078482878
2848,0.29939222641582564
2849,0.1202377910472107
2850,0.1465058694282232
2851,0.15259509014972572
2852,0.13587953303593364
2853,0.11408542238651748
2854,0.12660974201525876
2855,0.1278088918593765
2856,0.12914570042809798
2857,0.13004426655479479
2858,0.1183519515922329
2859,0.16815719608410754
2860,0.1766460399838898
2861,0.1851245477014877
2862,0.21809231544360047
2863,0.20685997131790662
2864,0.21258355046027808
2865,0.23513277047572814
2866,0.28446150460650904
2867,0.3080792158452734
2868,0.24459249395233523
2869,0.19075031696941366
2870,0.25685629428461254
2871,0.3243894124651835
2872,0.32394286521560045
2873,0.33026048989729956
2874,0.36910660456126676
2875,0.2433525937610576
2876,0.1594420979926498
2877,0.0863110015193399
2878,0.17802674003948946
2879,0.2883340528058602
2880,0.19781093424499907
2881,0.16996869777271212
2882,0.19460155812313965
2883,0.2525934393055077
2884,0.2363254322288566
2885,0.36898060354086865
2886,0.3554101289188762
2887,0.4541458285795162
2888,0.45607827629155456
2889,0.46702780478897626
2890,0.46375410179244825
2891,0.435665952419672
2892,0.4957309319845785
2893,0.4999311998572036
2894,0.5276220881606547
2895,0.5405315594600015
2896,0.5262504920691369
2897,0.5081684097768622
2898,0.5417347312768002
2899,0.5781069460586089
2900,0.6253545573636118
2901,0.6457883174007215
2902,0.6400622552809903
2903,0.3879042401984647
2904,0.2378652679005036
2905,0.1616452060969606
2906,0.0784026500862685
2907,0.12962891625104217
2908,0.07438570485974688
2909,0.12990004467633093
2910,0.13466234753167208
2911,0.12119626307061278
2912,0.12952420096664571
2913,0.11205228272899875
2914,0.11838019973413938
2915,0.1334126491567225
2916,0.10997975762034082
2917,0.11837523365026337
2918,0.14183237234805512
2919,0.15295058639049522
2920,0.1583566615899863
2921,0.17387574989181967
2922,0.1914046794169373
2923,0.186637531058926
2924,0.139990481578605
2925,0.20328695036501648
2926,0.27638071296322037
2927,0.24678606505094244
2928,0.19934372426475053
2929,0.19535309107882842
2930,0.19799649084004342
2931,0.1806712759702335
2932,0.18089036562956748
2933,0.23502882864900687
2934,0.22192829512504983
2935,0.15033447993173768
2936,0.16534432380339734
2937,0.1800753212164119
2938,0.25135839849567754
2939,0.29403342972870916
2940,0.13381372959722287
2941,0.13410171803529866
2942,0.14952273804794186
2943,0.22492347164469073
2944,0.24771486310092922
2945,0.3492564213839985
2946,0.3636675635084326
2947,0.3386240291265991
2948,0.4391708450687274
2949,0.47540341954657267
2950,0.4644940259249815
2951,0.49125530986361876
2952,0.4855051809999896
2953,0.5094787932516636
2954,0.5279054168508209
2955,0.5113711378032558
2956,0.5349085708917167
2957,0.5282675455969322
2958,0.6202834512287313
2959,0.6044653077443086
2960,0.6282718556608585
2961,0.43646973896781316
2962,0.18131271462013732
2963,0.1416555417470089
2964,0.07855469128251971
2965,0.12436148575106686
2966,0.08933518902229451
2967,0.11717680108529978
2968,0.10661413160304205
2969,0.0849181875751485
2970,0.08850816134381344
2971,0.10081596749220537
2972,0.10520084675120163
2973,0.11469916079341075
2974,0.10697074449583664
2975,0.08205811567125282
2976,0.1124106860030615
2977,0.12837069837096304
2978,0.14478649423670284
2979,0.1650107561536226
2980,0.16443001142226518
2981,0.1486936659912474
2982,0.1875107174280512
2983,0.17888577323662483
2984,0.12436197559634155
2985,0.07983995321727161
2986,0.19597785732692458
2987,0.20005309130418858
2988,0.17746454113837906
2989,0.20072906678700544
2990,0.17375416624150067
2991,0.10789994468647669
2992,0.12209759968594598
2993,0.12218889494492581
2994,0.18814727987895316
2995,0.28392099783367997
2996,0.27592306397084576
2997,0.217866560884538
2998,0.3246161480920091
2999,0.32666921525579207
3000,0.11099537497140184
3001,0.11875729314303196
3002,0.1440676736671072
3003,0.20214686326334574
3004,0.2699907710676263
3005,0.3449270283181414
3006,0.3458898605106942
3007,0.15863866937584747
3008,0.4164099232851331
3009,0.4497021513894681
3010,0.4312599267585952
3011,0.4771262406299341
3012,0.44121480790995554
3013,0.5124865608427327
3014,0.5185676079048271
3015,0.5232169851575083
3016,0.5641246850949377
3017,0.6161361067861745
3018,0.6115982331954226
3019,0.5788550280520656
3020,0.29816420202523536
3021,0.08082254885704955
3022,0.0671152945356116
3023,0.08770803623103367
3024,0.1041611784549463
3025,0.11998196600641715
3026,0.09742442373081213
3027,0.1091733426701903
3028,0.10604001751383534
3029,0.10861257055454224
3030,0.0918457339666181
3031,0.11098240834226765
3032,0.09283069567766827
3033,0.11910564371639921
3034,0.11941645096195162
3035,0.11618209775474352
3036,0.14769735161420033
3037,0.10563187748279902
3038,0.10255257043687314
3039,0.1495193539404619
3040,0.11872763029170542
3041,0.13976594892861666
3042,0.1437883872525661
3043,0.17772875699689325
3044,0.1843583573331024
3045,0.15826231053588552
3046,0.20196935361577076
3047,0.2523332404027179
3048,0.27076591008611645
3049,0.21750080314354672
3050,0.16067443728526268
3051,0.1849587757395569
3052,0.3027397715167894
3053,0.28585425609001985
3054,0.31067385965112837
3055,0.23525223451806168
3056,0.27896162831527965
3057,0.37895653887103314
3058,0.4182746931480972
3059,0.3455136513010985
3060,0.1104247847898649
3061,0.11395064543617747
3062,0.12770913764097575
3063,0.16474149593676904
3064,0.2661521257645877
3065,0.32245071749470394
3066,0.33737469228935757
3067,0.21189498389198713
3068,0.345016068228204
3069,0.4578657906296636
3070,0.4530303993363854
3071,0.4853151168365585
3072,0.44379871951354727
3073,0.5087658298282468
3074,0.5406077255281254
3075,0.5719197961695295
3076,0.6176525285661503
3077,0.6503700376015797
3078,0.5882087484939201
3079,0.2171548726108404
3080,0.14372275910224985
3081,0.07096707056927513
3082,0.08073481660053394
3083,0.07960579084599712
3084,0.08513980085345771
3085,0.09803433790986932
3086,0.11649216924767827
3087,0.1251393995924609
3088,0.11237819079517589
3089,0.105484254772583
3090,0.0837193015151897
3091,0.11336741953128786
3092,0.11524100808561824
3093,0.12377968724658256
3094,0.11963716189690428
3095,0.13610088435239123
3096,0.13039028578508421
3097,0.11885359130373885
3098,0.0986495020672239
3099,0.0998490379781711
3100,0.1253727976159558
3101,0.032567403284001824
3102,0.015991932077829
3103,0.11236037668299284
3104,0.1388800611732007
3105,0.15583064687157278
3106,0.18262044714039208
3107,0.26798837250372654
3108,0.2788239141933718
3109,0.26340382425022196
3110,0.20675295350805345
3111,0.2804582199712956
3112,0.2628503005100345
3113,0.2025979052235345
3114,0.18490054334159042
3115,0.17387108347531147
3116,0.3187165030385471
3117,0.42558252755838266
3118,0.3966293776661416
3119,0.381572148399146
3120,0.10331255913902908
3121,0.11590443759195049
3122,0.15790410567779753
3123,0.19590683815228718
3124,0.24669816326443939
3125,0.21528950022132118
3126,0.31279418687596716
3127,0.3596246624740723
3128,0.3857976636883921
3129,0.4490128524298453
3130,0.506110170860624
3131,0.47397871920621626
3132,0.4888199361454512
3133,0.49847190425950977
3134,0.5129667464486111
3135,0.599566141656869
3136,0.5740983117481794
3137,0.3454208321513172
3138,0.22502988740794838
3139,0.0086193003754752
3140,0.03575927762059963
3141,0.0483074280919816
3142,0.08494280361150214
3143,0.07721104054413667
3144,0.09620445620473796
3145,0.10336094986995085
3146,0.10451348802155645
3147,0.1061185287421548
3148,0.10993747845753808
3149,0.12001321609279321
3150,0.11429102427036558
3151,0.10379554104004723
3152,0.10230216858562326
3153,0.10031078958782406
3154,0.1101211596627579
3155,0.11261318937713222
3156,0.10076082643453822
3157,0.10615582706495394
3158,0.11191806506317803
3159,0.11775708963140853
3160,0.11592725470100393
3161,0.11483470538381926
3162,0.10053199762718311
3163,0.10630686570800418
3164,0.11542015679845813
3165,0.12532724075489843
3166,0.18834116725970124
3167,0.24445375776040937
3168,0.25628901536839704
3169,0.23585140341384328
3170,0.2081701742083607
3171,0.22080791022749047
3172,0.1433932659288496
3173,0.15052636836071162
3174,0.21596778887301216
3175,0.31789891530420145
3176,0.35106466094077377
3177,0.4036221712475921
3178,0.39066719201273853
3179,0.3248140656485282
3180,0.12040499243808869
3181,0.12591747711603554
3182,0.19178448587537972
3183,0.34157546572686376
3184,0.24686440373278315
3185,0.25892988904734665
3186,0.284064309848492
3187,0.326424564932767
3188,0.360302919890342
3189,0.3735265478935541
3190,0.4198223445997157
3191,0.4660120332505825
3192,0.4804554672960831
3193,0.5460402928208816
3194,0.6045703331501814
3195,0.574994652438533
3196,0.469492649781552
3197,0.0944021263382047
3198,0.01495053881554128
3199,0.010349364893266752
3200,0.029145022808411296
3201,0.05979660228297948
3202,0.07854255748650751
3203,0.08548548479578358
3204,0.09086803654761808
3205,0.08791563152645901
3206,0.08707001978212849
3207,0.08293760629030612
3208,0.06897049959095342
3209,0.07668924559390843
3210,0.105488905048812
3211,0.1095745881468924
3212,0.10804652013211327
3213,0.12970195773982884
3214,0.12763364109149344
3215,0.12635022683766856
3216,0.12057233315045457
3217,0.10366531534518837
3218,0.11650714353583333
3219,0.11037504268573584
3220,0.11998150941535515
3221,0.12285857180978398
3222,0.11472524115997364
3223,0.0993670530195891
3224,0.1171699694707377
3225,0.14333889600934518
3226,0.13765957800209944
3227,0.12220031171444976
3228,0.12227506294469301
3229,0.13407241627756783
3230,0.1891716565559812
3231,0.22192309707592156
3232,0.22744254534702693
3233,0.212671319759434
3234,0.2850007370230843
3235,0.28872252869964526
3236,0.35273573092307237
3237,0.3227903179580543
3238,0.3089759237533576
3239,0.2987285077902983
3240,0.1385744719039679
3241,0.13433804731180204
3242,0.1990975164716254
3243,0.2537452867746495
3244,0.25448964974109844
3245,0.2841749383839904
3246,0.30068236764777556
3247,0.27754440331364943
3248,0.33600382135780305
3249,0.3856824179708603
3250,0.4227825401782803
3251,0.48440018431911513
3252,0.5908500879822854
3253,0.5604020698407043
3254,0.5357672909150683
3255,0.5532157827041553
3256,0.21473263409948534
3257,0.013459426318381445
3258,0.026883132074675384
3259,0.05635157624027091
3260,0.06722795622556837
3261,0.07618386416299701
3262,0.08148636453662647
3263,0.09291987409440701
3264,0.0932876215176775
3265,0.08841925794257403
3266,0.1069521243044247
3267,0.09645924378626013
3268,0.09844915064623756
3269,0.08549689223682405
3270,0.09876877197904332
3271,0.11307526759064178
3272,0.10186969303486954
3273,0.11477405822213596
3274,0.10983361409247633
3275,0.11782658726887658
3276,0.12850290406466985
3277,0.10009806863729137
3278,0.12039726176348241
3279,0.11132334494435972
3280,0.12122718403908452
3281,0.1066915853225595
3282,0.11058989690243022
3283,0.07116408643982973
3284,0.0737932791588766
3285,0.058200507489590665
3286,0.054042195568950895
3287,0.1128862224244438
3288,0.1676287998315596
3289,0.21481102198912308
3290,0.23835370948939447
3291,0.2358674350144787
3292,0.25210940962347533
3293,0.22881037277989982
3294,0.19181930702221311
3295,0.20105982351974908
3296,0.30343815774329536
3297,0.3239390888048863
3298,0.34122801167798317
3299,0.3829093794737868
3300,0.12463052142962776
3301,0.12348008033850114
3302,0.1281116652547778
3303,0.28948737044867445
3304,0.3603542596700947
3305,0.48154103859037156
3306,0.3929883737128753
3307,0.3547926470551867
3308,0.3743464787931129
3309,0.4232093681888126
3310,0.525582368580111
3311,0.6065003204644998
3312,0.516551132269933
3313,0.4088840395257481
3314,0.4862397072170706
3315,0.22705920686962533
3316,-0.0008204509137254954
3317,0.02632212910621459
3318,0.02799696521513294
3319,0.07834478491592713
3320,0.05159506454479861
3321,0.05546696016240054
3322,0.061853532508485895
3323,0.055415355737221006
3324,0.08481585998285461
3325,0.0765991643262638
3326,0.07591745246133948
3327,0.07447019733431162
3328,0.06241939376352041
3329,0.08557249030989877
3330,0.08891968231053694
3331,0.10897103847742988
3332,0.09051717101744743
3333,0.09482213260926386
3334,0.10769103692874195
3335,0.10906370095725255
3336,0.10564096946622167
3337,0.10704070869954666
3338,0.11303626891214148
3339,0.10109716404055795
3340,0.10159049767244782
3341,0.08869458335143054
3342,0.07421920548035373
3343,0.1156532537313451
3344,0.11264105670463356
3345,0.08264923390426095
3346,0.10301301540121681
3347,0.17184785715843356
3348,0.18516463051349952
3349,0.18954596357213668
3350,0.22393002695085093
3351,0.24859687872339395
3352,0.2539293422623734
3353,0.14546091901481104
3354,0.18862077330605553
3355,0.2741754973251748
3356,0.26294121483795047
3357,0.2623399855562464
3358,0.2619137292705947
3359,0.24202594780965708
3360,0.11546458919862744
3361,0.11844967617518212
3362,0.12318798244028543
3363,0.15914487603948496
3364,0.19715998897790374
3365,0.19383321961465805
3366,0.21505934528015563
3367,0.44870665104654645
3368,0.4844877966901603
3369,0.5102559464463885
3370,0.5490063595892802
3371,0.5715940487714819
3372,0.5057581710946316
3373,0.44203686307802326
3374,0.19326336088314633
3375,0.05865250390987725
3376,0.048595189973436544
3377,0.0514633996969563
3378,0.05327161500484481
3379,0.06465887584878421
3380,0.040682070648963585
3381,0.04114962788037121
3382,0.05019127049815094
3383,0.03504166427313792
3384,0.06052958332956047
3385,0.05370931457743914
3386,0.06402362063096408
3387,0.044186676355706875
3388,0.04412184216978914
3389,0.06255725795678639
3390,0.0735761571164608
3391,0.08479817788542529
3392,0.07899364471256909
3393,0.08696138898237903
3394,0.09579692627010539
3395,0.05731266221976442
3396,0.08603244919356669
3397,0.08765799431757436
3398,0.09786328975848352
3399,0.09050517012051607
3400,0.09800444859850974
3401,0.10855034728393284
3402,0.101296684112256
3403,0.08847864220105718
3404,0.08851878693140565
3405,0.12341408469506475
3406,0.16028969899335208
3407,0.16372927815389507
3408,0.18622777354557768
3409,0.15143822530616124
3410,0.1686666592643096
3411,0.21613177299746472
3412,0.25241582690407927
3413,0.26440517487821874
3414,0.236217769393335
3415,0.25586573180681327
3416,0.23916859336772728
3417,0.2667048144150624
3418,0.27494748773712085
3419,0.26598011796270854
3420,0.10938558951515423
3421,0.11061968983151856
3422,0.17175189029466162
3423,0.17260671266569336
3424,0.25449823931902127
3425,0.35479823682928147
3426,0.3571645575179577
3427,0.4730240116003175
3428,0.5079604338804571
3429,0.5821760786789432
3430,0.43777576240176913
3431,0.2920222305723496
3432,0.37461587017278203
3433,0.2413487834684399
3434,0.11339867570732319
3435,0.04647166325738383
3436,0.08734131560488644
3437,0.048960663554082684
3438,0.040300015388264235
3439,0.013852627663120858
3440,0.019101239599024197
3441,0.05515975571482171
3442,0.07022538425565775
3443,0.06229872384121285
3444,0.05778745735484064
3445,0.05955281302724851
3446,0.07183144490964294
3447,0.04725185743396801
3448,0.052274210794459555
3449,0.07078041918086889
3450,0.08128115709200576
3451,0.07989536005606697
3452,0.07873021111660915
3453,0.08104574588381343
3454,0.08155916189365449
3455,0.09727785532134274
3456,0.0860977299861014
3457,0.10543402637843063
3458,0.08945043963619745
3459,0.0890471205537637
3460,0.09252756398713649
3461,0.09246624529035456
3462,0.09252272196398378
3463,0.10062268950597836
3464,0.10065098400214671
3465,0.08918547371826172
3466,0.11628366540420898
3467,0.14441151783919037
3468,0.14539057419682425
3469,0.19185356589640995
3470,0.18477629815468974
3471,0.16264625404770972
3472,0.19912421602660452
3473,0.2212784073660579
3474,0.1915131222104391
3475,0.21016200713914657
3476,0.20463658422257155
3477,0.24024436442377092
3478,0.1844012659752407
3479,0.20310986114955745
3480,0.11384989809647555
3481,0.10206188498870283
3482,0.15384398166359167
3483,0.12083078329685011
3484,0.1928406443999725
3485,0.241005905036627
3486,0.35810768386390174
3487,0.42375231920115075
3488,0.3926087635317074
3489,0.3168029962109356
3490,0.3400332253891238
3491,0.17722089638829863
3492,0.14650384913934414
3493,0.11539530956467509
3494,0.06396968610061737
3495,0.10170360139630896
3496,0.07634770916788744
3497,0.017309384305797045
3498,-0.02197055852193786
3499,0.010493199441690368
3500,0.04614662443535763
3501,0.04619220339822539
3502,0.07088765763543546
3503,0.05239517836891041
3504,0.03846505888566597
3505,-0.0037562417304525405
3506,0.006915314452250382
3507,0.028981898933216232
3508,0.04190081521762218
3509,0.061732696189863503
3510,0.04545221984715849
3511,0.061582993390807056
3512,0.06614616358524181
3513,0.06788429023151962
3514,0.08407708128297739
3515,0.08580006642987842
3516,0.0809733979864141
3517,0.07099222950351104
3518,0.08771705793275995
3519,0.10361471302431861
3520,0.09041363380797525
3521,0.0951332572943139
3522,0.07899771436940936
3523,0.09374394463846523
3524,0.06785783389733288
3525,0.08319447827361061
3526,0.11005591781039456
3527,0.12581135632395912
3528,0.136051273766306
3529,0.1617427976950382
3530,0.15247234060974177
3531,0.15266123232863912
3532,0.1334012645666249
3533,0.13729397732119714
3534,0.1519022782180364
3535,0.1711282504767603
3536,0.16096383889564844
3537,0.16394046291734934
3538,0.16130211664968663
3539,0.1536373852293158
3540,0.14123493429157563
3541,0.15033969720821297
3542,0.15385608657492872
3543,0.10203992100021665
3544,0.05109166948949413
3545,0.035514582886311534
3546,0.09048435986504592
3547,0.20472483348902207
3548,0.07915400319904523
3549,0.07879165872584185
3550,0.12317882579872609
3551,0.19883274454702635
3552,0.18858328357411586
3553,0.15302069718835618
3554,0.09462707941467866
3555,0.036922672420585625
3556,-0.017201381008759384
3557,-0.01987650691730196
3558,-0.002618727088714455
3559,0.04216385822411362
3560,0.05136894192573541
3561,0.037979731704012004
3562,0.0391799102177577
3563,0.011854863253955987
3564,0.01258968809699192
3565,0.024539107444343768
3566,0.04297022373089581
3567,0.05299476704910414
3568,0.03558842383008436
3569,0.030817737662407783
3570,0.046575550734805966
3571,0.05982172599157936
3572,0.05730394845113053
3573,0.05418658142050017
3574,0.05498648607934323
3575,0.050948496063355664
3576,0.07264478871060673
3577,0.0661637391857736
3578,0.060318127614054126
3579,0.07473897673928283
3580,0.07853930664926241
3581,0.09089452625376754
3582,0.08027390469549359
3583,0.05840238895223291
3584,0.057818790935777326
3585,0.0514881363215562
3586,0.06199781174392325
3587,0.0915202686316368
3588,0.11629132009456157
3589,0.07170868560109106
3590,0.0607877441284556
3591,0.09330532384052069
3592,0.09581570272718931
3593,0.08290607788839971
3594,0.09900063570565523
3595,0.1181440781871625
3596,0.11739534534958561
3597,0.12572295358157143
3598,0.13989748914971661
3599,0.15270445910020516
3600,0.14034453436790875
3601,0.18273671824633675
3602,0.166678495910984
3603,0.13579178937593112
3604,0.07827352801732121
3605,0.06066629289074111
3606,0.030348815300708345
3607,0.031853337620059125
3608,0.0780001923207504
3609,0.05180649537616079
3610,0.07410352349560484
3611,0.10857742966270846
3612,0.11680635165418533
3613,0.06237583244456931
3614,-0.014253794627337663
3615,-0.014770911467335638
3616,0.008076292612456317
3617,0.03245791757641033
3618,0.029503774688528352
3619,0.03832569195953115
3620,0.03823128161986893
3621,0.047562190433173154
3622,0.06821627046620872
3623,0.1247593482248158
3624,0.13461871645464074
3625,0.14393475931236088
3626,0.1431712137352537
3627,0.11825970410488064
3628,0.059321781131856176
3629,0.048029286635409785
3630,0.0387560743915514
3631,0.03933142068739622
3632,0.052537417516372475
3633,0.05487093996770017
3634,0.05468491367397429
3635,0.04879248176396254
3636,0.05044487198822842
3637,0.05260447937870588
3638,0.03239528642159929
3639,0.052746208162831966
3640,0.052036571973989226
3641,0.060352012223359106
3642,0.05358671150282005
3643,0.06246590832523862
3644,0.06598480598345514
3645,0.04724987418540882
3646,0.06457815077701029
3647,0.10699723600693734
3648,0.11422365583201347
3649,0.09779227643349457
3650,0.08297446032900159
3651,0.07793569801523682
3652,0.08259677194362174
3653,0.09773089288306976
3654,0.08618905061291451
3655,0.07934959356749101
3656,0.09241902043739669
3657,0.08835970163583995
3658,0.12971956117483796
3659,0.12367523043278504
3660,0.11167881470258506
3661,0.19623671466335074
3662,0.20692927205861034
3663,0.17755679469767854
3664,0.18032202789602178
3665,0.14972799943987908
3666,0.08251996717394068
3667,0.03663369749662619
3668,0.018419975891414312
3669,0.025445198958989414
3670,0.024016238333653406
3671,0.010129562621058522
3672,-0.006989932878713109
3673,0.016353387914505888
3674,-0.004300169112115867
3675,0.01919586405451568
3676,0.04818790745821764
3677,0.06612641764610075
3678,0.07302295751131094
3679,0.058341099430085516
3680,0.09113256531171116
3681,0.12741098318323354
3682,0.10315252298291577
3683,0.08631064765289216
3684,0.08435126935964028
3685,0.06309297187067706
3686,0.10235970215474519
3687,0.11684014469235683
3688,0.06499988395577902
3689,0.06973841722010306
3690,0.09590166467210023
3691,0.1002683348803417
3692,0.07490965435177133
3693,0.0555635336174044
3694,0.04918270724685422
3695,0.055897564397709223
3696,0.056772061685829024
3697,0.06828810906155147
3698,0.06819076145614521
3699,0.06361192861533638
3700,0.07994897400855223
3701,0.08591256000977858
3702,0.08899046590355215
3703,0.0998066836358398
3704,0.12049136335010105
3705,0.0972192607383203
3706,0.10607274492065523
3707,0.10746279681629582
3708,0.08136763976522991
3709,0.0662442683346017
3710,0.08291761895927657
3711,0.07260940994831575
3712,0.06993353609197403
3713,0.07630407333221123
3714,0.033468249212575636
3715,0.04180554664082327
3716,0.0711054008013347
3717,0.06118002007293999
3718,0.07688776945097504
3719,0.1094936678074753
3720,0.20308699534638833
3721,0.24117310949812468
3722,0.2910771587318334
3723,0.1952019469625565
3724,0.16344239035840602
3725,0.16149710829839095
3726,0.09907598994806795
3727,0.05931478655100843
3728,0.04343222449091562
3729,0.039914212375557256
3730,0.025873637873494042
3731,0.03518450811544664
3732,0.039447355504031216
3733,0.04009632149229508
3734,0.04926270635158143
3735,0.06483315714056646
3736,0.10824141608222114
3737,0.19195819634767766
3738,0.15167421605038411
3739,0.12291219916460286
3740,0.09863551239351376
3741,0.09578998514609716
3742,0.10035939878997327
3743,0.24789823711459755
3744,0.1462200610760952
3745,0.08778578003297291
3746,0.09420271511951295
3747,0.07445189129431848
3748,0.06276056537269817
3749,0.09832800511958255
3750,0.06864536364237066
3751,0.05554941266558555
3752,0.060751991108327755
3753,0.07307178191492311
3754,0.08551855515917976
3755,0.06316009964024488
3756,0.06177566585565779
3757,0.06251418065217247
3758,0.06519023806669452
3759,0.06017207161677369
3760,0.04080703266196861
3761,0.06998012320454639
3762,0.06755031501972651
3763,0.06475426731513634
3764,0.07336365279358192
3765,0.09573881839751315
3766,0.09642082339086673
3767,0.07993718696208443
3768,0.05691842547251259
3769,0.08962826825588018
3770,0.10632096029081672
3771,0.06056363556470962
3772,0.04842170180964833
3773,0.05221010836490306
3774,0.04895802978505139
3775,0.06172521574727786
3776,0.07916067922624342
3777,0.08563509617505799
3778,0.12376361133122102
3779,0.1314017265757271
3780,0.17879162253436373
3781,0.2878602546596648
3782,0.24730861252956043
3783,0.3005888942513091
3784,0.20168938185834123
3785,0.1170092084228537
3786,0.07843073478016312
3787,0.07072156111923268
3788,0.013883212473517604
3789,0.03289744107017624
3790,0.04554531797050616
3791,0.050662233040310325
3792,0.06154176147295054
3793,0.059269694108039554
3794,0.0669373225082001
3795,0.11206466038396261
3796,0.14702377513947845
3797,0.11126630445008923
3798,0.14277639323008975
3799,0.08352044622754011
3800,0.10067005346641887
3801,0.0683602422001987
3802,0.05844129034041387
3803,0.06860551230237293
3804,0.09885273091243538
3805,0.05590834973448057
3806,0.05825771265557749
3807,0.0667226669672016
3808,0.06263270204953393
3809,0.06517729405488591
3810,0.0693906882546036
3811,0.07991747731498941
3812,0.08488189887189326
3813,0.05939713666637036
3814,0.045177791336109406
3815,0.05494890813651927
3816,0.07591781767265846
3817,0.06959532145056553
3818,0.06218150144008227
3819,0.08154501897963215
3820,0.07123303314142145
3821,0.06655235295778233
3822,0.039622709783220154
3823,0.06744173393983864
3824,0.0816404892596339
3825,0.07720890687838107
3826,0.06720735474500976
3827,0.053106458525533105
3828,0.05032004369866115
3829,0.05840427385117119
3830,0.04196634644368696
3831,0.021428001866900175
3832,0.05167249013090606
3833,0.05361765395318739
3834,0.07039335441485356
3835,0.08345935843664663
3836,0.0962313798389023
3837,0.10769943609452205
3838,0.10455345714234861
3839,0.11959402800692633
