grid_id,urban
0,
1,
2,
3,
4,
5,
6,
7,0.0
8,0.0
9,0.0013793365845560233
10,0.005588977149049129
11,0.0
12,
13,
14,
15,
16,
17,
18,
19,
20,
21,
22,
23,0.10297508791906611
24,0.97751974383337
25,0.7854226795904096
26,0.36836477757939023
27,0.00011242805319394992
28,0.0
29,0.0
30,
31,
32,
33,
34,
35,
36,
37,
38,
39,
40,
41,
42,
43,
44,
45,
46,
47,
48,
49,0.0
50,0.0
51,0.0
52,0.0
53,0.0
54,3.4163370841790766e-05
55,0.0
56,
57,
58,
59,
60,
61,
62,
63,
64,
65,
66,
67,
68,
69,0.006019186067901915
70,0.0040141112467282445
71,0.0
72,
73,
74,
75,
76,
77,
78,
79,
80,
81,
82,
83,6.50612665793161
84,0.9338262760229654
85,0.8982702141745728
86,0.4740720987543692
87,0.14046062620828872
88,0.0
89,0.0
90,
91,
92,
93,
94,
95,
96,
97,
98,
99,
100,
101,
102,
103,
104,
105,
106,
107,
108,
109,0.0
110,0.0
111,0.001868506828796643
112,0.0
113,0.0
114,
115,
116,
117,
118,
119,
120,
121,
122,
123,
124,
125,
126,
127,
128,
129,0.0006340121299355391
130,0.0
131,0.0
132,
133,
134,
135,
136,
137,0.0
138,0.0
139,0.0
140,
141,0.0
142,0.0
143,3.048919643863419
144,1.4963778635836034
145,1.148458625687066
146,0.22231010099027884
147,0.7212405613389744
148,0.0
149,0.0
150,
151,
152,
153,
154,
155,
156,
157,
158,
159,
160,
161,
162,
163,
164,
165,
166,
167,
168,
169,0.0
170,0.0
171,0.00875379301430487
172,0.0
173,0.0
174,
175,
176,
177,
178,
179,0.0
180,
181,
182,
183,
184,
185,
186,
187,
188,
189,
190,
191,
192,
193,
194,
195,
196,
197,0.0
198,0.0
199,0.0
200,
201,0.0
202,0.0
203,0.7064047891896668
204,0.880259655211857
205,0.41891284524962363
206,0.3070760418718113
207,0.7598003011462402
208,0.0
209,0.0
210,
211,
212,
213,
214,
215,
216,
217,
218,
219,
220,
221,
222,
223,
224,
225,
226,
227,
228,
229,0.0
230,0.00031684857343532483
231,8.937957160774291e-07
232,
233,
234,
235,
236,
237,
238,
239,0.0
240,
241,
242,
243,
244,
245,
246,
247,
248,
249,0.0
250,0.004765211746817449
251,0.0
252,
253,
254,
255,0.0
256,0.0
257,0.5193377115748504
258,1.4699945737673723
259,0.7683656208811384
260,0.10645277942248375
261,0.0
262,0.0
263,0.22258128406889455
264,0.7285048025775689
265,0.5186411298637337
266,0.37594855218229184
267,2.6619465266432634e-05
268,0.0
269,0.0
270,
271,
272,
273,
274,
275,
276,
277,
278,
279,
280,
281,
282,
283,
284,
285,
286,
287,0.0
288,0.0
289,0.0
290,0.0029751585343191526
291,0.0018308449433926425
292,0.0
293,
294,
295,
296,
297,0.0
298,0.0
299,1.059116814657337e-06
300,
301,
302,
303,
304,
305,
306,
307,
308,
309,0.0
310,0.0
311,0.0
312,
313,
314,
315,0.0
316,0.0
317,2.9474203967079977
318,0.8771550300674132
319,1.3220439497239411
320,0.7335056493202211
321,0.0
322,0.0
323,0.08084835797996252
324,0.29277253252716423
325,0.30994633984471937
326,0.20549505601845738
327,0.0
328,0.0
329,
330,
331,
332,
333,
334,
335,
336,
337,
338,
339,
340,
341,
342,
343,
344,
345,
346,
347,
348,0.0
349,4.367936656739941e-05
350,0.0
351,0.0
352,0.0
353,
354,
355,
356,
357,
358,0.0
359,9.667215616330981e-05
360,
361,
362,
363,
364,
365,
366,
367,
368,
369,
370,
371,
372,
373,
374,
375,
376,0.7249819463894308
377,2.7917902950732456
378,0.44993980096995473
379,1.4723259328468967
380,0.43664152324280864
381,0.5214873640537886
382,0.18042752566952153
383,0.06058173283632904
384,0.24423716097156745
385,0.19184609138361775
386,0.0
387,0.0
388,0.0
389,
390,
391,
392,
393,
394,
395,
396,
397,
398,
399,
400,
401,
402,
403,
404,
405,
406,
407,
408,0.0
409,0.016037716867395403
410,0.0
411,
412,
413,
414,
415,
416,
417,
418,0.0
419,7.486032001957203e-06
420,
421,
422,
423,
424,
425,
426,
427,
428,0.0
429,0.0
430,0.0
431,0.0
432,0.0
433,
434,0.0
435,0.0
436,2.3512632886397604
437,1.3776947402935227
438,0.6612269905358875
439,0.9548276345100262
440,1.574850745906869
441,0.6066631617186816
442,0.14421715718244105
443,0.20675148333556778
444,0.8917445590688148
445,0.00041450419816074194
446,0.0
447,0.0
448,0.0
449,
450,
451,
452,
453,
454,
455,
456,
457,
458,
459,
460,
461,
462,
463,
464,
465,
466,
467,
468,0.0
469,0.0
470,0.0
471,
472,
473,
474,
475,
476,
477,
478,0.0
479,0.0
480,
481,
482,
483,
484,
485,
486,
487,
488,6.2065751819677255e-06
489,0.0
490,0.0
491,0.00024930127414350684
492,0.0
493,
494,0.0
495,2.649547116526958e-06
496,3.5057323148608814
497,0.42125987985547136
498,0.39372231697683396
499,1.0486003583485235
500,0.6578081694132182
501,1.1076570287915828
502,0.9387939680832943
503,0.30166436116731443
504,0.0
505,0.0
506,0.0
507,
508,
509,
510,
511,
512,
513,
514,
515,
516,
517,
518,
519,
520,
521,
522,
523,
524,
525,
526,
527,
528,0.0
529,0.0
530,0.0
531,
532,
533,
534,
535,
536,
537,
538,0.0
539,3.179478917108588e-05
540,
541,
542,
543,
544,
545,
546,0.0
547,0.0
548,0.00021798725734526334
549,0.006357708119081632
550,0.0
551,0.0005125648253243054
552,0.0
553,
554,0.0
555,0.438698813893191
556,2.797987274119042
557,1.961560538072578
558,2.2966089856455123
559,1.1905957709062884
560,1.1270067024827508
561,1.4015783185247113
562,1.5160851397770667
563,0.8901930711895192
564,0.0
565,0.0
566,0.0
567,
568,
569,
570,
571,
572,
573,
574,
575,
576,
577,
578,
579,
580,
581,
582,
583,
584,
585,
586,0.0
587,0.0
588,4.121832647815458e-06
589,0.009265378378060516
590,0.0
591,
592,
593,
594,
595,
596,
597,
598,0.0
599,2.2514584494980824e-06
600,
601,
602,
603,
604,
605,
606,0.0
607,0.0
608,0.0
609,0.0008503405300126984
610,1.3485929984488953e-05
611,0.0
612,0.0
613,0.0
614,0.0
615,1.3145425806793058
616,0.8992117714476386
617,1.7254677938172696
618,3.713627664622555
619,2.968275298235546
620,1.5378835731462803
621,0.7140987617513985
622,1.032009369205251
623,0.8861037125621969
624,0.0
625,
626,
627,
628,
629,
630,
631,
632,
633,
634,
635,
636,
637,
638,
639,
640,
641,
642,
643,
644,
645,
646,0.0
647,0.0
648,0.0
649,0.0
650,0.0
651,0.0
652,
653,
654,
655,
656,
657,0.0
658,0.0
659,2.086128645499582e-06
660,
661,
662,
663,
664,
665,
666,0.0
667,0.0
668,0.00016335197901441397
669,0.0003789929542777934
670,0.0
671,
672,0.0
673,0.0
674,0.6928378992686364
675,0.8360792997453368
676,0.48338136461916065
677,0.4251144201961019
678,0.29605337446669683
679,1.3314636684728234
680,1.713644628773913
681,0.6793769542228888
682,1.1229163983108856
683,1.4980111766172421
684,0.0
685,0.0
686,
687,
688,
689,
690,
691,
692,
693,
694,
695,
696,
697,
698,
699,
700,
701,
702,
703,
704,
705,
706,
707,0.0
708,0.0
709,0.16303218266324468
710,0.001196086280407239
711,0.0
712,
713,
714,
715,
716,
717,0.0
718,2.990499399571057e-05
719,0.0
720,
721,
722,
723,
724,
725,
726,0.0
727,0.0
728,0.0
729,0.0
730,0.0
731,
732,0.0
733,0.020416795665347282
734,1.2738358192732944
735,0.5335615216111722
736,0.6918829097628081
737,1.7484249225045971
738,0.6448437856291789
739,0.29258962156017804
740,1.299674242715847
741,0.6109331482052243
742,0.9159447864564592
743,0.9405357340084544
744,0.06441334098529436
745,0.0
746,
747,
748,
749,
750,
751,
752,
753,
754,
755,
756,
757,
758,
759,
760,
761,
762,
763,
764,
765,
766,
767,0.0
768,0.0
769,0.009449916026122069
770,0.0023171152887194475
771,0.0
772,0.0
773,0.0
774,
775,
776,
777,0.0
778,0.0
779,1.1512752661566064e-06
780,
781,
782,
783,
784,
785,
786,0.0
787,0.0
788,0.0
789,0.0
790,
791,0.0
792,0.0
793,1.8961614397088433
794,1.2483685700210436
795,0.3876884918649612
796,0.843096569318103
797,0.8359813838424237
798,1.4002747135080673
799,4.448790626332954
800,0.9832718015190548
801,0.9364966484910355
802,1.3867140039970673
803,1.3868034620689662
804,1.9393993032589723
805,0.0
806,
807,
808,
809,
810,
811,
812,
813,
814,
815,
816,
817,
818,
819,
820,
821,
822,
823,
824,
825,
826,
827,0.0
828,0.0
829,0.012636775041569988
830,0.0
831,0.0
832,0.0
833,0.0
834,
835,
836,
837,0.0
838,0.0
839,3.666353484666578e-06
840,
841,
842,
843,
844,
845,
846,
847,
848,
849,
850,
851,0.0
852,0.0
853,1.5743408470471405
854,0.4751103783498637
855,0.5900201370008687
856,0.7724247556748831
857,0.6352899704113195
858,1.2101779681700267
859,2.8219915960257715
860,0.6788889678313482
861,0.414248975740682
862,0.8140977792558077
863,1.053705491979659
864,3.833850816060257
865,0.0
866,
867,
868,
869,
870,
871,
872,
873,
874,
875,
876,
877,
878,
879,
880,
881,
882,
883,
884,
885,
886,
887,0.0
888,0.0
889,0.005932245976701368
890,0.0026092422160109404
891,0.0
892,0.0
893,0.0
894,0.0
895,
896,
897,0.0
898,0.0
899,0.0
900,
901,
902,
903,
904,
905,
906,
907,
908,
909,
910,
911,0.0
912,0.0
913,0.6701004028726182
914,0.41911359252744845
915,0.7925499450066823
916,0.4930281005265646
917,0.45082010734897965
918,0.6063104082335955
919,0.573975601729626
920,0.33995205294927816
921,0.4525331810953617
922,0.45172158612019536
923,0.4923022995864269
924,0.1411214053343441
925,0.0
926,
927,
928,
929,
930,
931,
932,
933,
934,
935,
936,
937,
938,
939,
940,
941,
942,
943,
944,
945,
946,
947,0.0
948,0.0
949,0.0007224402148666019
950,0.00040052587648064624
951,0.0
952,0.0
953,0.0
954,0.0
955,
956,
957,
958,0.0
959,0.0
960,
961,
962,
963,
964,
965,
966,
967,
968,
969,
970,
971,0.0
972,0.11663597050763778
973,0.21886462645999813
974,0.4690078302271439
975,0.9702284453816944
976,0.598013082290661
977,0.3954750617624373
978,0.3347676301621163
979,0.39238398521058676
980,0.28182849649176234
981,0.4261345638955876
982,0.24446254892291147
983,0.6152554030617345
984,0.2978094049342829
985,0.0
986,0.0
987,
988,
989,
990,
991,
992,
993,
994,
995,
996,
997,
998,
999,
1000,
1001,
1002,
1003,
1004,
1005,
1006,
1007,
1008,
1009,
1010,0.0030629808978361473
1011,0.0
1012,0.0
1013,
1014,
1015,
1016,
1017,
1018,0.0
1019,0.0017414410254583076
1020,
1021,
1022,
1023,
1024,
1025,
1026,
1027,
1028,
1029,0.0
1030,0.0
1031,0.0
1032,0.24455971926772396
1033,0.17724074344678586
1034,0.6764887012467119
1035,0.6803368429808979
1036,0.42290339594056553
1037,0.37272779753882923
1038,0.28898055546708873
1039,0.6640093810581733
1040,0.4125928430945387
1041,0.5196491835631027
1042,0.24300343501884808
1043,0.3955976661124595
1044,0.1676089420461397
1045,0.0
1046,0.0
1047,
1048,
1049,
1050,
1051,
1052,
1053,
1054,
1055,
1056,
1057,
1058,
1059,
1060,
1061,
1062,
1063,
1064,
1065,
1066,
1067,
1068,
1069,
1070,0.0
1071,4.985721401505329e-05
1072,0.0
1073,
1074,
1075,
1076,
1077,
1078,0.0
1079,0.012231457241947387
1080,
1081,
1082,
1083,
1084,
1085,
1086,
1087,
1088,
1089,0.0
1090,0.0
1091,0.41048891900600887
1092,0.27551304402436244
1093,0.24526766202517666
1094,0.8357755675689568
1095,0.479464520645252
1096,0.5659614239068553
1097,0.7019395442597467
1098,0.30947391739656643
1099,0.3393960758066175
1100,0.4618351684712671
1101,0.20239237006782143
1102,0.15473815501634788
1103,0.3272284472528708
1104,0.22149846683703409
1105,0.0
1106,0.0
1107,
1108,
1109,
1110,
1111,
1112,
1113,
1114,
1115,
1116,
1117,
1118,
1119,
1120,
1121,
1122,
1123,
1124,
1125,
1126,
1127,
1128,
1129,
1130,0.0
1131,0.0
1132,0.0
1133,0.0
1134,0.0
1135,0.0
1136,0.0
1137,0.0
1138,0.0
1139,0.09703182638476825
1140,
1141,
1142,
1143,
1144,
1145,
1146,
1147,
1148,
1149,
1150,0.000914040851065541
1151,0.4496299929966645
1152,0.38042160757023064
1153,0.7381662806930704
1154,0.45596793225688864
1155,0.39614546714626636
1156,0.42869122927612374
1157,0.496714659594045
1158,0.43011010563515195
1159,0.3549639141744162
1160,0.507352252763023
1161,0.10753944280677263
1162,0.24278830846556648
1163,0.3812342493638024
1164,0.7685563337235941
1165,0.13872665461804584
1166,0.00774111418412057
1167,
1168,
1169,
1170,
1171,
1172,
1173,
1174,
1175,
1176,
1177,
1178,
1179,
1180,
1181,
1182,
1183,
1184,
1185,
1186,
1187,
1188,
1189,
1190,
1191,0.0
1192,0.01060322521641059
1193,0.012878391952140385
1194,0.021512039842179403
1195,0.011519976240310772
1196,0.0
1197,0.0
1198,0.0
1199,0.11604370756808163
1200,
1201,
1202,
1203,
1204,
1205,
1206,
1207,
1208,0.0
1209,0.0
1210,0.12288088479671076
1211,0.32656048029292933
1212,0.6307183972786158
1213,0.9534485952193654
1214,0.6790515438054279
1215,0.5458428872273058
1216,0.4352798877551306
1217,0.3986274889184137
1218,0.48035557698675013
1219,0.41521960428115695
1220,0.4030525106100508
1221,0.11907528673084505
1222,0.12058507673702744
1223,0.3691951943556198
1224,1.4122660610218822
1225,1.4815958301661005
1226,0.6224167110681558
1227,0.49533408187423444
1228,0.021390034438442874
1229,0.0
1230,
1231,
1232,
1233,
1234,
1235,
1236,
1237,
1238,
1239,
1240,
1241,
1242,
1243,
1244,
1245,
1246,
1247,
1248,
1249,
1250,
1251,0.0
1252,0.024399929227305522
1253,0.07110893437088517
1254,0.08294022012625954
1255,0.11083533919327745
1256,0.02351350243871905
1257,8.249560764961847e-06
1258,0.006972521343186434
1259,0.46774825139910514
1260,
1261,
1262,
1263,
1264,
1265,
1266,
1267,
1268,0.0
1269,0.0
1270,0.19906446018356697
1271,0.279665424156115
1272,1.690943050262821
1273,1.3158724330854694
1274,0.6069808761930403
1275,0.7135378536316743
1276,0.3472283073362815
1277,0.41109722845175994
1278,0.3797843014461931
1279,0.4746607960938588
1280,0.5642736047828153
1281,0.36955809315340543
1282,0.34686175104606176
1283,0.6716860622159427
1284,0.6657376593188369
1285,1.1475511007579942
1286,0.8357022290518007
1287,1.5459647097201645
1288,0.7605472362443344
1289,0.0
1290,
1291,
1292,
1293,
1294,
1295,
1296,
1297,
1298,
1299,
1300,
1301,
1302,
1303,
1304,
1305,
1306,
1307,
1308,
1309,
1310,
1311,0.0
1312,0.021751036084474845
1313,0.24022787129798062
1314,0.09310416033060129
1315,0.1226571857111391
1316,2.838093558607735
1317,0.07809314007798024
1318,0.12892854285972238
1319,0.22588862698334922
1320,
1321,
1322,
1323,
1324,
1325,
1326,
1327,
1328,0.0
1329,0.0
1330,0.2691890670615413
1331,0.39056152137390143
1332,1.3181691506652924
1333,0.8051479391689138
1334,0.556343637225251
1335,0.5135949275671888
1336,0.36841398837979816
1337,0.7483988563811391
1338,0.5038875259205703
1339,0.5339682020048441
1340,3.565623169069476
1341,2.527799779727987
1342,0.689525768598281
1343,0.5782527947110851
1344,0.6468912314034257
1345,0.39380438152039426
1346,0.329197341683606
1347,0.6956109133904242
1348,0.7606415895869588
1349,0.2656166796635745
1350,0.0042505503030907145
1351,0.0
1352,
1353,
1354,
1355,
1356,
1357,
1358,
1359,
1360,
1361,
1362,
1363,
1364,
1365,
1366,
1367,
1368,
1369,
1370,
1371,0.0
1372,0.002490306229573171
1373,0.03345417990126739
1374,0.15274284472759023
1375,0.15871875666794227
1376,0.5110168525632875
1377,0.20873837802882003
1378,0.08736213532260788
1379,0.06263171901625099
1380,
1381,
1382,
1383,
1384,
1385,
1386,
1387,0.0
1388,0.0
1389,0.0
1390,0.3854951043966581
1391,0.6698684237524094
1392,1.067850602580978
1393,0.7329091115758146
1394,0.9408326257836046
1395,1.1186005331979005
1396,0.46423550521841767
1397,0.45439995915244447
1398,0.4415992091851539
1399,0.551396477913174
1400,1.3507061347004135
1401,0.6835611868405984
1402,0.4930768377877123
1403,0.8705576638592929
1404,0.16204399161964267
1405,0.5234497879424586
1406,0.12022228475173645
1407,0.039356716777618324
1408,0.09506758383979282
1409,0.48593929023176075
1410,1.818042659275253
1411,0.012881377741455669
1412,0.0
1413,0.0
1414,0.0
1415,
1416,
1417,
1418,
1419,
1420,
1421,
1422,
1423,
1424,
1425,
1426,
1427,
1428,
1429,
1430,0.0
1431,0.0
1432,0.0006539458130723303
1433,0.00874880403332435
1434,0.23541275482729257
1435,0.14276376480556083
1436,0.006330574061912053
1437,0.20824806360077175
1438,0.002723762135309181
1439,0.028135642467318193
1440,
1441,
1442,
1443,
1444,
1445,
1446,
1447,0.0
1448,0.0
1449,0.03562244164076399
1450,0.33355740977617415
1451,1.2598320444698068
1452,1.0886302015188543
1453,1.0451665374884411
1454,0.5741498541104302
1455,0.5405633560099603
1456,0.6340004405953273
1457,0.8402354128583914
1458,0.5269814852700927
1459,0.36911611051451054
1460,0.4755930634766789
1461,0.7282374765113765
1462,1.0989727774448386
1463,0.7007361095495865
1464,0.07674493068843768
1465,0.12573093870392626
1466,0.05732156375056005
1467,0.21347659025042315
1468,0.11203506713704306
1469,0.14767630371685825
1470,0.5726342421910471
1471,0.809642796414074
1472,0.14942598227472742
1473,0.0
1474,0.0
1475,
1476,
1477,
1478,
1479,
1480,
1481,
1482,
1483,
1484,
1485,
1486,
1487,
1488,
1489,
1490,0.0
1491,1.876215374581729e-05
1492,0.020368471586581584
1493,1.569069331645775e-05
1494,0.24440152260426706
1495,0.2827539972659576
1496,0.07927374958965609
1497,0.13975593856632618
1498,0.004839448359251249
1499,0.10336986567419665
1500,
1501,
1502,
1503,
1504,
1505,
1506,
1507,0.0
1508,0.0
1509,0.6219838082477398
1510,0.8352274918816758
1511,3.353717509618976
1512,1.2312164955079388
1513,0.6992830708450088
1514,0.576307341374822
1515,0.5462577842970856
1516,0.6117283491541631
1517,0.5926015152036803
1518,0.46747934997581875
1519,0.5130544376330151
1520,0.7694883473547356
1521,0.8091287681052941
1522,1.0953965092994948
1523,0.4235851479023458
1524,0.06541913112392087
1525,0.0642071042238299
1526,0.1459196386213399
1527,0.12030876276311483
1528,0.140396878878403
1529,0.259820791713968
1530,0.2823094785783935
1531,0.4143094135974845
1532,0.43477082932529526
1533,0.07577882103408308
1534,0.0
1535,
1536,
1537,
1538,
1539,
1540,
1541,
1542,
1543,
1544,
1545,
1546,
1547,
1548,0.0
1549,0.0
1550,0.0004504994831007129
1551,0.016854907093904446
1552,0.03017002377594145
1553,0.02334490453215378
1554,0.5041237410607962
1555,0.08229577381315605
1556,0.2987056877171041
1557,0.09064988618552328
1558,0.011616696860363833
1559,0.04649270631349862
1560,
1561,
1562,
1563,
1564,
1565,
1566,
1567,0.0
1568,0.0
1569,3.06361933485994
1570,2.4684328977212666
1571,0.6077692699087078
1572,0.8729778088908661
1573,1.2096994295715082
1574,0.6974906044739949
1575,0.5178602221506555
1576,0.4729360355480447
1577,0.5741661824681144
1578,0.7971225628734157
1579,0.3810000456191627
1580,0.3369029249222578
1581,0.2633384968767712
1582,0.336068002904355
1583,0.20701280882788442
1584,0.07089995764715643
1585,0.017864299902718383
1586,0.06122083929686353
1587,0.2045563466295061
1588,0.396237373705733
1589,0.2541013619814563
1590,0.20512249509629124
1591,0.20537843916848078
1592,0.1385067250392867
1593,0.7976665858884998
1594,0.07074282777538989
1595,
1596,
1597,
1598,
1599,
1600,
1601,
1602,
1603,
1604,
1605,
1606,
1607,
1608,
1609,0.0
1610,0.0008578827056792623
1611,0.036119801308562585
1612,0.006598506502536061
1613,0.08957908488414804
1614,0.3487453152593842
1615,0.05767794915718363
1616,0.274928768568607
1617,0.011313678038654615
1618,0.024978917873670632
1619,0.07827854813393025
1620,
1621,
1622,
1623,
1624,
1625,
1626,
1627,
1628,0.0
1629,0.5147653207365651
1630,0.29698560547555897
1631,1.3471305746150466
1632,1.3788803007003034
1633,0.9899122542863705
1634,1.4785995526722095
1635,0.6150970143957961
1636,0.4289813877880013
1637,0.3727379243141405
1638,0.4288138866204694
1639,0.4364106555982184
1640,0.23179920302756896
1641,0.37565204552125137
1642,0.6377396430711455
1643,0.244565538897051
1644,0.08978038212724665
1645,0.04718745119496417
1646,0.09912893667550322
1647,0.20662166079465064
1648,0.27378298600769546
1649,0.44543495387097953
1650,0.2197215217116256
1651,0.0970928972744314
1652,0.11675747689615633
1653,0.5360762353019072
1654,0.37291078069217254
1655,0.3759492808545346
1656,0.10321171667101943
1657,0.0
1658,0.0
1659,0.0
1660,
1661,
1662,
1663,
1664,
1665,
1666,
1667,0.0
1668,0.0
1669,0.00019848268543335806
1670,0.0025123949047929535
1671,0.013769081203492206
1672,0.009138566927633748
1673,0.14198745142939667
1674,0.2720088111662174
1675,0.24915391572969775
1676,0.8123032814686617
1677,0.04501183059912099
1678,0.2905296664092944
1679,0.010036810513375854
1680,
1681,
1682,0.0
1683,0.0
1684,0.0
1685,0.0
1686,0.0
1687,0.0
1688,0.0
1689,0.9439852202318064
1690,0.5175296092836984
1691,0.9904778532336441
1692,1.1624702957490447
1693,0.5882025749911824
1694,0.5898315478904467
1695,0.5980642570194434
1696,0.5529626269732966
1697,0.41263865836146096
1698,0.4629652998094938
1699,0.39233433137388024
1700,0.4285920777407249
1701,0.413745681938294
1702,0.3844204821305455
1703,0.3173432948862478
1704,0.18551374232177192
1705,0.1561705393884051
1706,0.3412166739792209
1707,0.3110543885037729
1708,0.05299109868900871
1709,0.35327569471008546
1710,0.4193062135831134
1711,0.1296019623257617
1712,0.20163247077392468
1713,0.15353857949920474
1714,0.560221943802357
1715,1.6977650078905027
1716,0.5855629830458637
1717,0.20451722665960073
1718,0.0
1719,0.0
1720,
1721,
1722,
1723,
1724,
1725,0.0
1726,0.0
1727,0.0
1728,0.0
1729,0.10527019418802723
1730,0.04557938042839644
1731,0.0003125142644582657
1732,0.03258019984763596
1733,0.5868142029379172
1734,0.4147696319866547
1735,0.23970151516392252
1736,0.38424926855002234
1737,0.11360142997879151
1738,0.10166404940093896
1739,0.04946846486800273
1740,
1741,
1742,0.0
1743,0.0
1744,0.26329684793011615
1745,0.5458246709385355
1746,0.37618199769085536
1747,0.02398874316811231
1748,0.0
1749,0.6992443216375125
1750,0.9003025792961428
1751,0.25514409222436973
1752,0.8515986425580252
1753,0.9657152517317189
1754,0.5852619588616295
1755,0.5179664553873659
1756,0.4884784512698849
1757,0.6348886096171108
1758,0.6651151605618318
1759,0.7831612773354086
1760,0.425986833275339
1761,0.7258059408799895
1762,0.3852223251589415
1763,0.4778174017766599
1764,0.23775971701816304
1765,0.37740632377109046
1766,0.6359356366958326
1767,0.751035476102144
1768,0.2554187476811551
1769,0.3271743363422177
1770,0.4150557818242258
1771,0.3660551806288045
1772,0.27490406710745513
1773,0.24390131710829832
1774,0.7301062189873178
1775,0.5113741761303815
1776,0.7563277180920455
1777,0.4264237025663342
1778,0.0007171361914022934
1779,0.0
1780,0.0
1781,
1782,
1783,
1784,
1785,
1786,0.0
1787,0.0
1788,0.08207560419260529
1789,0.030545083932647182
1790,0.023454348019191582
1791,0.00015925772132613914
1792,0.041775434155047995
1793,0.4656885781866673
1794,0.4822010120689119
1795,0.5871450480779
1796,0.36015797910609243
1797,0.3851489325007132
1798,0.33283950719054084
1799,0.13117534856502266
1800,0.0
1801,0.0
1802,0.0
1803,0.10021530363170929
1804,0.8625685009328076
1805,0.4164108265448077
1806,0.5405998700757128
1807,0.6550976827247691
1808,0.22496422760510643
1809,2.2668542304964925
1810,0.831251083091994
1811,0.3522696709951772
1812,0.5353276524046471
1813,0.5320070874787945
1814,0.48632674605769116
1815,0.6587808656063399
1816,0.4861865822901802
1817,0.3134620731900454
1818,0.3458579185138887
1819,0.47214470940792647
1820,0.46304647458482706
1821,0.6491411421320593
1822,2.546109053186637
1823,0.7131730038495941
1824,0.7342789595617153
1825,0.485561711188678
1826,1.8576784985338335
1827,1.9182678760296705
1828,0.5474927767233504
1829,0.42450613232463175
1830,0.39377396020285377
1831,0.6980426559522219
1832,0.1938769499084308
1833,0.23855701671101376
1834,0.29762557236070825
1835,0.24057858363879936
1836,0.38872606507234486
1837,0.5996995649618097
1838,0.014098982576016742
1839,0.0
1840,0.0
1841,0.0
1842,0.0
1843,0.0
1844,0.0
1845,0.0
1846,0.0
1847,0.07977569106221372
1848,0.42073292562954845
1849,0.006134262134634349
1850,0.001421639824482795
1851,0.004373138354935747
1852,0.12852649223405116
1853,0.4447606920077991
1854,0.7223810062692643
1855,0.548606743521513
1856,0.44104152365125027
1857,0.06262955103099968
1858,0.01865023122553062
1859,0.045514318799246424
1860,0.0
1861,0.0
1862,0.1439221502493204
1863,0.8005752685638499
1864,0.8555707996953673
1865,0.9018312285380855
1866,0.7258813490206876
1867,0.8534369917364661
1868,0.6806816703466481
1869,0.681941713424019
1870,0.9043406789830774
1871,0.32215795637312167
1872,0.3934827969319138
1873,0.36577009324487086
1874,0.4255405849893801
1875,0.4788124814870949
1876,0.5229150560005335
1877,0.26052300061848416
1878,0.06841204373201248
1879,0.3942933487974462
1880,0.4307793568952012
1881,0.3140831899461379
1882,0.22950326606000093
1883,0.4249083772017592
1884,0.8306709614795369
1885,0.1464248061864173
1886,0.4863315373545105
1887,0.7938508838620991
1888,0.8727922678049282
1889,0.8516574522780778
1890,0.9164655492682425
1891,0.423861837941328
1892,0.6209144243904265
1893,0.23393902544894282
1894,0.17979102394795135
1895,0.5877560639957137
1896,0.13559232556915093
1897,0.5939672020463801
1898,0.5748940149205207
1899,0.4258465556657767
1900,0.4322491934884494
1901,0.016979317216573045
1902,0.00041430740255222234
1903,0.002455818003523725
1904,0.13022293964421577
1905,0.009021455065040937
1906,0.0
1907,0.4708759926488668
1908,0.4845565722915529
1909,0.014599197302230027
1910,0.009372139641456542
1911,0.0007676816314130437
1912,0.09134636515174945
1913,0.3909511138969149
1914,0.6721351914801058
1915,0.6303799687505259
1916,1.6712592244450604
1917,0.01141266612746186
1918,0.013809579981723809
1919,0.04840999836444801
1920,
1921,0.06866808394224017
1922,0.3005384217823687
1923,0.9557325772535296
1924,0.8871376430688112
1925,1.5615192536555889
1926,0.5427210607956267
1927,0.6548833446308998
1928,0.1417849284107503
1929,0.8613964081139072
1930,2.2869684139665294
1931,0.6159730352106002
1932,0.4713577034177878
1933,0.548525558308864
1934,0.6398472967077217
1935,0.5297676740378793
1936,0.3805497023851109
1937,0.29615085205341196
1938,0.4035382388035901
1939,0.23531265137386115
1940,0.228515704373119
1941,0.5090775889622663
1942,0.41346287420475064
1943,0.5334427192846843
1944,0.39320372565463463
1945,0.22383163807182802
1946,0.3393933510077984
1947,0.6007923987070827
1948,1.0206220973969582
1949,1.108680934321856
1950,0.3095345826002081
1951,0.3428223563612992
1952,0.34044160295158926
1953,1.061381290310146
1954,0.26636016946518093
1955,0.3269432963839942
1956,0.3379809354022118
1957,0.5043416373129103
1958,1.132202033128556
1959,1.592961852207135
1960,2.7237306339959253
1961,0.6176583392457977
1962,0.2816501003815517
1963,0.2563239890475839
1964,0.566423528094423
1965,0.2327003645000034
1966,0.0893193356548681
1967,1.9743382996873502
1968,0.5813244844524796
1969,0.05550203677836144
1970,0.02680043788954381
1971,0.008497768525943646
1972,0.0977065750453724
1973,0.2677166743960576
1974,0.9013347415094348
1975,0.4928370299685335
1976,0.5989480529902983
1977,0.14132701408107176
1978,0.07595653823788652
1979,0.032094377685806405
1980,0.0
1981,0.003504444829699705
1982,0.18714207020461576
1983,0.3085170937955836
1984,0.2001913678086971
1985,1.0659631374033465
1986,0.5144856994386062
1987,0.5628288437077239
1988,0.7949921761924572
1989,2.295851242491193
1990,0.9935051418291319
1991,0.7284649111104087
1992,0.7021655235367866
1993,0.5171333981475719
1994,0.66984667432615
1995,2.5069855285372804
1996,0.7304359285474541
1997,0.4606453898302413
1998,0.36880215148370077
1999,0.5492149243799962
2000,0.41905452688805467
2001,0.3424873522239139
2002,0.3582412091401593
2003,0.3012652385950417
2004,0.37212809109670675
2005,0.20369817917552596
2006,0.23862853896704897
2007,0.312894110535981
2008,0.19950000902718165
2009,0.16460139378376437
2010,0.23341018731978153
2011,0.2968825360539509
2012,0.21574749989634345
2013,0.2732648054671951
2014,0.17326693916034003
2015,0.4962911481558349
2016,1.5778738754338348
2017,0.6074220956906612
2018,1.1899392404963953
2019,1.6422889206921507
2020,8.500293000957935
2021,1.1762385592557687
2022,0.832473334378777
2023,1.0372608461180628
2024,0.6576293972816974
2025,0.3283920425156829
2026,0.8060704625502013
2027,0.8644354796724386
2028,0.3439896007677352
2029,0.10613910485867621
2030,0.029648495422769604
2031,0.025588437198564455
2032,0.13730595149144165
2033,0.12527843355011248
2034,0.6870241010886196
2035,0.5950040594292844
2036,0.15785721619000284
2037,0.06660199165452091
2038,0.1973426336726497
2039,0.3438850900966667
2040,0.0
2041,0.1488281313374702
2042,0.3203535145554366
2043,0.6026672949786005
2044,0.7641011415138876
2045,0.18729443155930028
2046,0.16653027556365313
2047,0.26386959709853036
2048,1.353958043359596
2049,3.719736380931136
2050,0.973073315794688
2051,0.7044559894627394
2052,0.7388696874081547
2053,0.4397213663125417
2054,1.0259993193248895
2055,0.9844532810914177
2056,0.652475370522503
2057,0.6728090028287764
2058,1.8219329184761281
2059,0.4922476728956898
2060,0.28836709777435193
2061,0.25729926526341396
2062,0.22115142183363432
2063,1.2114069038450905
2064,0.4822537731130317
2065,0.22342902020050764
2066,0.4124954524438774
2067,0.6901455909497023
2068,0.5152732170746087
2069,0.5478452530118516
2070,0.5251698693635106
2071,0.12509131583462937
2072,0.1922477025181325
2073,0.5743766764328688
2074,1.4135985833381264
2075,0.4413672503324453
2076,0.6957434280613302
2077,0.6549277681135465
2078,1.4210160969225634
2079,1.7593724586123938
2080,2.240896894090176
2081,1.5045385913816562
2082,1.1284686370155832
2083,0.8744789710325368
2084,0.9192271895003543
2085,1.0048136441514557
2086,2.1450257495048075
2087,0.6270796065510457
2088,0.1898358291154069
2089,0.059589423774606735
2090,0.06897064082285484
2091,0.08074063689333677
2092,0.3878391910347216
2093,0.017374408441549062
2094,0.23526815064778236
2095,0.21100988197363843
2096,0.03267244635224156
2097,0.058975355546222616
2098,0.028025608172004904
2099,0.10826662441412223
2100,0.00016654768954498347
2101,0.07933709238325175
2102,0.031044797829072043
2103,0.05000270877959496
2104,0.029987125990957125
2105,0.09759702949309296
2106,0.1380569674553363
2107,0.47162256088127863
2108,1.2623133915711535
2109,1.2582766780148982
2110,0.8919351494649974
2111,0.9666660013341911
2112,1.0699125710527704
2113,0.4482936829063893
2114,0.7029179976058912
2115,0.5125373699279455
2116,0.4913583173824754
2117,0.550803114983419
2118,0.4104721831979961
2119,0.4851290967478212
2120,0.32567334907125073
2121,0.5414762056399485
2122,0.40534903743006717
2123,0.2556393461570612
2124,0.5945214687570549
2125,0.40698120561689133
2126,0.28618418920534333
2127,0.17107588851645844
2128,0.11071450448793076
2129,0.18341271324907116
2130,0.18336647963858904
2131,0.17657235678851838
2132,0.20917835972909354
2133,0.3780367368777345
2134,0.8903963189781257
2135,0.9169944354743778
2136,2.351779884168518
2137,1.6819685606724042
2138,2.0350614224349863
2139,1.8286867404604208
2140,1.8830488876609746
2141,1.978036378551887
2142,1.3128793779725223
2143,0.9615984210946193
2144,5.71593204551684
2145,3.0453526056726528
2146,2.3708099883099742
2147,0.5910540068343153
2148,0.101016645748771
2149,0.17646193470531152
2150,0.04041778031777964
2151,0.014035992880532512
2152,0.07766733356408273
2153,0.011476873261486435
2154,0.08713468576599423
2155,0.19080620917658941
2156,0.14422122562753592
2157,0.014613627374398346
2158,0.01150117492737337
2159,0.5282806580053947
2160,0.20194716028023701
2161,0.11007482815880534
2162,0.05096648687954012
2163,0.03279314802074277
2164,0.023968788657702512
2165,0.035732110904493845
2166,0.1711369602481874
2167,0.8833255159308466
2168,1.2306965868267796
2169,0.6227350837492707
2170,0.33325548289446255
2171,0.5618210311447797
2172,0.47131514976917965
2173,0.6254816657764196
2174,0.7949022941168475
2175,0.544244448996055
2176,0.4573035639697386
2177,0.3524163772345348
2178,0.3830276871412706
2179,0.34143931127535004
2180,0.4497368396708615
2181,0.25373464211577174
2182,0.18538689392517313
2183,0.22548992221459213
2184,0.2865110883480335
2185,0.5340134536769187
2186,0.6273941880122423
2187,0.6672410528290333
2188,0.45413292539456407
2189,0.8707829187531597
2190,0.5033383990995891
2191,0.708208065476945
2192,0.6752956825019132
2193,0.46551101360585223
2194,0.6573389426656139
2195,1.0195861360490515
2196,0.8878788953003306
2197,0.8773084418732071
2198,0.5535419354286092
2199,1.4874716915859054
2200,2.008107966948877
2201,2.1662273422643916
2202,1.6193180737052755
2203,1.522734810316821
2204,2.3005866067029017
2205,1.398289300983028
2206,1.1159512899887871
2207,1.0810530456050835
2208,0.794818296459078
2209,0.18162566339037714
2210,0.030001470129247174
2211,0.6041928435759261
2212,0.14459900076906018
2213,0.11570019785781774
2214,0.04844695778569505
2215,0.035837621214700105
2216,0.1296136756522775
2217,0.05767056751269456
2218,0.1498389705484832
2219,0.5774143868143152
2220,0.5055127568759655
2221,0.7450577433963226
2222,0.5479113436746648
2223,0.09491715350901743
2224,0.09593343782786842
2225,0.09668595866219633
2226,0.16488920458418185
2227,0.6276228299331155
2228,0.56007939448267
2229,0.5915281891559763
2230,0.3107817797072637
2231,1.5459793925098455
2232,0.7985405189831901
2233,0.9244822821371892
2234,0.2938705989036625
2235,0.5200584784978772
2236,0.6009968549741203
2237,0.39007059550703205
2238,0.36369218676206827
2239,0.41041713667581925
2240,0.4508507986811208
2241,0.47014286478307943
2242,0.39210070201435415
2243,0.3674994328329073
2244,0.32121171286585404
2245,0.7320793339825873
2246,0.939762928959634
2247,0.5698220238516639
2248,0.36132812945087145
2249,0.31143877811153453
2250,0.30323399883751784
2251,0.401643532489272
2252,1.3664122316382175
2253,1.4932513391882778
2254,1.4647401636111264
2255,0.9642588750675776
2256,0.9465189367715943
2257,0.7976005487902081
2258,0.7349000368872202
2259,1.0449100214643687
2260,1.9593859551632233
2261,2.1693814142669465
2262,2.377713316783338
2263,1.2203804331465387
2264,1.5442355745956384
2265,1.2361400589831926
2266,0.41552052797086914
2267,1.4200086207908675
2268,1.1663572305170873
2269,1.1417490286829404
2270,0.17042245667876654
2271,2.3293229505052526
2272,0.6546142916613487
2273,0.08024681365209396
2274,0.03350888384724567
2275,0.015187570075505278
2276,0.1592085663363168
2277,0.04637965739263533
2278,0.010235518256374209
2279,0.3538196325560666
2280,1.1257212549570033
2281,0.9897654915822115
2282,0.7477356177365542
2283,0.3979711788716744
2284,0.06793302732265542
2285,0.13080987418517195
2286,0.23127915711335514
2287,0.27703268289556393
2288,0.5244041467043892
2289,0.6459628812939178
2290,0.7638869211077924
2291,0.8039544239358613
2292,0.5998912891433346
2293,0.9378447323544615
2294,0.4648559042438177
2295,1.3797301217878815
2296,0.6450737168982441
2297,0.32612633476624336
2298,0.1373381073163456
2299,0.325767086791603
2300,0.4486449339045708
2301,0.9313102636969336
2302,0.5768810147344634
2303,0.5084295418822674
2304,0.6278483388411827
2305,0.6589559135502562
2306,0.7545822793396879
2307,2.0589206853800337
2308,1.457797370631341
2309,2.6486679634474
2310,2.18298806083902
2311,1.240930530697571
2312,1.152966365601401
2313,1.3649286486646413
2314,1.5178570647992258
2315,1.5776965399743643
2316,1.6659885155492775
2317,1.4377028925217668
2318,1.231787275799769
2319,1.1661080578993601
2320,1.5792813084472295
2321,1.4670707516469261
2322,1.5213403401874799
2323,0.7653925380578732
2324,0.5792663109741372
2325,0.3790851738191836
2326,0.3144230875670637
2327,0.47048720416616274
2328,0.3856422465828856
2329,0.05394827330417531
2330,0.14149553406773477
2331,0.13354237122832158
2332,0.23902071554989765
2333,0.017553051706885602
2334,0.013880785894758656
2335,0.004617134450316398
2336,0.05716806861190112
2337,0.0986346475527021
2338,0.384049127368751
2339,0.012746044378432502
2340,0.36545339639926155
2341,1.0287019318974375
2342,0.7379900827620053
2343,0.08220046816165041
2344,0.04498832312343166
2345,0.12328345432588789
2346,0.3384095732428956
2347,0.19115994518000398
2348,0.5558575706741125
2349,0.46702099540304287
2350,0.6706231591700325
2351,0.6274226942207322
2352,0.7216054734849009
2353,0.6069087911197208
2354,0.6416205426813657
2355,0.5424427718083495
2356,0.5597080638661294
2357,0.29475508005857254
2358,0.0977363874242194
2359,0.19214954222992925
2360,0.5599377997097359
2361,0.5700393001574147
2362,0.6147870880583337
2363,0.5083233849114349
2364,0.5816754431930578
2365,0.8197326105742166
2366,1.1149295275519981
2367,1.4205307111214684
2368,1.422706307084091
2369,1.578901004203917
2370,1.7343954051808592
2371,2.1396530214813696
2372,1.7736554395278759
2373,2.0561032632802423
2374,3.2574711732940305
2375,2.174448476692769
2376,1.7901666938948722
2377,1.8816966173559415
2378,2.0272749935453755
2379,2.276357684372039
2380,1.7424063471196873
2381,1.5379927468365482
2382,1.4161466205378415
2383,0.8030310422907886
2384,0.4266611059277137
2385,0.36862465090272695
2386,0.2883213198270108
2387,0.6279637832193353
2388,0.24091218384085675
2389,0.4651087706689032
2390,0.44048560221717514
2391,0.9669003193398754
2392,0.3461864485066571
2393,0.08901691239742121
2394,0.00842347370843187
2395,0.008517040011294762
2396,0.06559837961701839
2397,0.012806610855434587
2398,0.001591014962300359
2399,0.0014847372520405007
2400,1.1837498763898424
2401,0.7332925016571795
2402,0.06352359569747208
2403,0.0003461130788576251
2404,0.008655506792213505
2405,0.03633762124678019
2406,0.11445119863112727
2407,0.12712991109348826
2408,0.3095781463863663
2409,0.98326689619794
2410,1.5414866940989205
2411,0.8644837604783706
2412,1.0545882050357847
2413,1.103686620042552
2414,0.5353171046365667
2415,0.6949898174498742
2416,0.7452804948449208
2417,0.48548087873039075
2418,0.28751185792352474
2419,0.431174206675169
2420,1.1610178631551527
2421,0.42328344831103737
2422,0.7266967164576744
2423,0.6647071766736505
2424,2.3526274515483716
2425,0.6197750550302566
2426,1.0884293056902736
2427,1.238585371096758
2428,1.3915116955550817
2429,1.5036889220759664
2430,1.9162084006669255
2431,1.856210516884155
2432,2.1721688883999266
2433,1.7673704181631502
2434,2.1723136265529317
2435,2.1110605756760332
2436,2.05232393442474
2437,1.4890376526705844
2438,2.045273551142526
2439,1.8016931632569197
2440,1.30173489507317
2441,0.8483723865039997
2442,1.2718541393513028
2443,1.0099763202566001
2444,1.28174622097504
2445,1.8633392093103311
2446,2.088125236238874
2447,3.321018502481534
2448,1.3775714068322045
2449,2.001864696392926
2450,0.38875761555038224
2451,0.7202646126831642
2452,0.3819355569593409
2453,0.22247796379931692
2454,0.02203408666105867
2455,0.012095227814488066
2456,0.0031969655582505313
2457,0.01927729960257385
2458,2.6939966231511468e-06
2459,1.8030369641897625e-05
2460,1.0544380163887772
2461,0.08495168600295468
2462,0.0008073909014358071
2463,0.0010238074825028223
2464,0.004441967908716462
2465,0.0983534955664811
2466,0.08680655984832651
2467,0.10633281846470846
2468,0.23499695242218194
2469,0.36049574590757727
2470,0.5462415338332894
2471,0.7496884435310334
2472,0.7760182223184965
2473,0.9909018019777363
2474,0.6534477893014586
2475,3.74824949354018
2476,0.8949049131370345
2477,0.8329807273869732
2478,0.560667354280539
2479,0.7744969698672033
2480,0.6131831168864126
2481,0.7825385812324273
2482,1.050979648113161
2483,0.6135027236850749
2484,0.8392751963416935
2485,2.927323526248444
2486,1.6413201385496228
2487,1.1184025392394243
2488,1.3847632177008997
2489,1.4788031933753354
2490,2.377416817744916
2491,2.0550224214498694
2492,1.53030285977705
2493,1.764106142156183
2494,1.7594070959668713
2495,1.905252642919383
2496,1.446917167318829
2497,0.7714898876200358
2498,1.4475900779796456
2499,1.1134829676218436
2500,1.7728072071584475
2501,0.7274143955064365
2502,0.6058361133878565
2503,0.21989388200737853
2504,0.3839731384777875
2505,0.5136783628704932
2506,0.866813049810371
2507,1.042073207627659
2508,1.408644504659246
2509,1.4677647152680948
2510,0.7984712867785544
2511,1.215187326743934
2512,1.467520933189126
2513,0.9293487296592896
2514,0.13517748443110153
2515,0.023962591925915794
2516,0.004076369306047607
2517,0.00013314391018846982
2518,2.316285360001819e-05
2519,0.00033019238661026245
2520,1.0144273042125345
2521,0.6595666833994297
2522,0.09271785975197595
2523,0.0016388285220984887
2524,0.011464915458807942
2525,0.032438818898375854
2526,0.03941280855220881
2527,0.0566634701932299
2528,0.2580274533786639
2529,0.19642549940693255
2530,0.2689241104247118
2531,0.6589628448094446
2532,0.7325466553100912
2533,1.3214717243407992
2534,1.168091691522253
2535,1.8374024675627636
2536,0.5807192199524761
2537,1.0917424540016496
2538,1.2119317325709993
2539,1.984281426291317
2540,1.98669994622926
2541,0.8705747327961256
2542,0.9095284343858614
2543,0.8656131171820438
2544,0.7802559484082893
2545,0.8771306541212234
2546,0.8258402475598438
2547,0.9251896497002438
2548,1.1621143667777447
2549,1.0156196729609255
2550,1.2901571592457974
2551,1.2084001577764756
2552,0.7273616762307494
2553,0.8737166979117978
2554,0.6290361421026744
2555,0.40136040697230024
2556,0.4387365356483423
2557,0.39831092323171674
2558,0.5022312051159529
2559,0.474526954826552
2560,0.44202182624597713
2561,0.3171931285015748
2562,0.06058234372148545
2563,0.09853534950052177
2564,0.03737163118701025
2565,0.028832720885832993
2566,0.07655471431388498
2567,0.07557531453633101
2568,0.047318626872072285
2569,0.03584119145173577
2570,0.05001436018594992
2571,0.7105617516046229
2572,1.1248040427509085
2573,1.4799589891707121
2574,1.393517947532335
2575,0.4408246925306184
2576,0.07285100159612592
2577,0.0034089546920201557
2578,0.051574202453432604
2579,0.0218920784024329
2580,0.781510246139141
2581,1.1982006209065337
2582,0.8047772089589771
2583,0.23520429812349378
2584,0.0023094215186299943
2585,0.0035325835356123814
2586,0.008796679748005649
2587,0.023136110902739312
2588,0.08049966971246933
2589,0.197093836911396
2590,0.7834716958430473
2591,0.5288449011744718
2592,0.9359815709040717
2593,1.011849852317139
2594,1.86267363435115
2595,1.1684739366508448
2596,1.4603536006978275
2597,1.4321926059930123
2598,1.271214252850902
2599,1.22006663059522
2600,1.622539797331664
2601,1.0260700368729427
2602,0.7048345649046353
2603,0.950179971186211
2604,0.722665881542828
2605,1.1513678154457372
2606,0.6343055772383539
2607,0.881341156443909
2608,0.44697704359229185
2609,0.4325537198074154
2610,0.9737446917495747
2611,0.6423308321010508
2612,0.9445341257343565
2613,0.6325376830752372
2614,2.5748053314772603
2615,0.6672653646728129
2616,0.28637103554649357
2617,0.03910122576259297
2618,0.01690920945463043
2619,0.0036000214585555977
2620,0.0029492515655718935
2621,0.015540179782662134
2622,0.005494809767422068
2623,0.04037043041699825
2624,0.0037068661711493504
2625,0.01084074352088535
2626,0.015092341980465288
2627,0.033799178442607165
2628,0.00047869449726908495
2629,0.0044918546835687355
2630,0.028588665307583323
2631,0.09680723229530735
2632,0.10911908574775107
2633,0.4270760932596336
2634,0.41578293267995003
2635,0.6728971953566468
2636,0.1327526442576676
2637,0.002175937911575347
2638,0.0012660125916944614
2639,0.00037846828242045987
2640,0.5393983602620999
2641,0.4950576844897411
2642,0.6016802686054235
2643,1.0078557550086351
2644,1.4464109237953513
2645,0.08121046404704353
2646,0.00021272631546696334
2647,0.0008686685038368746
2648,0.07502140157794686
2649,0.13369558641054574
2650,0.8714783263581602
2651,0.4481713680728118
2652,0.7096891862681727
2653,1.0316633453664295
2654,1.186067938973471
2655,1.5464449066496724
2656,1.5974803122234655
2657,2.287445604789548
2658,4.310341151981655
2659,1.6755584514086488
2660,1.0014627954320787
2661,0.9070048675244293
2662,1.6595258444717604
2663,0.8690882989873673
2664,0.7201569866599736
2665,0.6289035428363041
2666,0.6384159363475613
2667,0.5105057195756957
2668,0.8356698892217652
2669,0.4016246903099246
2670,0.4467842387787797
2671,0.8106304450611271
2672,0.6194426832283146
2673,0.2435816633196103
2674,0.07566038618193005
2675,0.004795290166084099
2676,0.0012312535323216267
2677,0.004868462166429821
2678,0.0018153101177758322
2679,0.003211575377886663
2680,0.0029674751568485717
2681,0.0032259656004203757
2682,0.002903531663275293
2683,0.001120623212949127
2684,0.0004081031183858661
2685,0.009657646659715108
2686,0.006730664524013628
2687,0.0018200007023334726
2688,0.01262756980618731
2689,0.0006314659527241125
2690,0.003615072118866267
2691,0.006454473675054845
2692,0.021968517096774626
2693,0.12793352058352084
2694,0.12447490056535619
2695,0.06365451162931428
2696,0.003530768723593013
2697,0.003842569119980125
2698,0.006298680677871461
2699,0.0001555577564330659
2700,0.15059244580035883
2701,0.031185652940003434
2702,0.03325562919749215
2703,0.08609343438904694
2704,0.9366197713753033
2705,1.5024342662272874
2706,0.09249743792479258
2707,0.017455686846443684
2708,0.03255752813937615
2709,0.35091374207113746
2710,0.15058163288809212
2711,0.23263569634820075
2712,0.449532025371133
2713,0.5368833830398622
2714,0.6895133394781037
2715,1.0726358823229116
2716,1.5364757077599538
2717,2.6369378483787216
2718,12.645935673475721
2719,2.7525021697256182
2720,1.244852407369269
2721,1.897409102273448
2722,1.5274679356495688
2723,0.9987743311651889
2724,0.6626249467792279
2725,0.6242633713460519
2726,0.40624546394137384
2727,0.4192052750034349
2728,0.4089342951271786
2729,0.07036800942641325
2730,0.005809028897509354
2731,0.01636614402371006
2732,0.004637336393600345
2733,0.003795986835435732
2734,0.0025685022235508582
2735,0.0007008791320791874
2736,0.0015077187054299184
2737,0.0018354937112205236
2738,0.005408392671080036
2739,0.0017995689222788413
2740,0.0014544026734481645
2741,0.0005978228323893415
2742,0.003376638725297751
2743,0.02595321019026957
2744,0.00903573825732091
2745,0.0013284401919929575
2746,0.0005624821687306165
2747,0.00313463097126005
2748,0.0009971623941265539
2749,0.002935678956809183
2750,0.002686263560313405
2751,0.0010609165815582112
2752,0.014873396084697971
2753,0.010506173338239064
2754,0.018283009467360996
2755,0.00859338212289499
2756,0.0004775794983262254
2757,0.0026458666452260577
2758,0.0030805039603017835
2759,1.5510046900209616e-05
2760,0.011163538360336716
2761,0.0065431406338069395
2762,0.030409640599492808
2763,0.005536006593725111
2764,0.4592932511534269
2765,1.3033246740954205
2766,1.675974996468106
2767,1.2549796092034933
2768,0.110985144633233
2769,0.40057408487873514
2770,0.7818493086230123
2771,0.7142575904492078
2772,0.7997752860920205
2773,0.834459683166687
2774,1.0159565016919652
2775,1.7985766833101875
2776,1.2678230097030332
2777,1.8734959555753241
2778,1.8483980167152791
2779,2.1531900590469473
2780,1.2588576068347326
2781,1.2120368596433098
2782,0.8562575510431394
2783,0.545747896152444
2784,0.26466021306181403
2785,0.21050082677261628
2786,0.21368720175678127
2787,0.08840080463742207
2788,0.029571600137338946
2789,0.007688513418173356
2790,0.0016940531789185684
2791,0.0033908960158724995
2792,0.0001752084541386477
2793,0.0005286139308482793
2794,0.0019050632203963017
2795,0.000853217526473323
2796,0.00024740488756581154
2797,0.0018400843962239938
2798,0.003803046870602188
2799,0.009113617470079438
2800,0.005967927204464307
2801,0.08451748299263066
2802,0.03294345772536778
2803,0.0076076943247307335
2804,0.014536927534660817
2805,0.07551296464659159
2806,0.04479896065205289
2807,0.14845235896455788
2808,0.017748025621758295
2809,0.021759813035879847
2810,0.00937946145548453
2811,0.00553227445091051
2812,0.02089944500598219
2813,0.007900586062533254
2814,0.004794315277774994
2815,0.000513907234679777
2816,0.0002511514426977855
2817,0.0002516796543332893
2818,5.261472725773463e-06
2819,4.163987670039455e-06
2820,0.01716102304456087
2821,0.006448914959533933
2822,0.038778688595557116
2823,0.02199728151243184
2824,0.31406701538812154
2825,1.4953916618064
2826,1.6145760496097536
2827,1.7419752781413596
2828,1.3092846545343526
2829,1.221992553878109
2830,1.0711722815134015
2831,1.2872737702349186
2832,1.422008940349586
2833,1.3688173384920879
2834,1.6869403949058854
2835,1.4196428213861194
2836,1.3283172914219483
2837,1.7960334582383677
2838,1.4863029088827164
2839,2.056804114516375
2840,1.1655919513235338
2841,0.22868291387273115
2842,0.4325388302173932
2843,0.4954046240598445
2844,0.3698118467419109
2845,0.17680897503647594
2846,0.07137743985201705
2847,0.037919706747710516
2848,0.006103640862832029
2849,0.0006690401934415131
2850,0.00014639406396928906
2851,0.00016553455122180556
2852,0.002228338968858663
2853,0.00026482784618057914
2854,3.544056537821714e-05
2855,0.0
2856,0.00043218876471168207
2857,1.9339531105339147e-05
2858,0.00017182326105828448
2859,0.00033879415575856713
2860,0.00031084194334595383
2861,0.0003083807930036183
2862,0.00987287085103376
2863,0.0005547836338891366
2864,0.0007762322615061324
2865,0.1901299910589548
2866,0.8072410660833306
2867,0.034211445340475176
2868,0.0006825778653866076
2869,0.0011945347848973833
2870,0.01657449896232005
2871,0.007991541783545403
2872,0.0695397222292097
2873,0.003972683757139593
2874,0.0009769205854467248
2875,0.018564236575603882
2876,0.002343556097014925
2877,0.0009667640625051692
2878,0.0
2879,0.0022486316343109038
2880,0.04609403475049581
2881,0.12475962890133249
2882,0.02607587607910236
2883,0.03545947622194103
2884,0.07784519930365462
2885,1.2722967282958464
2886,2.2709523271962238
2887,2.391000111375103
2888,1.9645652340493052
2889,1.9381476495785788
2890,1.4386793443193182
2891,0.8149012210013424
2892,1.5715288102882194
2893,2.2119285167713314
2894,1.6794543709357714
2895,1.9038439701190917
2896,2.076039437249669
2897,2.2978111880627305
2898,1.8419593777632801
2899,1.1700050676617726
2900,1.3079021706140224
2901,0.3202641098896152
2902,0.341361732828597
2903,0.08295154386576059
2904,0.027057936473787608
2905,0.006569033226222712
2906,0.008016122467641433
2907,0.0025217243240390243
2908,0.00023510121857177755
2909,0.00019191195111043852
2910,0.0011861443963001458
2911,2.065854347926517e-06
2912,0.0
2913,4.9142047662143795e-05
2914,2.4273788588136644e-05
2915,0.00011289491622399223
2916,2.2377398571425704e-05
2917,0.0002956996090345274
2918,1.6236324015735068e-05
2919,3.412425554400437e-05
2920,0.0
2921,0.0004182601878486824
2922,0.00019919483514737403
2923,1.8022427025911246e-06
2924,0.0006830090112895669
2925,0.003422626463668635
2926,0.010407667858406156
2927,0.0023284946037088004
2928,0.0006885616277706788
2929,0.001785784973955193
2930,0.0021784863144001776
2931,0.0008084747889755576
2932,0.00011398755179631024
2933,0.000204272105723536
2934,0.0032665325447861823
2935,0.0030550786142131553
2936,0.00017346451516715502
2937,0.0038306210873215733
2938,0.001733292420893859
2939,5.993398532050839e-05
2940,0.05882125178050916
2941,0.02303267974621652
2942,0.02784921091859617
2943,0.011434546249020516
2944,0.11961239642743399
2945,0.8524082709036682
2946,0.7409392954491243
2947,0.7680651419052057
2948,1.4683758282740553
2949,1.5421789086510365
2950,1.8805493876697383
2951,1.2781511636573226
2952,1.114302438255306
2953,1.66258625991666
2954,2.083026410772122
2955,4.162242861988284
2956,2.239015842684078
2957,3.7428586856961776
2958,0.4517923074011111
2959,0.2229289116368439
2960,0.17140819104660662
2961,0.044185870194396876
2962,0.03787421321439392
2963,0.02419322644443548
2964,2.934137521004025e-05
2965,0.0002773306106181343
2966,0.001371030980866213
2967,0.0004340403505075898
2968,0.0
2969,5.118463812314445e-05
2970,0.0
2971,0.0
2972,0.00022410396774673883
2973,0.00023720422820164974
2974,0.0005998648095686184
2975,0.00014393039528578155
2976,8.46019516646728e-05
2977,0.00019408192428728161
2978,0.0006857746151639968
2979,0.00031236753793890737
2980,0.0006294836112937044
2981,0.003221699678470084
2982,0.0019226698831472555
2983,0.00020016220193029465
2984,6.74641779540592e-05
2985,0.0002169636770987049
2986,0.0018022497202525073
2987,0.0009695393920132744
2988,0.0001152293325000938
2989,0.00043526185011612186
2990,0.0037959119517558043
2991,0.00019860048431888898
2992,0.0004964008617851954
2993,0.0
2994,0.0008064277618703679
2995,0.002161998758496563
2996,5.3665553939538955e-05
2997,1.6572792159714742e-06
2998,0.0035423925861928444
2999,0.00533028073820967
3000,0.0007352365604924136
3001,0.0015669802253607773
3002,0.05007738304077839
3003,0.015239625380060583
3004,0.08253055502949228
3005,0.6502957647680158
3006,0.872166166335529
3007,0.14788279112993555
3008,1.343333369367071
3009,1.7018508909356231
3010,3.4561147438016233
3011,1.124457785834055
3012,3.830748221452583
3013,1.3442138802664936
3014,1.7874741657684858
3015,3.720125181318211
3016,2.0344022409783973
3017,1.175727469487579
3018,0.4813068121432204
3019,0.3324726900389905
3020,0.027618916047163034
3021,0.003310778189946938
3022,0.0004385843826193723
3023,0.009993378479357811
3024,0.00017330615167507658
3025,0.001133495177829725
3026,0.00014799842047646678
3027,0.0
3028,0.00021110838253731546
3029,0.0
3030,8.537937482329532e-05
3031,0.00021443794579744508
3032,0.00020119792127174942
3033,0.00010503773132310053
3034,0.0021815429494039325
3035,0.0008835303346250499
3036,0.0004078204440922607
3037,0.0002576946803018524
3038,3.879098372328407e-05
3039,0.0
3040,0.0
3041,0.00010804503318007755
3042,0.0009027952197816564
3043,0.00023552725433816248
3044,0.003453637549503401
3045,0.00021035911106019907
3046,9.819194714892808e-05
3047,0.002515234374474252
3048,0.05158384685021453
3049,0.0007398423121222844
3050,6.933425883652936e-05
3051,0.002813057797311019
3052,0.000830284205271247
3053,9.223651840173468e-05
3054,0.0001049570344566076
3055,0.006559746688478189
3056,0.00029434454207533865
3057,0.00674744293050207
3058,0.029098689842399987
3059,0.0008446487217932402
3060,0.002605843969785486
3061,0.0016544208811117753
3062,0.004375964719260401
3063,0.010226449111292548
3064,0.1859302430925652
3065,0.9033393089420976
3066,0.9634937641554451
3067,0.16509870740774235
3068,0.6960280293399032
3069,1.2841063807017943
3070,1.3380148901404911
3071,1.3965111558879286
3072,4.67045476504723
3073,2.4165485099213893
3074,2.217310820057475
3075,1.9122009713462582
3076,1.3834017757804338
3077,1.279847683560095
3078,0.4348626059142697
3079,0.040755747335945315
3080,0.04063655422404109
3081,0.0031386902775082854
3082,0.0007623675535605172
3083,0.0027148572065728792
3084,0.0003556563978308046
3085,0.0
3086,0.00021360633416406545
3087,0.0
3088,0.0007583462872028265
3089,0.0
3090,1.4452197584003886e-05
3091,0.00015842546194851646
3092,1.854335569404854e-05
3093,0.0
3094,0.0
3095,0.0
3096,0.00018446792527611433
3097,0.00011745470163794859
3098,0.00275887425478803
3099,0.0001696122647167119
3100,0.00045232177597596013
3101,0.0
3102,0.0
3103,5.842206132474736e-06
3104,1.3820099037134091e-05
3105,0.0008970664366356823
3106,0.0003200190453083214
3107,0.002584349810094995
3108,0.0015482805802555322
3109,0.0027433326606558163
3110,0.001038245013704653
3111,0.0040870743008926185
3112,0.002204674268627133
3113,0.0006829651853251447
3114,0.0018748774329724925
3115,3.450183108319701e-05
3116,0.0005409485273011556
3117,0.0004885773447894365
3118,0.0006293121078622463
3119,0.00012320615299519475
3120,0.02017523492369798
3121,0.007009611914528365
3122,0.05188199315353309
3123,0.16145447643528146
3124,0.37206596869174596
3125,0.37607388834225397
3126,0.6453875369178896
3127,0.5112649646113339
3128,0.940779644166124
3129,1.6046469759033226
3130,1.1007420672754393
3131,1.2219455680085767
3132,3.2341679106748926
3133,1.666886038939718
3134,1.4692658682938577
3135,1.3909811616949275
3136,0.7892540050012936
3137,0.30331231309710277
3138,0.1215365481399111
3139,0.001411300201694096
3140,0.006103550616882975
3141,0.0005117580081355222
3142,0.0005363102900401085
3143,4.8523025822366004e-05
3144,0.013646599198011384
3145,5.79722201445124e-05
3146,0.0031454992585952498
3147,0.00020000846583285596
3148,0.0
3149,5.850253831202317e-05
3150,9.570849995695322e-05
3151,0.000370043550991238
3152,0.003928618548880142
3153,0.0004017359003586825
3154,0.00040039901720206905
3155,8.07796847251978e-05
3156,0.0005184423985766858
3157,0.0003559700129688493
3158,0.0
3159,0.0
3160,5.6071015374738414e-05
3161,4.921648089509767e-05
3162,0.00027211867821715823
3163,0.00015922567918883363
3164,8.882304094907107e-05
3165,0.0002216673523636936
3166,2.7539150289982592e-05
3167,0.005874749637363448
3168,0.002219227250360665
3169,0.00039872432494697106
3170,0.0006898914854405267
3171,0.0006403108144599949
3172,8.587162116370475e-05
3173,0.0
3174,0.0002112428746408381
3175,0.0004856090904715677
3176,0.02073485781845159
3177,0.0027753158377213545
3178,0.001032072560950556
3179,0.0016493296041887831
3180,0.01409639025215953
3181,0.017497726917241163
3182,0.06649145939471263
3183,0.13930297954034143
3184,0.3317246745312656
3185,1.1668283236508963
3186,0.5483906515293385
3187,0.8131829203787667
3188,0.5766674381594123
3189,0.8503933670329406
3190,1.0254013448101338
3191,1.9688799484961985
3192,1.6633414239220006
3193,2.3839551502979335
3194,0.9225659639760512
3195,0.2908522826246428
3196,0.16479598204955934
3197,0.00938581706252915
3198,0.00792892413923608
3199,3.187572183120922e-05
3200,0.0005697085704214341
3201,0.0005600258626717664
3202,0.0001349149039664297
3203,0.00041475833729189693
3204,0.020483485668396306
3205,8.65766967044833e-06
3206,2.2230679115175972e-05
3207,0.0
3208,0.0009361030218123541
3209,0.0
3210,0.00021934736116583357
3211,0.000261679569917004
3212,5.328583141482277e-05
3213,0.0
3214,0.0
3215,6.029951555285023e-06
3216,0.00041036224794368387
3217,0.0004652703842212642
3218,0.0
3219,7.45937079931465e-05
3220,9.375465278924243e-05
3221,0.0
3222,0.0
3223,0.00011459709269162811
3224,0.00012850371181177256
3225,0.00011593959648909469
3226,0.00024667806546876405
3227,0.0003960171944500934
3228,0.00018242985470674726
3229,0.00031498797617974324
3230,0.0005506068060114754
3231,1.5173897230213668e-06
3232,0.0002265011037555552
3233,6.618355394328082e-06
3234,0.019117697990016405
3235,0.000791299708247958
3236,0.0007859567587861727
3237,0.0031043422593455185
3238,0.017384291978835984
3239,0.0003649326279588582
3240,0.10505346669519124
3241,0.08595448473977302
3242,0.06915595544830086
3243,0.5843083599316561
3244,0.3140779490559241
3245,0.5782192380274982
3246,0.6275645892349548
3247,0.3501028769291552
3248,0.5663397018983937
3249,0.6987252209979853
3250,1.6504681025586394
3251,1.4961364599545175
3252,0.7011396575665949
3253,0.3160184283056367
3254,0.342786408521464
3255,0.2893799695160407
3256,0.015848491201861704
3257,0.003649804156082067
3258,0.00036250363059335425
3259,0.00026342601842030666
3260,0.0023073611706000354
3261,0.000737368734228635
3262,0.00017151043014911028
3263,0.003361941196216274
3264,0.000172496145953822
3265,0.0002379965784528662
3266,0.00017243966211533956
3267,0.0
3268,3.128101550512322e-05
3269,0.0
3270,0.00019743295356227947
3271,7.108362824395791e-05
3272,0.0003444922288032453
3273,0.0
3274,5.966230395444247e-06
3275,0.00014643997070862226
3276,7.101374320997544e-07
3277,0.0
3278,0.0
3279,6.520621694553966e-05
3280,0.00010970738999751334
3281,0.0013650805082553743
3282,0.0
3283,0.00023581673284785328
3284,8.454401215289552e-06
3285,0.00044892473230571874
3286,0.0015016985765846052
3287,0.0009403282945957512
3288,4.308705125516417e-05
3289,9.971513109067411e-05
3290,0.0
3291,0.0
3292,0.00029118119326298765
3293,4.1260124062908827e-07
3294,0.0011319928331057021
3295,0.00016697542448134166
3296,0.0010552615208278071
3297,0.026127623638153644
3298,0.06457551598288348
3299,0.002086222380638167
3300,0.190016906744774
3301,0.10914449358201195
3302,0.3169571287662464
3303,0.2013271051319848
3304,0.3707737346875975
3305,0.22248084024149528
3306,1.4269843667770779
3307,1.542385294496516
3308,1.2810690410877286
3309,2.6345991414604
3310,3.9245968667383226
3311,1.5519925266321826
3312,0.517092734674475
3313,1.147120113889533
3314,1.1793724276852142
3315,0.015358815087703964
3316,0.00034119888397219093
3317,0.0034426012463296867
3318,0.0007771152061136715
3319,0.01855632477759513
3320,0.0007324195134061985
3321,0.00211081971245764
3322,7.375650566438912e-05
3323,0.0005636599209469957
3324,0.00048773813904311273
3325,0.0
3326,0.0
3327,2.0173363461758453e-07
3328,0.0
3329,0.0
3330,0.0
3331,0.0
3332,0.001686525462784549
3333,0.0
3334,1.1514955863971854e-05
3335,0.0004705262191638501
3336,0.0
3337,0.0
3338,0.0
3339,0.0005981805733680629
3340,0.0
3341,1.1399295246790936e-05
3342,4.530399477151976e-05
3343,0.00010879629541728393
3344,0.00019097181765618626
3345,0.0008886985254717431
3346,0.0
3347,0.00022272894903409946
3348,0.0019220293078371165
3349,0.00015237075911755878
3350,0.0003779842765102744
3351,0.0002117626314782514
3352,0.0
3353,0.00012513940822598098
3354,0.001089722057695469
3355,0.024982284464208904
3356,7.779710636934138e-05
3357,0.004510191146526925
3358,0.0026092127460991404
3359,2.4584969902685083e-05
3360,0.005013947646404628
3361,0.05191078758000758
3362,0.5627875899635589
3363,0.04183180669629917
3364,0.8558471308118853
3365,0.6288137431027743
3366,0.9497713894109054
3367,3.4075488070219757
3368,2.6395414215596826
3369,1.10075921060895
3370,2.377052269491212
3371,1.1304839026825508
3372,1.1080192469984447
3373,2.363057821249264
3374,0.08035017853584954
3375,0.031760711881384296
3376,0.02306333336426181
3377,0.009483907093787219
3378,0.017553274843494206
3379,0.07315041945218745
3380,0.004626160373471394
3381,0.00045087809126399147
3382,0.00020633112542911656
3383,0.0001197711322023462
3384,8.913031747206316e-05
3385,0.00039952211126392703
3386,0.0
3387,0.0
3388,0.0
3389,0.0
3390,9.308383432162573e-05
3391,1.1042099086247915e-05
3392,4.1712210290336715e-05
3393,0.0
3394,0.0
3395,4.952097769818304e-06
3396,0.0
3397,0.0
3398,0.0
3399,6.166898018302491e-05
3400,0.0
3401,0.0
3402,6.237867700963682e-05
3403,0.0
3404,0.0003279597575623701
3405,7.85610884322322e-05
3406,0.0
3407,0.0
3408,0.003549939364263427
3409,0.00032453011244702707
3410,0.0
3411,2.7940142072803385e-05
3412,3.8637660166034844e-05
3413,0.0010339385818211107
3414,0.00015014530032123218
3415,0.011745827519413974
3416,0.00014382165940181023
3417,0.00151341311598486
3418,0.00013742504268387764
3419,0.00019936032440394128
3420,0.001640365716572109
3421,0.01981446480095231
3422,1.9709849430636404
3423,0.09790136426070095
3424,0.25485501986467335
3425,0.19044188690990357
3426,0.4359467951148106
3427,0.9596003993555996
3428,1.3082222362394793
3429,0.5182209229851809
3430,0.5131528434160467
3431,0.08904339707715919
3432,0.23481547752784176
3433,0.019446280707494074
3434,0.003366627283620013
3435,0.0020166431102962195
3436,0.022839838423984623
3437,0.0070213847043271195
3438,0.011692021519975457
3439,0.010073431021904883
3440,6.909780452921593e-05
3441,0.0005117175375709887
3442,3.511779111423092e-05
3443,3.382938606267875e-05
3444,0.0
3445,6.5200310708404215e-06
3446,3.738796694912738e-05
3447,9.383572769692058e-05
3448,0.0
3449,0.0
3450,0.0001526666351150072
3451,8.099470940806277e-05
3452,0.0
3453,0.0
3454,0.0
3455,0.0
3456,0.0002673750729247315
3457,0.0
3458,0.0
3459,0.0
3460,0.0
3461,0.0
3462,0.0
3463,9.41073956582128e-05
3464,9.008079231123938e-05
3465,0.0010655382430649445
3466,0.0
3467,0.0
3468,0.00034278579628113274
3469,0.0031061372116214553
3470,7.714294187776845e-05
3471,8.986893088561592e-05
3472,9.372544664333565e-05
3473,0.0012878594703547512
3474,0.0012464933156074158
3475,0.0006448213896916474
3476,5.119497655101733e-05
3477,2.9541873453400835e-05
3478,9.169466138817896e-05
3479,9.089425937182954e-05
3480,0.0015396797040986314
3481,0.0030258519270927094
3482,0.1328807724224559
3483,0.023223445939570198
3484,0.0031921185509443907
3485,0.013234465898198973
3486,0.025023129743313124
3487,0.17615896057152455
3488,0.24556692570203398
3489,0.12485316873119365
3490,0.052314990001883624
3491,0.009633672340837172
3492,0.020753672305218372
3493,0.027890932627442803
3494,0.015528147535260122
3495,0.10425784133199663
3496,0.03065308437302573
3497,0.007597920050410315
3498,0.001757011911646876
3499,0.000700544856193861
3500,0.0007560825344810665
3501,0.00027862738132446705
3502,0.0003275502011693033
3503,0.0008071668168219872
3504,0.0
3505,0.0
3506,8.322985466623259e-05
3507,0.0
3508,0.0
3509,0.0
3510,0.00012097331160090362
3511,0.0
3512,0.0
3513,0.0
3514,0.00014717769587265045
3515,5.7383292853011754e-05
3516,0.00025373052733295895
3517,0.0
3518,0.002120499545235737
3519,0.0005909787808879189
3520,0.0
3521,0.0
3522,0.0001355686683324702
3523,1.4673378179132441e-05
3524,0.0
3525,0.0022854741601870316
3526,0.0
3527,0.0
3528,0.000904363289586097
3529,0.0025504732888961172
3530,0.0018439275972818967
3531,0.00014978515631091396
3532,8.601440554192247e-05
3533,0.0
3534,0.0
3535,1.517379022415425e-06
3536,0.0007246746610716756
3537,0.00020874185033895244
3538,0.00013930023695674296
3539,0.0
3540,0.004157700959986828
3541,0.1531838919361748
3542,0.008077556904361188
3543,0.002251592407616861
3544,7.145046929176959e-05
3545,0.0015263892994056474
3546,0.0030453462751007187
3547,0.16645961427326367
3548,0.008848538933126204
3549,0.0068769772981676
3550,0.019659589519829622
3551,0.021067723573545513
3552,0.24731609027263463
3553,0.06301745302334837
3554,0.03166272757694785
3555,0.017716591233556723
3556,9.543547709646731e-05
3557,0.0019903457323665174
3558,3.3623930592865353e-06
3559,0.00039440064609594524
3560,0.0
3561,6.528960512092852e-05
3562,0.0008843784790634392
3563,7.505399386223593e-05
3564,0.0002522252143776397
3565,0.0
3566,0.0007405630551849021
3567,5.452149220820827e-05
3568,0.00042864594236717487
3569,7.968602760804268e-05
3570,5.672182674007098e-05
3571,0.0
3572,0.0
3573,0.0
3574,0.0
3575,1.121417440505316e-05
3576,0.0
3577,0.0
3578,0.0
3579,0.00017248538847928878
3580,0.00015021183528457106
3581,1.68657637988753e-05
3582,0.00010623204360248512
3583,0.0
3584,0.0028940628877709806
3585,0.00131179040291683
3586,0.00024039937664533878
3587,0.000274285959314858
3588,0.00012581268012775115
3589,0.0
3590,5.0905693105914074e-05
3591,0.0008068411673052549
3592,0.007153014429692839
3593,0.0022203377454935403
3594,0.0004908932595970195
3595,0.0014557712922110538
3596,0.0004475750555665786
3597,0.0
3598,0.0016947815371474472
3599,0.018655404906139105
3600,0.08143312090892296
3601,0.20962365858470602
3602,0.07121559983739492
3603,0.005538092746739481
3604,0.0016106207902540914
3605,0.0010950534867006
3606,0.00282678019149308
3607,0.03128561125576865
3608,0.2094048432783924
3609,0.05422071464628936
3610,0.05417452192651688
3611,0.08082174276823066
3612,0.0795511282330872
3613,0.08259645174618088
3614,0.0018212898596074402
3615,9.010769012918883e-07
3616,7.455537179106956e-05
3617,0.00014524526343876896
3618,0.00034599496532761447
3619,4.055652990351926e-05
3620,0.0012986185812328866
3621,0.0013312268059324714
3622,0.0
3623,0.000798987962730552
3624,0.00033471586009708456
3625,0.0032229118217895762
3626,0.011277534758626551
3627,0.0015080075563501964
3628,0.0
3629,0.00021221840405410923
3630,0.0
3631,1.7873600027118025e-05
3632,0.0
3633,0.0
3634,0.00018929339381616847
3635,0.00013526105712019358
3636,0.0
3637,0.0
3638,4.4230771835354203e-05
3639,2.2634513804093087e-05
3640,0.0001712261294998161
3641,0.0
3642,0.0
3643,0.0
3644,0.00022957287619481258
3645,0.0
3646,0.002108273904347948
3647,0.0016790831349051535
3648,0.003325686557942689
3649,0.0
3650,0.0011664292549224604
3651,0.0005658399295158304
3652,0.001291299684968969
3653,0.3945013201406884
3654,0.020614347554312924
3655,0.007065069625286545
3656,0.02621087689592202
3657,0.00186382831567093
3658,0.006318502239373044
3659,0.042027797095798375
3660,0.03508365303954556
3661,0.4988440416149264
3662,0.19420395797481813
3663,0.2008688907355967
3664,0.053461071728511805
3665,0.03215762398677921
3666,0.004317751918057741
3667,0.016218502910122435
3668,0.023784201467679785
3669,0.026109295017962567
3670,0.008058586494698924
3671,0.010090950577350249
3672,0.004700885296637051
3673,0.014424305555370722
3674,0.0003153520121925562
3675,6.061516041230842e-05
3676,0.00013707804197618309
3677,0.001480761326315436
3678,0.000588188480297407
3679,0.0
3680,3.0479206088667596e-05
3681,0.0
3682,4.327234970920574e-05
3683,0.005567287162214911
3684,0.0056043064193273436
3685,0.02301477830724775
3686,0.030040639671544637
3687,0.12996380106337713
3688,0.0002013508611454328
3689,0.0036211514649343527
3690,0.0030842594590967808
3691,0.00039308695016280446
3692,0.0004032072681204556
3693,0.0004300756637298561
3694,0.00010965568381110066
3695,0.0001672227345260072
3696,0.0
3697,1.3508750525988663e-05
3698,7.949504267115732e-05
3699,0.0004649140534358654
3700,0.0
3701,0.0
3702,0.00013055676875117474
3703,3.823175452526546e-05
3704,0.0
3705,0.0
3706,0.0003117368752270172
3707,0.00016672972414671978
3708,0.0046454312599433735
3709,0.00012151957815355295
3710,0.002083278348704376
3711,0.0030447626585889376
3712,0.00010534168952022918
3713,0.00091004193148453
3714,0.04228179133131163
3715,0.006134012185323633
3716,9.647647401397681e-05
3717,0.0001837480559038885
3718,0.00027777810127075503
3719,0.010303193018404561
3720,0.8492524710636528
3721,0.9136084024246209
3722,0.7021807614423551
3723,0.13462569245320577
3724,0.02168234991093641
3725,0.09811428978558948
3726,0.016859968056163886
3727,0.08243549962605896
3728,0.007940226115081949
3729,0.010713445155579093
3730,0.0005901909010939837
3731,0.0011336624144687541
3732,0.00032777540024813415
3733,0.0006021600273368733
3734,0.0014350154738476536
3735,0.0003553007550305834
3736,7.91129475244713e-05
3737,0.0023037364978377374
3738,0.030055355498283733
3739,0.0016250322213567981
3740,0.0034159681891014954
3741,0.019718984433054434
3742,0.022451201609725788
3743,0.536628951989605
3744,0.1540193062862836
3745,0.02824657137965304
3746,0.009296839228385702
3747,0.002142095930259055
3748,0.000735581572307711
3749,0.055549690325954915
3750,0.0007973877405397116
3751,0.0
3752,7.710652975607513e-06
3753,0.0025372218391671885
3754,0.002144419761098581
3755,0.0003552523280405074
3756,0.00011061800969041144
3757,0.0010248846044964594
3758,0.0003876338420720511
3759,6.024586604423553e-05
3760,3.3212844027869615e-05
3761,0.0
3762,0.0
3763,0.0013316211596447324
3764,0.0012745580230038994
3765,0.00013783397531274297
3766,0.0
3767,0.0003515650837471013
3768,0.001954639767763153
3769,0.0007521115117222404
3770,0.0001996779320295212
3771,0.0011819550904562412
3772,0.0049732850768400266
3773,0.00022963003120673336
3774,0.0025533773587225806
3775,0.019929732279140043
3776,0.0020870538236542483
3777,0.009724685756311906
3778,0.19532824146216193
3779,0.003778711470410906
3780,0.22576102773840787
3781,2.42108039288864
3782,0.40737966644206886
3783,1.1951527544846967
3784,0.03723524066287077
3785,0.00040781349255828006
3786,0.02272683812818849
3787,0.07165445067833756
3788,0.009811947081420665
3789,0.0008974657575152376
3790,0.0005970169374811117
3791,0.00021598130346141013
3792,0.0003987233286279711
3793,0.0028776743205269966
3794,0.012338457806142405
3795,0.0003732445266954585
3796,0.00028421636411310724
3797,0.014281579572149823
3798,0.34615056859812915
3799,0.022396129859483374
3800,0.056183852208911526
3801,0.0012129119808196958
3802,0.0
3803,0.004048279140585379
3804,0.019302629841022788
3805,1.0598188466107834e-06
3806,0.0
3807,0.0
3808,0.0
3809,0.00017443288658853566
3810,0.0003027719531869467
3811,0.0008998947502920143
3812,0.005584694515418714
3813,0.001022226839310945
3814,0.0
3815,0.0007065066569112892
3816,0.0001849692817458622
3817,0.00044454064703820963
3818,0.00030875107409867735
3819,0.00025382840342888497
3820,3.306419609781629e-05
3821,0.00033942886309545775
3822,0.002194958144170389
3823,0.0005573475977031599
3824,0.000280586723647789
3825,0.00017648974103596772
3826,0.00678843671278178
3827,0.0011005707641898509
3828,0.0016530143169020462
3829,0.0013577074181954244
3830,0.0020706896639022198
3831,0.00321601606622021
3832,0.0004382359686081662
3833,0.00017640190401390217
3834,0.020629357906771263
3835,0.0013770949417884152
3836,0.0006539771376681429
3837,0.00043837197691902545
3838,0.0011682871218044587
3839,5.04089980210184e-06
