grid_id,rainfall
9,0.35852494370676063
10,0.2833059115743315
23,0.2923518883873582
24,0.24938018510722124
25,0.2626253996700813
26,0.2792995389813735
27,0.2843430558924484
69,0.3190331815566471
70,0.27436242979215913
83,0.31926951672714016
84,0.3308230130185697
85,0.3470165287130053
86,0.3377725768078664
87,0.33171682052331664
111,0.5826217594789623
129,0.3188631539778779
130,0.23132937855327604
143,0.40502934994066564
144,0.4168746206275193
145,0.3813379724881536
146,0.322476305449974
147,0.35001449872680457
171,0.606774976870467
172,0.586081281425468
203,0.4710039535459602
204,0.4657475468824159
205,0.4226675828072044
206,0.3918555688662375
207,0.42553860086612955
230,0.6593985736408486
231,0.6421477696196607
249,0.5222446066053829
250,0.5135847050027839
257,0.5051200519451282
258,0.4852879168399546
259,0.4668970681863273
260,0.4021307229333508
263,0.46931138536899625
264,0.49053771863782397
265,0.43182191977068524
266,0.36847569848874834
267,0.4530553787592552
290,0.6293661698841163
291,0.6484807261184945
299,0.5185877558698109
316,0.47812015034569894
317,0.4891311652153976
318,0.48956042549031387
319,0.4265467716906089
320,0.38363900353602043
323,0.40237293552168035
324,0.46839877772595034
325,0.4558392193236955
326,0.4522782175014715
349,0.6660089748915863
351,0.6586479729213691
359,0.5116523456240261
376,0.5153803441963426
377,0.5118237812150741
378,0.5239960604858481
379,0.4694459489432356
380,0.3870088309161906
381,0.3740743003308902
382,0.3865107834220078
383,0.3223734523072302
384,0.36021160733820096
385,0.37415384379772876
409,0.6778079259853685
419,0.4904993802617703
436,0.5540844487309028
437,0.5619405948936949
438,0.5557599854433506
439,0.5062166257789583
440,0.4214230997236837
441,0.3856538993187168
442,0.4171261101986379
443,0.3401297771118624
444,0.29708394023617074
445,0.2549033857129032
479,0.5107652015416103
491,0.5519961905490145
496,0.5719923625443953
497,0.5758720751007795
498,0.5364456409428905
499,0.5314309628162762
500,0.4782745847684353
501,0.40490814171029194
502,0.37918316706441385
503,0.4004686062619505
539,0.5712266801239215
548,0.6155604500404949
549,0.5739208989362752
555,0.6226295758058326
556,0.6205189048469609
557,0.605889479138049
558,0.5381300180628006
559,0.5123339722200483
560,0.4497300278542207
561,0.37260373057722956
562,0.3623758114096767
563,0.37156851894481463
588,0.7404136032010026
589,0.7433818039698771
599,0.5636832997775635
608,0.525835321531233
609,0.6027195463649387
615,0.6454975605969275
616,0.6297200462260499
617,0.6087878484351481
618,0.564794575895204
619,0.4763134394867685
620,0.4176608196485334
621,0.3661724440473411
622,0.33959489266262183
623,0.3344561510627468
648,0.6927906436576583
649,0.6448531059316073
659,0.5996278930326571
674,0.6862224363918749
675,0.6854681979179555
676,0.6990541244195659
677,0.6328973044338407
678,0.5321436533492285
679,0.43218733293792616
680,0.39991117638348633
681,0.3429539318528114
682,0.29110097800251594
683,0.2723404462356938
708,0.6710816390421831
709,0.6900931116920898
710,0.698334395266263
718,0.6342863938862916
719,0.5972355602424301
733,0.6803519566514641
734,0.6842731520564721
735,0.7084725986628467
736,0.7055726550743948
737,0.6448640861405281
738,0.5647253745771003
739,0.4846154253673222
740,0.4046123008761573
741,0.3386724796993604
742,0.2306582294143011
743,0.2764679346571862
744,0.298053644792794
769,0.6923378052632635
770,0.6728610792061976
771,0.62628227979044
779,0.6021129453628515
793,0.6543305109603806
794,0.6907689405874226
795,0.7129510399742772
796,0.6963102080722635
797,0.6358960235333417
798,0.5717165460873871
799,0.4928300216342578
800,0.3571419375406068
801,0.283493541574196
802,0.23683510073637135
803,0.24993850913362836
804,0.22731980633495277
829,0.6584076981283719
830,0.6417193784144548
839,0.5573042760408747
853,0.673146514549031
854,0.707270822783277
855,0.7032064759140733
856,0.6712309181797999
857,0.6421436816257794
858,0.5845618048527293
859,0.5162888655779715
860,0.4461381776253936
861,0.41683822509793794
862,0.2887051454651419
863,0.24362592037351183
864,0.2826643589918592
889,0.6465454671587726
890,0.6272893832694258
892,0.5551102223816352
913,0.6861039557098323
914,0.7344959017043896
915,0.715950932497382
916,0.6722259271612123
917,0.6294526265586864
918,0.597352118820952
919,0.5672412428225319
920,0.5382947640325385
921,0.48554669845689186
922,0.4043154321942645
923,0.3969085911014793
924,0.36102766978102635
949,0.6128761302354384
950,0.5936474746488519
952,0.5225435395643195
959,0.5511507818270879
972,0.6401579871166879
973,0.6850820638298386
974,0.7252578909754588
975,0.7168344074424526
976,0.6796925903594744
977,0.647963208003525
978,0.6159536578588514
979,0.5785147895220243
980,0.5733075234291876
981,0.5203478379597675
982,0.4167746243527519
983,0.4264797583237127
984,0.44526297505282386
1010,0.5830871604035994
1019,0.508690460774826
1032,0.6447604850277407
1033,0.7039011550858666
1034,0.714890047742346
1035,0.6993367433094463
1036,0.6716055791409513
1037,0.647441052150285
1038,0.6172195224130853
1039,0.5867784512173307
1040,0.586575982053787
1041,0.49529143211370563
1042,0.361252459812309
1043,0.38654309464797615
1044,0.42715847060158024
1071,0.5026785319943594
1079,0.5549631114000734
1091,0.5766283722652759
1092,0.62682214853265
1093,0.6709360600531641
1094,0.6921622391000616
1095,0.6703928369683743
1096,0.6621557373223156
1097,0.6453292474404669
1098,0.6441896127538539
1099,0.6326160437457617
1100,0.6059038195226004
1101,0.5240831808044862
1102,0.3673845084536591
1103,0.3143778140169417
1104,0.4197421954541314
1139,0.5266327771659376
1150,0.6113624743450327
1151,0.6202508688776964
1152,0.6600494897933872
1153,0.6736447059742554
1154,0.648392587601897
1155,0.6195119867314212
1156,0.6031681633131453
1157,0.5994318324471679
1158,0.6038245505415164
1159,0.5862447780513665
1160,0.5703156146771797
1161,0.5343089963297277
1162,0.4449310782608613
1163,0.34044062992831026
1164,0.397065303282307
1165,0.47224944007105857
1166,0.5249647953274837
1192,0.4899134849903019
1193,0.45247892028655795
1194,0.4506339737551414
1195,0.4060088692748873
1199,0.5228962371319231
1210,0.6005385213365789
1211,0.649795688403063
1212,0.6859007318432813
1213,0.6678004107624131
1214,0.6268369805894445
1215,0.5785482812396682
1216,0.5296915739158117
1217,0.5514550255511804
1218,0.5163587847507074
1219,0.5119210520054097
1220,0.5277512708570008
1221,0.5210605150570541
1222,0.46457067079183006
1223,0.41574769810395057
1224,0.42445056095444395
1225,0.4824527397628115
1226,0.528055523713087
1227,0.5153041939326695
1228,0.5192193068856923
1252,0.4558553666465006
1253,0.45406700169046105
1254,0.4877484913224855
1255,0.47208370278552114
1256,0.46617985160558134
1257,0.4442164944567631
1258,0.4919905414529419
1259,0.5068488443972999
1270,0.5923724450697451
1271,0.6263681762082568
1272,0.6617089009546966
1273,0.6585286077491969
1274,0.6111335952119431
1275,0.5686934334193968
1276,0.4967975765732973
1277,0.512404847969325
1278,0.4918278152080411
1279,0.5057384221908431
1280,0.5031956010763472
1281,0.5090428711802468
1282,0.467607316048928
1283,0.4629262379347805
1284,0.486708835733783
1285,0.5232777263684238
1286,0.5083846886515326
1287,0.5017994878684915
1288,0.5297943802143575
1312,0.4282480052285796
1313,0.5387031585263807
1314,0.4880671873531688
1315,0.45432438454789276
1316,0.43654478814618125
1317,0.48002552892379996
1318,0.5170579770801463
1319,0.5303496260357276
1330,0.5599067991700214
1331,0.6208746951879273
1332,0.6348850174642106
1333,0.5846523018964597
1334,0.5433774603165866
1335,0.5154556618712886
1336,0.49459753923373156
1337,0.48984008013009683
1338,0.4932020920006357
1339,0.4877769843878946
1340,0.4884739902949992
1341,0.46850102216090295
1342,0.48301395551869913
1343,0.46039123377687546
1344,0.45936864719770415
1345,0.4850110905613425
1346,0.5078329504145624
1347,0.5269989562239433
1348,0.5601180075636555
1349,0.5651364705993062
1350,0.5794803430270493
1372,0.49586870804261407
1373,0.5568055435100964
1374,0.5031430622136425
1375,0.4475130161280653
1376,0.46458744469162866
1377,0.5344595903399818
1378,0.4923907157302454
1379,0.48441580214551205
1389,0.45521932607234733
1390,0.5218471666385284
1391,0.5577703397632877
1392,0.5347537775365674
1393,0.49419881832993046
1394,0.4498347523257196
1395,0.46909656363655516
1396,0.47046068332335894
1397,0.4671063499200037
1398,0.46906153970531816
1399,0.48983459485542985
1400,0.4392153376914225
1401,0.4235676585311277
1402,0.4488758624456015
1403,0.4539434628493988
1404,0.4322041216287446
1405,0.47439710438536725
1406,0.5066941623012899
1407,0.5445600203602015
1408,0.5659267033642834
1409,0.5714478016091481
1410,0.5721831515681087
1411,0.5961577085733379
1432,0.5476929187584375
1433,0.5866867839726407
1434,0.5909506545750921
1435,0.5403675589445525
1436,0.5646678243709196
1437,0.5499980080280913
1438,0.5296844543078976
1439,0.5075158418774182
1449,0.29051405852416584
1450,0.4546483470185958
1451,0.45742201479440586
1452,0.46588675043512345
1453,0.45289937897568394
1454,0.42757714378132894
1455,0.4117400049014271
1456,0.3796428977129267
1457,0.39743074672022977
1458,0.41206257478929836
1459,0.4614651533740699
1460,0.439536485719278
1461,0.4623111379408384
1462,0.450786547443827
1463,0.46698326663936407
1464,0.4845359829536724
1465,0.48273033261939274
1466,0.5262500563381454
1467,0.5198523686602812
1468,0.5645471262765266
1469,0.6096868053578319
1470,0.6304187540230164
1471,0.604655083550838
1472,0.6017696964308645
1492,0.5523901629007767
1493,0.5408652730548519
1494,0.5590059894088107
1495,0.5369433558192581
1496,0.5575447007339508
1497,0.5605340239572778
1498,0.5629606831565688
1499,0.516376409154199
1509,0.2980745017469896
1510,0.36402257506848845
1511,0.4007281870963646
1512,0.42718369069354933
1513,0.4107327364407302
1514,0.3920417181395684
1515,0.33279951638167504
1516,0.33164659698931626
1517,0.3722125037013951
1518,0.4039493169865644
1519,0.42877164906397236
1520,0.45498016095193244
1521,0.45683636161410046
1522,0.45997309273385184
1523,0.4945064615205017
1524,0.5256216148899217
1525,0.5598142847971435
1526,0.5566517198428816
1527,0.5665184198471676
1528,0.5737599058460201
1529,0.576476280475485
1530,0.6234908688338903
1531,0.6397993132344016
1532,0.6558699435605472
1533,0.6011351469777736
1550,0.46976515004157154
1551,0.4894868159745944
1552,0.5561374197205865
1553,0.5528691387788148
1554,0.5450049094141264
1555,0.5122712749266226
1556,0.5503421003221634
1557,0.5466462983550728
1558,0.5446896843229999
1559,0.4811137720552898
1569,0.44979609636309853
1570,0.5218463630769594
1571,0.42670619573272
1572,0.39942744472508257
1573,0.33638475551669167
1574,0.285022555598722
1575,0.29741551612494693
1576,0.32549546308166544
1577,0.4113991207838432
1578,0.45071861171664884
1579,0.48575051451642715
1580,0.4918688344024691
1581,0.49749230611629275
1582,0.4953383267293013
1583,0.49303899948587854
1584,0.5175176840192464
1585,0.5771841189069035
1586,0.5833775410789458
1587,0.5819988606539931
1588,0.5752859033960606
1589,0.5973826747909052
1590,0.6437781019193433
1591,0.6618717218784449
1592,0.6623846327911264
1593,0.6036769769246974
1594,0.595327078113101
1610,0.5695567511290359
1611,0.5789597777702041
1612,0.6024088975119561
1613,0.5551803428884831
1614,0.5310095695602747
1615,0.5215703369157639
1616,0.5331461808575756
1617,0.5487491427488403
1618,0.5446317917573601
1619,0.5352548927151016
1629,0.5245716408461484
1630,0.5304661424529928
1631,0.4347982940128809
1632,0.39952823341145355
1633,0.3305829623116259
1634,0.2890620509108482
1635,0.31875989756420026
1636,0.37657145438448675
1637,0.41985967344243463
1638,0.39740604429022724
1639,0.4061055279476833
1640,0.4537326520269261
1641,0.48273741276175525
1642,0.4861854926979046
1643,0.4838854524824323
1644,0.49258954400853644
1645,0.542895669681975
1646,0.5506047937135589
1647,0.5419967630981531
1648,0.5420354606434715
1649,0.578988579190399
1650,0.6172302068873107
1651,0.6149726723254608
1652,0.5998772127486275
1653,0.5911316740269555
1654,0.5812133300805454
1655,0.5972857175595977
1656,0.601851924949444
1669,0.6126537647908438
1670,0.6220038556700485
1671,0.6135660110832019
1672,0.576277264413433
1673,0.5423397810071795
1674,0.5309139485761154
1675,0.5483321443406394
1676,0.5329348348543638
1677,0.5267541911238526
1678,0.5098861111516253
1679,0.5288380351025018
1689,0.5488348023267826
1690,0.5436051154723253
1691,0.41508814072844274
1692,0.3674586595691973
1693,0.37007410909284383
1694,0.32742458405999625
1695,0.3695279462811641
1696,0.41548532958764617
1697,0.41743935919395714
1698,0.3985668434354956
1699,0.38515082250803606
1700,0.41919887801324623
1701,0.4361350307465914
1702,0.44383629167163985
1703,0.4713262541568135
1704,0.47869557700484733
1705,0.4985612540282194
1706,0.5261280328044226
1707,0.5201931506390826
1708,0.5394470741333773
1709,0.5248168725539747
1710,0.5318563420573322
1711,0.573858882949977
1712,0.5644458226255983
1713,0.5555720002675815
1714,0.5502873854381576
1715,0.5727660299064927
1716,0.5891951101721953
1717,0.6081342709548977
1728,0.5980264078686771
1729,0.5967023623256282
1730,0.5956367540891486
1731,0.5973558163719757
1732,0.5768096104215342
1733,0.5368376588540528
1734,0.5171320115238535
1735,0.5218352492140084
1736,0.5151621166096062
1737,0.515616943223322
1738,0.5303666973359976
1739,0.5487112060917106
1744,0.48521200459664454
1745,0.48555523250237814
1746,0.4542962737650318
1747,0.4309068008826287
1749,0.483944980478276
1750,0.5405742526989168
1751,0.4889480803848099
1752,0.3614726361938736
1753,0.3952804603541318
1754,0.4343457624807964
1755,0.4431324615830295
1756,0.4220619549934655
1757,0.4331481975951556
1758,0.41049764900836916
1759,0.3862525028973259
1760,0.44134476227130276
1761,0.4528866664874514
1762,0.4297660138615535
1763,0.4385058760254834
1764,0.46836954593130464
1765,0.46466371879532814
1766,0.4869499054011126
1767,0.505655306960289
1768,0.5039430266751758
1769,0.48301127932307325
1770,0.5018502421837528
1771,0.5345915133600264
1772,0.5521340761497086
1773,0.5407942370880827
1774,0.5170150653164869
1775,0.5419781887925786
1776,0.5743852170023939
1777,0.6078690786122057
1778,0.6274594000841051
1788,0.6203194559450558
1789,0.5954691871805848
1790,0.595340331980648
1791,0.5866399749478401
1792,0.5595296646580322
1793,0.48812392484248424
1794,0.4755263373923777
1795,0.4740571870582424
1796,0.4568865310218196
1797,0.47060617361928997
1798,0.5245198511068726
1799,0.5373509606757821
1803,0.4426589392666036
1804,0.4859857013751705
1805,0.4465961573388096
1806,0.41315613626894004
1807,0.49189091456322687
1808,0.44287332465380413
1809,0.3666246721207176
1810,0.44480746150836104
1811,0.5087976631787351
1812,0.5005881193229766
1813,0.46608273749248474
1814,0.47536317529304184
1815,0.49400585361881094
1816,0.46295089444473686
1817,0.44389696012230107
1818,0.4296290732186472
1819,0.4274839763631843
1820,0.4512584739672856
1821,0.4712346471156208
1822,0.46326829844046974
1823,0.46892514209335917
1824,0.45407582706191935
1825,0.46199485147572344
1826,0.4807445855625658
1827,0.4822058305633236
1828,0.49615145042120856
1829,0.4927626613866534
1830,0.4963235254165757
1831,0.48573999515653715
1832,0.5274812685409844
1833,0.5544524693719809
1834,0.5521399966810928
1835,0.5503448061312827
1836,0.565132127670012
1837,0.5725604006528127
1838,0.5712264205336041
1847,0.5887223045045592
1848,0.6213967303821544
1849,0.6257815086683752
1850,0.593552236247629
1851,0.5632571301248134
1852,0.5125078544105935
1853,0.4870825127664003
1854,0.4863622378816988
1855,0.4709135813607992
1856,0.43008383410320894
1857,0.4372135619807052
1858,0.48738296315398183
1859,0.5152966443018226
1862,0.38787627906663635
1863,0.423732961489424
1864,0.41750778713411224
1865,0.41897727171736293
1866,0.3233238761691834
1867,0.40279457781859346
1868,0.3923722847367304
1869,0.45501382295211507
1870,0.4964525896755529
1871,0.5049992984162814
1872,0.5125121670558549
1873,0.4770111237061612
1874,0.4835245115750833
1875,0.4628137710040374
1876,0.4300246058139651
1877,0.42927732178689165
1878,0.4486195749750855
1879,0.4747133500639578
1880,0.49158339937649126
1881,0.5192853981224262
1882,0.5054135120625086
1883,0.49932324026164393
1884,0.4791454803123525
1885,0.49613235003916895
1886,0.4886113233445892
1887,0.49921496253589015
1888,0.5102415575203431
1889,0.5217856040710976
1890,0.5130718844879789
1891,0.5330084072861595
1892,0.5431155495554201
1893,0.5819618788221084
1894,0.6054418120002022
1895,0.6087748043802826
1896,0.6144027167385143
1897,0.6020958758850182
1898,0.6023688750459439
1899,0.5877547309766242
1900,0.5857829859746259
1901,0.6176127098919346
1902,0.6497562349759209
1903,0.6142543965402817
1904,0.571643117718625
1905,0.579061374309468
1907,0.5614208075321222
1908,0.6209282508209991
1909,0.6681099370536158
1910,0.6240951576156286
1911,0.5583961272140582
1912,0.4921488950819785
1913,0.4909119593664752
1914,0.5050776975910553
1915,0.46203327558893853
1916,0.4442517111169367
1917,0.4362000254261049
1918,0.47159929346072493
1919,0.5853502888501043
1921,0.43139379523143556
1922,0.39552262948279027
1923,0.40656397410744544
1924,0.43652245739376255
1925,0.4338436528056279
1926,0.36724595701671076
1927,0.381891563409498
1928,0.4372741399085985
1929,0.45272064301191417
1930,0.4476381760296788
1931,0.4668727556228096
1932,0.4550524208313043
1933,0.39281728877812755
1934,0.44517128830985536
1935,0.4667387312209908
1936,0.4215640636108273
1937,0.4121759601062181
1938,0.43620700964245723
1939,0.47133111460511135
1940,0.5256056776283006
1941,0.5622221086507379
1942,0.5726556178222125
1943,0.5401814205789549
1944,0.5082942560642019
1945,0.49383106227637913
1946,0.5123730274716013
1947,0.5009013213749804
1948,0.5236840393371043
1949,0.5325305286121307
1950,0.5397725656167661
1951,0.5595405001570147
1952,0.5822468475455823
1953,0.6041852934279349
1954,0.6179947808153382
1955,0.6422654641692579
1956,0.6432471065752164
1957,0.6403626853990746
1958,0.6322447397714702
1959,0.5899265607387766
1960,0.5965610046603409
1961,0.6492702998836718
1962,0.6498301819458815
1963,0.6147532671347061
1964,0.6103833954644444
1965,0.6042642120472098
1966,0.6103778070401665
1967,0.5322041605807558
1968,0.59925300958563
1969,0.6428825222359157
1970,0.6469760633647369
1971,0.6041161896158876
1972,0.5326155264429506
1973,0.5098202819973814
1974,0.5110941577975754
1975,0.48323439980175636
1976,0.45388803659487525
1977,0.48053643110513905
1978,0.5109204683496157
1979,0.6454137799007618
1981,0.30395166898146264
1982,0.3591927159349313
1983,0.33321543626898376
1984,0.3712780898451464
1985,0.3935142284711474
1986,0.3494315832961586
1987,0.377807385187986
1988,0.39893943463365367
1989,0.48185055635913926
1990,0.49904352330926943
1991,0.5028889494082286
1992,0.431591498125023
1993,0.4100005413450045
1994,0.3675253455545115
1995,0.4467624313579715
1996,0.45802040077380335
1997,0.44412620221246096
1998,0.44765827800018504
1999,0.43862812072007773
2000,0.49180403329526395
2001,0.5584208415398461
2002,0.5719187313126012
2003,0.5716427699141845
2004,0.5696199006082977
2005,0.5663415726152283
2006,0.5619679825283215
2007,0.5472106603223741
2008,0.5413720474846092
2009,0.579574912815933
2010,0.5978519218393805
2011,0.6098043094327266
2012,0.6292022180541313
2013,0.6390164921184164
2014,0.6454215442915481
2015,0.637624333691971
2016,0.6279315576180663
2017,0.6424254900761597
2018,0.6598275636573101
2019,0.636179124999005
2020,0.6126286677098532
2021,0.6285069298487443
2022,0.6119820794794504
2023,0.6094934912396153
2024,0.6064712518368354
2025,0.6234787372462188
2026,0.5915875707625647
2027,0.5284816232174226
2028,0.5678806134947615
2029,0.614924840481122
2030,0.6449330085577806
2031,0.6434638636120767
2032,0.5641757755170542
2033,0.5291268700341291
2034,0.5214761403917323
2035,0.483300866810411
2036,0.46129062614275806
2037,0.48145081983830845
2038,0.5276038859586581
2039,0.5519037345778234
2040,0.3475360942402981
2041,0.3366093738274816
2042,0.35666218089210605
2043,0.25730796060686384
2044,0.23754122901312535
2045,0.36095603034440643
2046,0.39535513718803755
2047,0.4370165595471354
2048,0.38798997528368484
2049,0.3588075647107209
2050,0.3650163457043088
2051,0.38198697140042387
2052,0.3566496805152068
2053,0.3228604386751281
2054,0.38364371153971283
2055,0.4267718911823881
2056,0.46602216956451564
2057,0.4664683579552202
2058,0.43981478647494027
2059,0.4700109814305005
2060,0.49579044231241376
2061,0.5286033985912328
2062,0.5351970564285693
2063,0.5435114713808551
2064,0.5524023978608664
2065,0.5701725238971765
2066,0.5894335000849189
2067,0.5908835544237255
2068,0.5982002136505817
2069,0.609216582008456
2070,0.6218765209626752
2071,0.6326114367861259
2072,0.6226877102227032
2073,0.6100034565105324
2074,0.6140255786930688
2075,0.6224407706961125
2076,0.6251313258426769
2077,0.6210657239658395
2078,0.63602759418089
2079,0.6450722373913463
2080,0.6326893393736893
2081,0.6086745773698073
2082,0.5844775286255245
2083,0.5967103418920757
2084,0.5750704979674163
2085,0.5905064440419228
2086,0.5741272311707575
2087,0.5280031828866231
2088,0.5478433724753216
2089,0.6000156059478274
2090,0.6452669642694167
2091,0.6397866910100101
2092,0.5765795222514841
2093,0.5392145162304479
2094,0.5069205258130342
2095,0.5075488770030695
2096,0.4739829165133332
2097,0.4580742860153166
2098,0.5021836021650671
2099,0.5122651939745148
2100,0.4807820177251989
2101,0.38311827033940943
2102,0.34297500389305585
2103,0.33062941344406244
2104,0.26596674272819504
2105,0.41475978979673117
2106,0.4038556003540574
2107,0.3759069978551313
2108,0.37195036268581166
2109,0.32683364338082327
2110,0.30346498994755006
2111,0.18998353520051026
2112,0.1939857308626931
2113,0.2242188941843057
2114,0.33907255480954285
2115,0.4046205860487047
2116,0.46335654628132006
2117,0.4767343148326646
2118,0.46896087380602186
2119,0.46954801960747455
2120,0.5047349372447967
2121,0.5332101555354323
2122,0.5355237028286766
2123,0.565204507963562
2124,0.5664438777862859
2125,0.5882598050481243
2126,0.5899186762563821
2127,0.6169834427296735
2128,0.620080757756054
2129,0.6073873076494944
2130,0.6218155786668536
2131,0.6358932154395573
2132,0.6180574313287323
2133,0.6104090010188922
2134,0.6071862767589195
2135,0.6160894946885482
2136,0.5965152772179177
2137,0.5855112176808125
2138,0.5695361291059199
2139,0.5953835743565398
2140,0.6126419973821949
2141,0.5922279510179481
2142,0.5920684514281923
2143,0.5810000440391623
2144,0.5688172078239468
2145,0.597925962903581
2146,0.5885111985201994
2147,0.5310478929633785
2148,0.571292528121749
2149,0.6105196106160615
2150,0.6597545602408655
2151,0.6515420832800981
2152,0.5953027563853401
2153,0.5565799023854302
2154,0.5150304415229846
2155,0.5220263547388049
2156,0.5188966750744172
2157,0.5293311900277208
2158,0.5552898306532649
2159,0.5578932948384125
2160,0.5211379761547531
2161,0.480369647955279
2162,0.46307827393950446
2163,0.46956158080049093
2164,0.4144718352539137
2165,0.39606475324927404
2166,0.409023014177005
2167,0.35666026778288934
2168,0.4007784917295684
2169,0.4130736536698795
2170,0.2837554200278512
2171,0.13010212150868283
2172,0.08651643870393715
2173,0.13592695343440417
2174,0.25267883567889937
2175,0.34129915098186453
2176,0.41100301424772834
2177,0.46478784451544497
2178,0.4843613689456039
2179,0.48061070804617584
2180,0.5053522570366341
2181,0.5222766558912914
2182,0.5429428781928306
2183,0.561164030852681
2184,0.5832397999192539
2185,0.5972187163747479
2186,0.6025709540343601
2187,0.6136527227797858
2188,0.6271492436619174
2189,0.6519864635872615
2190,0.6357844070194392
2191,0.6347236937995159
2192,0.6184678128220865
2193,0.6110783897349997
2194,0.5961585304539504
2195,0.5885324596205388
2196,0.5719230622542744
2197,0.5732647399921074
2198,0.5473244257145456
2199,0.5509990226843676
2200,0.5621910350826762
2201,0.5840911120021515
2202,0.6039313589759956
2203,0.5786325637771225
2204,0.6038641052833552
2205,0.6168315587233301
2206,0.6197873411926175
2207,0.5760971838347376
2208,0.6362320641012174
2209,0.6677421942304645
2210,0.6773775419468745
2211,0.6749208993029993
2212,0.6338541583123818
2213,0.5898058464864159
2214,0.5765573603840547
2215,0.5446750729823479
2216,0.5317645717327444
2217,0.5311697208822996
2218,0.5621388797765751
2219,0.5710108022971021
2220,0.5220755558050671
2221,0.4920735847249103
2222,0.4858376684718552
2223,0.46871879741032485
2224,0.45787050908201526
2225,0.4630685711506834
2226,0.42619159977111215
2227,0.42228227504346183
2228,0.43305843122652715
2229,0.4108282616461034
2230,0.24602668847886658
2231,0.06443777432696818
2232,0.029722621805332583
2233,0.09699924336603931
2234,0.16173898595775152
2235,0.2722659420358421
2236,0.3492038470780656
2237,0.42276438574922365
2238,0.4684450912755993
2239,0.48056895307475395
2240,0.507427079041363
2241,0.5268660590257013
2242,0.5491626039840217
2243,0.564247589158511
2244,0.5791585048005515
2245,0.588711312650667
2246,0.5880355883020097
2247,0.5929744138565826
2248,0.610889285961983
2249,0.6045502117406983
2250,0.6026810440778955
2251,0.6207090925225901
2252,0.6250265478838414
2253,0.6205065795973937
2254,0.5933939278667554
2255,0.5814543030663297
2256,0.5884288411734347
2257,0.5504430081396704
2258,0.5107111571129271
2259,0.5448928007781899
2260,0.5698028728005888
2261,0.5919011675859958
2262,0.6157970281373376
2263,0.6074330461354597
2264,0.6464395463090754
2265,0.6525129422922542
2266,0.6046908365284339
2267,0.5636162036663508
2268,0.6066232337037674
2269,0.6512174475515566
2270,0.6681468296969649
2271,0.6646596697261488
2272,0.6556086298911176
2273,0.6304633979345544
2274,0.6079850686874053
2275,0.5655796036370171
2276,0.5477297238129212
2277,0.5347124678418277
2278,0.5329205935707965
2279,0.5526587328215916
2280,0.5148144945962171
2281,0.5107584287968971
2282,0.5068566718959376
2283,0.4614459714314731
2284,0.49001917952297874
2285,0.48519364309947627
2286,0.44290888186388017
2287,0.4042215735247992
2288,0.4045378407172719
2289,0.3667691030249907
2290,0.2804909684450857
2291,0.25677032488078977
2292,0.16574914077568578
2293,0.20121766475664768
2294,0.22275570169267586
2295,0.2832517123377383
2296,0.37975484408769034
2297,0.441734092874636
2298,0.4654299622514051
2299,0.4877691865163774
2300,0.5093059166581362
2301,0.517755603754166
2302,0.5348343026062253
2303,0.568679026555534
2304,0.5999494432435505
2305,0.5956434087470049
2306,0.5807459481116636
2307,0.5741218424270444
2308,0.5623594150128947
2309,0.5675434190669334
2310,0.585392633605855
2311,0.6114439264007556
2312,0.6046806497730263
2313,0.5923127848782171
2314,0.5421048223433947
2315,0.5602570063558457
2316,0.5842991826782403
2317,0.5474338127859867
2318,0.5058412642846211
2319,0.5119248163662676
2320,0.5649064991134926
2321,0.6045910283046716
2322,0.6329700507752422
2323,0.6463714357329752
2324,0.6748967690856414
2325,0.6754243178987255
2326,0.6156244208001961
2327,0.5907137410232476
2328,0.6255107920296821
2329,0.6316261327006744
2330,0.6345295293745088
2331,0.6399396138870364
2332,0.6354302443550215
2333,0.6432154836550991
2334,0.5998102584962646
2335,0.5769617013870088
2336,0.5646210209157924
2337,0.5475540267738038
2338,0.5305703452988467
2339,0.5563578925865141
2340,0.5418349169022152
2341,0.5430139896698337
2342,0.507446536599495
2343,0.4810061817577292
2344,0.4773508453858392
2345,0.4797353445710996
2346,0.46247361240609686
2347,0.4135277081913311
2348,0.40955059490468565
2349,0.36634608241853545
2350,0.3484704472431359
2351,0.32280401961947164
2352,0.32400376856125135
2353,0.3257452875079148
2354,0.330204283205592
2355,0.38262731251090926
2356,0.4357996850196013
2357,0.43608336955633886
2358,0.4844112904864937
2359,0.49666274503949265
2360,0.517613526636628
2361,0.5250950894231622
2362,0.5297041489265263
2363,0.5384052775225819
2364,0.5794602243423714
2365,0.5806961481210761
2366,0.578761839019655
2367,0.5700684728424715
2368,0.585452451935082
2369,0.5830644485881319
2370,0.5903274991222177
2371,0.6131912779258911
2372,0.6288706667523408
2373,0.6212140745912963
2374,0.5955269046299553
2375,0.5991313131294559
2376,0.5742156880047352
2377,0.553230875199152
2378,0.5406712883657233
2379,0.5564794402172542
2380,0.5838555289387738
2381,0.5993504072881353
2382,0.667358629643183
2383,0.7065105215567605
2384,0.7621928235124873
2385,0.7584512175746676
2386,0.7160304221629289
2387,0.6504473185052512
2388,0.6550005108550181
2389,0.6495088551438996
2390,0.6311241045896251
2391,0.6221543351878128
2392,0.5970845778911771
2393,0.6245127070297474
2394,0.61972471872084
2395,0.5737692399084827
2396,0.5789858808149596
2397,0.5715395567884416
2398,0.5667618268744988
2399,0.5684895114201804
2400,0.5541749634088652
2401,0.5448673802191816
2402,0.508370417529372
2403,0.466421906753052
2404,0.43603388987054387
2405,0.4157105008406778
2406,0.40719712952296283
2407,0.3915485758894898
2408,0.3524631155672689
2409,0.37999295769906305
2410,0.3630438439120518
2411,0.37307220447840167
2412,0.37513504235417194
2413,0.38494013908060243
2414,0.3269667204731779
2415,0.3641688629173574
2416,0.41219707433426883
2417,0.4231917291569091
2418,0.45080054116003637
2419,0.47665649982198016
2420,0.480933322737602
2421,0.48283784038397726
2422,0.5182228767779001
2423,0.5436747460941834
2424,0.5618315582988367
2425,0.5496212365626486
2426,0.545792854357562
2427,0.5589568997157088
2428,0.6003956866233154
2429,0.6081062897474471
2430,0.6107469495097436
2431,0.6253377459949171
2432,0.628209080699475
2433,0.618701147171148
2434,0.6013921775480363
2435,0.6075719258692266
2436,0.5886630762122853
2437,0.561818294244056
2438,0.5806375576690036
2439,0.5881059751135082
2440,0.6186589357056406
2441,0.6343146086154525
2442,0.6656345189464626
2443,0.7405706979097589
2444,0.769747333275976
2445,0.7539164159621032
2446,0.7474096630209904
2447,0.6717327298148353
2448,0.6256458761877012
2449,0.6275757447403942
2450,0.6442426393383891
2451,0.6331273566573811
2452,0.6244362438201877
2453,0.5930818899955603
2454,0.5973761272658228
2455,0.5748604070851986
2456,0.5863495445328047
2457,0.5694771540183785
2458,0.5604536261452464
2459,0.5761220754644133
2460,0.5513017236329946
2461,0.5264688955925542
2462,0.48978006956536485
2463,0.4573770967035553
2464,0.4613228076676546
2465,0.4354812311149843
2466,0.40555344482650807
2467,0.4055746486786222
2468,0.42040053702132524
2469,0.4094570663565171
2470,0.4182491187199717
2471,0.42299452060573417
2472,0.41338127748938924
2473,0.38449497248739345
2474,0.33267704573690027
2475,0.3495109740926334
2476,0.37107133822823535
2477,0.3762271545503097
2478,0.4363254250347091
2479,0.4705772630314476
2480,0.4822702881670516
2481,0.4802418498853665
2482,0.4894022086705851
2483,0.5242875524415068
2484,0.5404780883901213
2485,0.5347141739409481
2486,0.5380727673603269
2487,0.5639469997683423
2488,0.567993833892162
2489,0.5912272468262447
2490,0.6105915575975759
2491,0.630465741382387
2492,0.6371102890560035
2493,0.6342358542035337
2494,0.6085838192455534
2495,0.6271874785841209
2496,0.6167713390556459
2497,0.6085335109579726
2498,0.6428111950768307
2499,0.6486857590989287
2500,0.7039122057452762
2501,0.6766137770651776
2502,0.6628982270764873
2503,0.6793952247362505
2504,0.7131008969165519
2505,0.7060067602205233
2506,0.6864506338917629
2507,0.6374220338949662
2508,0.6019166568375885
2509,0.5684191350171303
2510,0.5898722551053662
2511,0.6134507913167813
2512,0.6260956924654217
2513,0.6014450038218478
2514,0.5628276390186173
2515,0.5136608786230382
2516,0.5466500416099901
2517,0.557231591095552
2518,0.5572020764034392
2519,0.5656457042126211
2520,0.5444029451181608
2521,0.5437998942421313
2522,0.5235801949922133
2523,0.5057139880312319
2524,0.4686923680301604
2525,0.45760637689439393
2526,0.4326510434689888
2527,0.4450250731541039
2528,0.41172018704032415
2529,0.3760389655069983
2530,0.4001319317609906
2531,0.41138728628582094
2532,0.4111524833211037
2533,0.3690277240339872
2534,0.3369586457268827
2535,0.3667490333236774
2536,0.39774432192582804
2537,0.40368971965884465
2538,0.4265524805302854
2539,0.46581098243539937
2540,0.4802655121645811
2541,0.4782669158790784
2542,0.49423386748109693
2543,0.5161394054941258
2544,0.5343218636976096
2545,0.5554715328577501
2546,0.5531687390471229
2547,0.5721699642441006
2548,0.5823136707955399
2549,0.5959597206222407
2550,0.6401901084943126
2551,0.6604033373090262
2552,0.6832742785851261
2553,0.6614287817415284
2554,0.6472791617052306
2555,0.6464216930034534
2556,0.6484297376483955
2557,0.6543945914821578
2558,0.6995907581283493
2559,0.687197587651781
2560,0.6818073234056884
2561,0.6736960543645206
2562,0.6778721413923637
2563,0.6392291177961268
2564,0.6512500916982112
2565,0.6575270693471477
2566,0.6326281306067828
2567,0.5995278736770476
2568,0.5958439037707166
2569,0.5562263711226322
2570,0.5913466345764479
2571,0.5782676574807349
2572,0.5997742226055907
2573,0.6183303148884095
2574,0.5958280982454224
2575,0.5692948889318794
2576,0.5606713645482534
2577,0.6076969263084643
2578,0.6091171385238825
2579,0.5876301988047753
2580,0.48948829676780564
2581,0.5137708527358253
2582,0.5173283617995303
2583,0.5162749405115327
2584,0.4872674359523936
2585,0.4395369799601989
2586,0.4309094757433775
2587,0.41047292957205134
2588,0.38487921169448636
2589,0.36797572977004744
2590,0.3168462407856445
2591,0.3320317516933848
2592,0.3611223631093372
2593,0.3908251939303285
2594,0.36757349991747706
2595,0.3852876264980826
2596,0.42324517576491766
2597,0.46429798410597184
2598,0.4687602004275415
2599,0.45958648307074107
2600,0.46228891269019834
2601,0.4828042980845914
2602,0.49925801063903413
2603,0.5181060006929717
2604,0.5316317006776233
2605,0.5477342066595919
2606,0.5697039735891646
2607,0.613311240413389
2608,0.6295215188709743
2609,0.6347761080928395
2610,0.6528853099462588
2611,0.6646629832362031
2612,0.6858315596938532
2613,0.6800318938197932
2614,0.6664084161594558
2615,0.6866045060375997
2616,0.6535479756517709
2617,0.626060120769167
2618,0.6698682178683232
2619,0.7021333709260235
2620,0.720162258993008
2621,0.7050087255740701
2622,0.6994756448559621
2623,0.686229983467276
2624,0.6970234546570508
2625,0.6568334852128959
2626,0.6359266367685458
2627,0.6150065657915907
2628,0.6354071410952816
2629,0.6119589051514445
2630,0.6207612606480741
2631,0.6297890114110183
2632,0.6115265548060173
2633,0.6085216519558401
2634,0.5881738830894466
2635,0.5575170040776156
2636,0.5762318243311327
2637,0.6201872076509392
2638,0.6311329427665753
2639,0.5987027636931933
2640,0.4864215486294135
2641,0.4649546575575794
2642,0.4678723079457079
2643,0.493677931502819
2644,0.49670047467523987
2645,0.4507284642330214
2646,0.470355720245703
2647,0.4575476467123831
2648,0.4244112485313091
2649,0.4260397921789996
2650,0.400685007840813
2651,0.4006798532694223
2652,0.3854136823586917
2653,0.4132410097012686
2654,0.4071443709145001
2655,0.4307849023737403
2656,0.4411169462578941
2657,0.4901749596930034
2658,0.47856024113657325
2659,0.460583016601304
2660,0.46420481829154364
2661,0.481783614338305
2662,0.5037629201072994
2663,0.5253429391146364
2664,0.5362193706973748
2665,0.5407930218672338
2666,0.5828040599261856
2667,0.6458172839772035
2668,0.660347882490592
2669,0.6684491059969299
2670,0.6756128685271223
2671,0.6507250730934597
2672,0.6524954660947256
2673,0.6434667408053428
2674,0.6255746810326523
2675,0.653800026971781
2676,0.6496555773679705
2677,0.6280629426134141
2678,0.6546032218068083
2679,0.6912676730530012
2680,0.7433328657066313
2681,0.7314776619904753
2682,0.725223577580587
2683,0.730755466457308
2684,0.7196169237570723
2685,0.6825141406282021
2686,0.6742124126107124
2687,0.6385798431850804
2688,0.6178230530373124
2689,0.6210631306564408
2690,0.6223964385216888
2691,0.6444425363433245
2692,0.6160427249340834
2693,0.5728534844028947
2694,0.5769467960380741
2695,0.602521801995527
2696,0.610829928938503
2697,0.5833158029956839
2698,0.5520431385955777
2699,0.5564688331756442
2700,0.4809377032448509
2701,0.45111108656473736
2702,0.4244464561778079
2703,0.45743982123341737
2704,0.47619053131552797
2705,0.5023884590699824
2706,0.5027971620865391
2707,0.48191439723898116
2708,0.49103412230492993
2709,0.4708996331423045
2710,0.4566982430277429
2711,0.44156287904339386
2712,0.43094640864139516
2713,0.39045356303547024
2714,0.39123847644906934
2715,0.3957301322460413
2716,0.41184635626768823
2717,0.440811405250407
2718,0.4471747441918297
2719,0.4560699850644038
2720,0.4589725142612216
2721,0.4567351687015661
2722,0.48943226029027315
2723,0.4929164322078486
2724,0.5124088478080228
2725,0.5404805849131992
2726,0.6163051218098299
2727,0.6624616870909682
2728,0.6958628826202009
2729,0.6864108351417997
2730,0.7005199987150198
2731,0.6748412649283947
2732,0.6476893684232956
2733,0.6486473202922335
2734,0.6411542379250553
2735,0.6615070022014309
2736,0.6494140845339035
2737,0.6325102883679689
2738,0.6626141844659584
2739,0.698370891799771
2740,0.7418969647139667
2741,0.7227698437336666
2742,0.7094423713735322
2743,0.7027729989426384
2744,0.7071335486769427
2745,0.6756980108644869
2746,0.6709587271149982
2747,0.6004371284821984
2748,0.5799955793724298
2749,0.5993790806518521
2750,0.6520857456686566
2751,0.6656800870275061
2752,0.6423096980662282
2753,0.609803105453259
2754,0.6304095672798419
2755,0.6358397103597332
2756,0.6081279034977903
2757,0.5840161223111552
2758,0.5498609341084707
2759,0.5392325772115266
2760,0.49254578288053236
2761,0.47555939669013614
2762,0.4510164615017975
2763,0.4303136376225327
2764,0.44789071188462687
2765,0.4702343149394375
2766,0.4919674626613508
2767,0.49882842218779283
2768,0.4729251303917395
2769,0.43802816049077453
2770,0.42750272329255007
2771,0.4095161085729302
2772,0.39179468152071334
2773,0.4030781283264486
2774,0.4403037503292535
2775,0.4345896106879654
2776,0.43260306074538807
2777,0.4356950643344555
2778,0.4273168626696549
2779,0.4175306644602567
2780,0.4352906079369588
2781,0.4571327983316795
2782,0.44913488709355565
2783,0.4573741040751
2784,0.5083366545739273
2785,0.552504866901317
2786,0.6072524745492786
2787,0.6450343391360769
2788,0.6885673502480443
2789,0.6980546166487747
2790,0.7001186185498
2791,0.6735297072806801
2792,0.6336459370119111
2793,0.6456478021314913
2794,0.6584734852696585
2795,0.6694633639845525
2796,0.6447103501410717
2797,0.6243665782494531
2798,0.6055966389600372
2799,0.6179858143970606
2800,0.6751884169169268
2801,0.6627332787210557
2802,0.6794141546595808
2803,0.6860446354931603
2804,0.6792438381906635
2805,0.621579550996756
2806,0.6242104919790158
2807,0.5694136522288016
2808,0.5828056847184505
2809,0.5904971817875182
2810,0.6382861441731144
2811,0.6519398748638947
2812,0.643392176006995
2813,0.6219052287121557
2814,0.6462925805797485
2815,0.6566411804099718
2816,0.5935147173582047
2817,0.5571934970855336
2818,0.5523275163918685
2819,0.571878472817496
2820,0.5353566356613506
2821,0.5098376604809286
2822,0.4902593599327036
2823,0.44629217352891537
2824,0.4302495098490242
2825,0.4248561595866219
2826,0.4616342312758948
2827,0.4696991605818166
2828,0.4340676114952026
2829,0.3939347155653106
2830,0.36490885800434514
2831,0.38692239801359096
2832,0.3789873706035422
2833,0.37256550555166745
2834,0.4373023044745481
2835,0.43347782235703197
2836,0.4151845747210567
2837,0.3950079805663697
2838,0.3860058492204781
2839,0.382989308458904
2840,0.38317638593564496
2841,0.4098759499732329
2842,0.4349957487773448
2843,0.44190948727877916
2844,0.5179504880564433
2845,0.5660457261481985
2846,0.6138087193290319
2847,0.6435665603102784
2848,0.6688328094376077
2849,0.678890200370469
2850,0.6680562223849121
2851,0.6607769637473746
2852,0.6645284607600863
2853,0.6704783676606344
2854,0.6645559814412743
2855,0.662016916314781
2856,0.6475341246332141
2857,0.634205670785751
2858,0.592287576834352
2859,0.6164221134687883
2860,0.694454565122426
2861,0.7320421416519425
2862,0.7535882664418191
2863,0.7389028592844653
2864,0.7018907351772365
2865,0.6568900282239098
2866,0.6378113992884061
2867,0.5708113637067953
2868,0.5589135868503752
2869,0.5906464036832196
2870,0.600812578114649
2871,0.6253808917941651
2872,0.6426936093531735
2873,0.665740712433928
2874,0.6751639677930857
2875,0.6693145551171032
2876,0.6525774137119169
2877,0.6078157340734411
2878,0.5793157551403573
2879,0.6078605660444012
2880,0.5258826433804779
2881,0.49413346048517504
2882,0.5044487511351814
2883,0.4672590720896003
2884,0.45304790514833676
2885,0.4515417221116776
2886,0.46861014199781437
2887,0.47986488039788516
2888,0.4565027768160958
2889,0.4257988035047466
2890,0.39431414077488625
2891,0.38075430701114416
2892,0.38709366307954235
2893,0.3592424561188505
2894,0.3914647457480335
2895,0.39224388941296473
2896,0.4000543515851935
2897,0.38032229223104624
2898,0.3655017619419187
2899,0.3653876987226452
2900,0.39185224545520764
2901,0.40110654659636374
2902,0.421486263410552
2903,0.4817309453297114
2904,0.5456643247072956
2905,0.5945071963400047
2906,0.6268737957782977
2907,0.632870639901184
2908,0.645735429073615
2909,0.6686113093182878
2910,0.6762916991593083
2911,0.6723708540820218
2912,0.671914077314595
2913,0.6489973388987081
2914,0.659105448322311
2915,0.6725146752306155
2916,0.6789737561156471
2917,0.6686442977691822
2918,0.6776091577195004
2919,0.6841252128470332
2920,0.7154725510515462
2921,0.7377254574536153
2922,0.7413526354215282
2923,0.7435182183596004
2924,0.7033034657656376
2925,0.6382494955791371
2926,0.6409899047375465
2927,0.5523542569651503
2928,0.5663009644215896
2929,0.6066805976742454
2930,0.5981094742464949
2931,0.6206787432472907
2932,0.6635381016676215
2933,0.6943457889857054
2934,0.6836187812183628
2935,0.6707893651710087
2936,0.655881745033594
2937,0.6334967452228382
2938,0.6493998900800536
2939,0.6278581998817079
2940,0.5077080516670823
2941,0.49496616982023905
2942,0.48546580430740355
2943,0.47872493759839774
2944,0.48951616266253134
2945,0.48898227851257375
2946,0.4814461993772607
2947,0.493780827307952
2948,0.47996445844995356
2949,0.4363998100359631
2950,0.404788113231252
2951,0.38326838958882997
2952,0.3823406190366799
2953,0.36195537502727193
2954,0.37264853309607004
2955,0.38699480607358233
2956,0.3476118957764789
2957,0.3518631226173095
2958,0.36449963981539907
2959,0.3577663072841358
2960,0.3709159896460425
2961,0.40545893509864217
2962,0.4565858122889886
2963,0.5014656196809161
2964,0.5292018182722499
2965,0.5534490759712226
2966,0.5900620472326036
2967,0.6251065262081384
2968,0.629821926423403
2969,0.6472618136126953
2970,0.66564032031615
2971,0.6665110663337692
2972,0.6471552177532413
2973,0.6398992063899943
2974,0.6539322331737564
2975,0.6369342950654074
2976,0.642839292908203
2977,0.6640179288078231
2978,0.691039805942853
2979,0.6995181315898046
2980,0.7236140922393762
2981,0.7189804759759987
2982,0.7272091019427105
2983,0.7186083851931536
2984,0.7025966411587041
2985,0.6751174743956673
2986,0.6500710732711975
2987,0.5387655791073528
2988,0.5266657875908152
2989,0.5723253966268418
2990,0.5817874393781629
2991,0.5942178364858499
2992,0.6366615894912525
2993,0.6743388499952493
2994,0.7030379396162539
2995,0.7094248855642843
2996,0.6841846876288301
2997,0.6810881123723963
2998,0.678695674218356
2999,0.6656150361649614
3000,0.5044711879112288
3001,0.5013075694301173
3002,0.49488994335828135
3003,0.49120825801534834
3004,0.5038096482014641
3005,0.528644630442931
3006,0.5148408735541562
3007,0.5091214710476831
3008,0.5177623985509956
3009,0.4657594555727693
3010,0.41189340756464193
3011,0.39793771453163124
3012,0.39983946566792233
3013,0.3645352530147039
3014,0.33299534919728274
3015,0.3778985308983012
3016,0.36974585784842295
3017,0.3711682361003649
3018,0.36887051778349544
3019,0.3672560170180736
3020,0.3951740038442419
3021,0.43464991818823706
3022,0.4791296035866728
3023,0.46271660867507297
3024,0.5199897887398098
3025,0.576945572538852
3026,0.6241402622733437
3027,0.6316745863016812
3028,0.6121086356160214
3029,0.5948035977387344
3030,0.6284993008613527
3031,0.6730214518149323
3032,0.6583456629196301
3033,0.6761089612768618
3034,0.674118201782474
3035,0.6691026753966568
3036,0.6670581177373438
3037,0.6620175870608512
3038,0.6721342276727694
3039,0.6821801723934913
3040,0.6748408417262696
3041,0.6824859970001785
3042,0.6910134544407573
3043,0.6787803321342442
3044,0.6824803933218123
3045,0.6691918838002714
3046,0.6494503431750643
3047,0.5547922583429569
3048,0.5346977663274631
3049,0.550767264224726
3050,0.5895396777914964
3051,0.6203886882554075
3052,0.6668405025797756
3053,0.6863618543122861
3054,0.7092915314877799
3055,0.7035867972349253
3056,0.7008449259859054
3057,0.7117130271720399
3058,0.6706214528741019
3059,0.661292747651496
3060,0.5235996340547643
3061,0.48812486664608934
3062,0.44572112128879965
3063,0.4724738163365769
3064,0.4952786499602111
3065,0.48699601402368775
3066,0.4828300302574366
3067,0.49785824234622167
3068,0.5166211246910102
3069,0.46176288106350255
3070,0.41235198644169985
3071,0.4150219189481525
3072,0.4054697757263393
3073,0.37130382242975174
3074,0.3600039392198425
3075,0.3798042834232114
3076,0.37492721897591497
3077,0.38621191483195033
3078,0.37084409548454705
3079,0.396621303784656
3080,0.4200441118141128
3081,0.45492968892840563
3082,0.4777584572915517
3083,0.5085694229459056
3084,0.530676020277899
3085,0.5456887295686823
3086,0.5495401973718667
3087,0.5595401163675663
3088,0.5661635479238862
3089,0.6089736209148408
3090,0.6340870782075361
3091,0.6801384807080586
3092,0.6818563557347317
3093,0.660355659246057
3094,0.6837833794519472
3095,0.6815714173744251
3096,0.6591267250162168
3097,0.6681397028192606
3098,0.678966694161348
3099,0.6690414929436113
3100,0.6548500832816732
3101,0.6149733561510337
3102,0.6008524938931769
3103,0.6071038624041908
3104,0.6109369835627606
3105,0.6211826373634889
3106,0.6535076790428515
3107,0.5706053884493333
3108,0.5931311069879591
3109,0.5848881365061086
3110,0.6040912753965095
3111,0.6174591300094032
3112,0.6736966232465575
3113,0.6722644682111051
3114,0.6674202743571419
3115,0.6864645952294447
3116,0.6990905097227623
3117,0.7172636558890652
3118,0.6911055896488633
3119,0.6573579874326604
3120,0.49594562150156646
3121,0.4782463275069418
3122,0.45675333046182787
3123,0.497986759552145
3124,0.5270013910165924
3125,0.5083969444136468
3126,0.49665410573424906
3127,0.529538998416916
3128,0.5100144877452365
3129,0.48778453871234495
3130,0.47550534434353625
3131,0.4684239663233918
3132,0.44833706210257657
3133,0.4297789855817637
3134,0.3851718679257066
3135,0.37475939315274176
3136,0.37455126903486224
3137,0.3748096808925316
3138,0.3761115374483693
3139,0.4001710602864758
3140,0.4307867178764368
3141,0.4576853571629918
3142,0.48295414757011984
3143,0.5046710204027861
3144,0.5245282276971406
3145,0.49892804562590715
3146,0.5197572064530072
3147,0.5137638337527678
3148,0.5722864085099236
3149,0.6059534673968662
3150,0.6076757804995664
3151,0.6559933038044214
3152,0.6857630666117983
3153,0.7084203695112908
3154,0.7103874956763184
3155,0.6800751645227434
3156,0.6825379123017653
3157,0.6734037282517634
3158,0.6700988441531455
3159,0.6648621090459595
3160,0.6695851145346982
3161,0.638428823938783
3162,0.6364679009228476
3163,0.6124416259315537
3164,0.6121461388340769
3165,0.6278880801675782
3166,0.6793650803945305
3167,0.5953397719814145
3168,0.6075233315237761
3169,0.6030803792761361
3170,0.6098509003318003
3171,0.6424871918091403
3172,0.6444286843778294
3173,0.6525744937179657
3174,0.6442870195221451
3175,0.6597311615064297
3176,0.7010918432430984
3177,0.693844315884825
3178,0.7055568989853831
3179,0.6844706267024727
3180,0.5206224584106226
3181,0.5190812247517709
3182,0.5617949663209695
3183,0.5788989336465186
3184,0.5695995382376858
3185,0.5604044200855877
3186,0.5603639769634182
3187,0.5591791571839606
3188,0.523735214505982
3189,0.5034403375147523
3190,0.5206831475874577
3191,0.518770110082898
3192,0.49011930545237514
3193,0.42263099233436385
3194,0.3694283531487054
3195,0.36473729814472367
3196,0.3800330309811056
3197,0.3787492965447053
3198,0.3806826946443012
3199,0.41276994017193763
3200,0.43863105519084117
3201,0.43910060094029507
3202,0.44662204777242787
3203,0.4530366345375021
3204,0.44676666141329074
3205,0.5006180009246738
3206,0.5139746808195322
3207,0.5347663057885989
3208,0.593142616517825
3209,0.63851594911202
3210,0.6484294966518761
3211,0.6705952622976113
3212,0.6852164508508146
3213,0.7349472736242469
3214,0.7254045542189744
3215,0.7143409759018144
3216,0.7028825493254763
3217,0.7001855896749465
3218,0.6977050019802272
3219,0.7191079904860548
3220,0.6708565281373923
3221,0.647878862333437
3222,0.6267400268792436
3223,0.6248408734294644
3224,0.5893698879982295
3225,0.622710412391222
3226,0.679161512855682
3227,0.6228448351116618
3228,0.608711599780683
3229,0.6068294081046112
3230,0.5991822535176552
3231,0.6106225738997003
3232,0.6065105956252639
3233,0.6171111060048567
3234,0.6470799563715292
3235,0.6458265021467303
3236,0.6403816853528249
3237,0.6399023074290934
3238,0.6530076312045877
3239,0.6905738864519275
3240,0.5223907450087207
3241,0.5462391081612684
3242,0.586662979332786
3243,0.598114817130321
3244,0.569106857288708
3245,0.5604344063296519
3246,0.5577775960688397
3247,0.5498863163959327
3248,0.5498327958224485
3249,0.5389898135067971
3250,0.5353783543265348
3251,0.5125116369443706
3252,0.43016736666980115
3253,0.38870940701706963
3254,0.35826153543234973
3255,0.3400813603122701
3256,0.36268807214912807
3257,0.3903952809999957
3258,0.410150947000026
3259,0.4159228903128291
3260,0.3963173735259467
3261,0.4341306000078977
3262,0.4455599290772431
3263,0.4534932728945391
3264,0.4837779894339082
3265,0.5044790437208929
3266,0.5187216855432151
3267,0.5288503924249083
3268,0.5554851895672405
3269,0.6129583954468797
3270,0.629840654381962
3271,0.6466254415383054
3272,0.6845858549284444
3273,0.7299616931744063
3274,0.7636347400379172
3275,0.809586454218004
3276,0.7763214628382714
3277,0.6957881020159152
3278,0.7170873806717487
3279,0.6939490812220837
3280,0.6867018592567002
3281,0.6834500276532048
3282,0.6453970858832692
3283,0.611287763404174
3284,0.6085569750966652
3285,0.6425377954158503
3286,0.6731576694581803
3287,0.6141485510615642
3288,0.5616209298339668
3289,0.5401919223107544
3290,0.553646510104386
3291,0.5794960379493397
3292,0.5962718292068063
3293,0.6060236747671045
3294,0.6277985346083758
3295,0.6260544030966306
3296,0.6045281834546125
3297,0.6042328310711694
3298,0.6082881553428086
3299,0.6137189281633629
3300,0.5415981483988435
3301,0.5427048048965689
3302,0.5840862147858443
3303,0.6332168564473672
3304,0.5850958810553363
3305,0.5742729559569545
3306,0.5666390248639507
3307,0.5663340182292133
3308,0.5748766091262812
3309,0.5497333508329648
3310,0.4971917759783427
3311,0.4889718079057838
3312,0.4421128161564849
3313,0.40768156692101076
3314,0.3906134452257494
3315,0.38060983797675796
3316,0.38678059578216795
3317,0.40377108961202984
3318,0.42158484342600805
3319,0.4101791607678793
3320,0.41554661448519603
3321,0.46052458537660906
3322,0.5115352041740909
3323,0.4820982111819156
3324,0.5290845813418014
3325,0.5277243153790697
3326,0.5513076477194435
3327,0.5721825016478321
3328,0.5855354808966925
3329,0.5979368763397815
3330,0.5807566191227241
3331,0.6017872246928287
3332,0.6691881737412091
3333,0.6539509795477993
3334,0.7149637006405377
3335,0.7290127197119745
3336,0.74626085348982
3337,0.7490024759802013
3338,0.7340774766586735
3339,0.7181402090709449
3340,0.7046107014063782
3341,0.6796705638360355
3342,0.6555420143475591
3343,0.6222132099497194
3344,0.6469487774509967
3345,0.6463900592852702
3346,0.6687818936102014
3347,0.5237555838886466
3348,0.5453239279066618
3349,0.5268278240072125
3350,0.5421541118928682
3351,0.5636137667513599
3352,0.5754192359722626
3353,0.6158208999815468
3354,0.592243168415484
3355,0.5946350255485945
3356,0.5896638865008298
3357,0.5883835783713601
3358,0.5826961341013983
3359,0.5645373175715515
3360,0.5934278262748819
3361,0.5879715371712316
3362,0.599291760756334
3363,0.6502334890825369
3364,0.6046913768672258
3365,0.5512305419427511
3366,0.5505828906461722
3367,0.5681226647286528
3368,0.5629522177948661
3369,0.5075412919196468
3370,0.47516371720995365
3371,0.5055672668628234
3372,0.5041675201087314
3373,0.48486271917419627
3374,0.43407018205319486
3375,0.4138583216859766
3376,0.3988695618805924
3377,0.43160985425128445
3378,0.43834807054837066
3379,0.42669247268900934
3380,0.47218756205056844
3381,0.525598352577747
3382,0.4974837217294467
3383,0.48757203567030033
3384,0.49166236924821516
3385,0.5534953090354342
3386,0.5788836570048437
3387,0.5984992022948149
3388,0.6202211990372557
3389,0.6108177551504176
3390,0.5843253658167111
3391,0.6024111621604732
3392,0.643080884543608
3393,0.6442792247150961
3394,0.6501825230913328
3395,0.6902524557193859
3396,0.6837876523985575
3397,0.684221932018025
3398,0.6912316333041099
3399,0.693045925616691
3400,0.6867911388653481
3401,0.7019190006021915
3402,0.7081065905717807
3403,0.7141406535874414
3404,0.7200238162767721
3405,0.6765529243204882
3406,0.6523189167229502
3407,0.5532089539443911
3408,0.5525098044821642
3409,0.5615345170817703
3410,0.5698503474437134
3411,0.5673644128426046
3412,0.5870943437082315
3413,0.585848683077991
3414,0.5818898020883903
3415,0.5810948345478073
3416,0.5880137267215843
3417,0.5521215433663923
3418,0.5231462870521674
3419,0.5079125483884098
3420,0.5950643042566752
3421,0.584749655753933
3422,0.5960542869326747
3423,0.6204088067079994
3424,0.6125999691060621
3425,0.5767244900713664
3426,0.5576341877908594
3427,0.5955824879052914
3428,0.5862562756653619
3429,0.563516543041983
3430,0.5230989749475566
3431,0.4956679339061117
3432,0.5063641628385445
3433,0.5468392173526665
3434,0.5321461882521101
3435,0.47041079088846
3436,0.46385952340435405
3437,0.46086022912965446
3438,0.45383212600422596
3439,0.5196162303201729
3440,0.511456421352578
3441,0.5116390510943359
3442,0.5125650884569649
3443,0.5046714569447446
3444,0.552876483127931
3445,0.5890467391403451
3446,0.599788562877248
3447,0.6259639517722398
3448,0.6453294407279467
3449,0.6259029840326534
3450,0.6395571168639242
3451,0.6431845108781225
3452,0.6362121976605295
3453,0.6413475305667117
3454,0.6659588969097281
3455,0.6682091847192924
3456,0.6652099346918702
3457,0.6743614991675001
3458,0.6722907875657288
3459,0.6808441067063896
3460,0.6904849155594944
3461,0.7070862276722575
3462,0.7481057591660608
3463,0.7588774642084561
3464,0.6989798196282058
3465,0.7047234533659882
3466,0.665077872744653
3467,0.5682444736615723
3468,0.5695693398049126
3469,0.593126871246321
3470,0.5903907397065912
3471,0.5875136226282218
3472,0.5899580253415607
3473,0.5889597488447849
3474,0.5906635097020176
3475,0.5468485989826898
3476,0.520592926720456
3477,0.5504508776406803
3478,0.4969116438731343
3479,0.48165470361655455
3480,0.5970864261146287
3481,0.5799863739030082
3482,0.5733435989935625
3483,0.6021481394104323
3484,0.5907062877581046
3485,0.5452638350256053
3486,0.5436650663560458
3487,0.577265793790705
3488,0.6029498198808056
3489,0.6296125538460348
3490,0.5877579239808325
3491,0.5121983499674422
3492,0.5138769600655259
3493,0.5173685762142615
3494,0.5023905912332017
3495,0.5198925625563269
3496,0.4924482326509278
3497,0.5104846352289812
3498,0.5477848827891102
3499,0.5509327006766448
3500,0.5273654179974742
3501,0.5275507304006989
3502,0.5100694535767784
3503,0.5439798108208952
3504,0.5938051821580443
3505,0.6335836118533605
3506,0.6386497706982697
3507,0.6400773290273795
3508,0.639225725277199
3509,0.6368318802157661
3510,0.6620353338900887
3511,0.667263898974026
3512,0.6438803628358055
3513,0.6552839596515844
3514,0.6404974792361423
3515,0.6446262179132856
3516,0.6301712537857915
3517,0.63416657270384
3518,0.6390754309943127
3519,0.6573507456613547
3520,0.6597879875037186
3521,0.6810273514334465
3522,0.7025718070959742
3523,0.7175196640468524
3524,0.7155238505548301
3525,0.7045095844979133
3526,0.6835681796882174
3527,0.6044446287453759
3528,0.5935679340540856
3529,0.5959554474395509
3530,0.6235003943376598
3531,0.613003895847093
3532,0.6002901066113027
3533,0.5787921213523824
3534,0.5507453725101099
3535,0.5276096255927857
3536,0.5231153219688397
3537,0.5247075546968732
3538,0.4738684992060756
3539,0.45901918160205657
3540,0.6224623458483026
3541,0.6134336555655362
3542,0.625585821056236
3543,0.6243211673602267
3544,0.6134629515092253
3545,0.5926906569643504
3546,0.6039574081296276
3547,0.6050592338250248
3548,0.6325551749817796
3549,0.6185674745409683
3550,0.5758872408428061
3551,0.5443607093475259
3552,0.5271629549853545
3553,0.5535594676833234
3554,0.5686762609590978
3555,0.5672735253401749
3556,0.5752217773742556
3557,0.5905272288210762
3558,0.5671292306070487
3559,0.5726890373399623
3560,0.5533533089122401
3561,0.5611670349499561
3562,0.5783077625790639
3563,0.6086582538220935
3564,0.6175327497093736
3565,0.6372228682338742
3566,0.6430553973632667
3567,0.6599673400027478
3568,0.6700931717295102
3569,0.6926310255819845
3570,0.6784571563463371
3571,0.6529528527736781
3572,0.6541986505921114
3573,0.6541615197908498
3574,0.6690229217416642
3575,0.6538720709047424
3576,0.6383142982864197
3577,0.6289784758152869
3578,0.6452374044748717
3579,0.6501977763777899
3580,0.6371408927159211
3581,0.6479007327572072
3582,0.6818516275201341
3583,0.6968919865749735
3584,0.6862180527269911
3585,0.6886994008983396
3586,0.6761888899529994
3587,0.6134222691162888
3588,0.5996329821739949
3589,0.582183425478474
3590,0.5871432647380452
3591,0.5874639668728463
3592,0.5938770280986913
3593,0.5880848502267337
3594,0.5401958557192557
3595,0.5147227586889561
3596,0.4925249862113343
3597,0.4668082328900887
3598,0.44337113900020625
3599,0.4417494106853332
3600,0.615956997177904
3601,0.6114379342227605
3602,0.6161220924582712
3603,0.6455515471192174
3604,0.6558476736268835
3605,0.6196667981471525
3606,0.6059487871715635
3607,0.6136599656092333
3608,0.6240842539116557
3609,0.6092029560154214
3610,0.5893293319179108
3611,0.5985648003216691
3612,0.6060022792807039
3613,0.6147340670688596
3614,0.6262113692625345
3615,0.5920203214900396
3616,0.5645418322027208
3617,0.541033750399249
3618,0.5522570905589289
3619,0.5433797348458145
3620,0.5551474819453607
3621,0.5680333254764708
3622,0.5978939556010483
3623,0.5873100419435988
3624,0.5867937702747595
3625,0.6366078201413612
3626,0.6426972445363972
3627,0.6447608347451562
3628,0.6595029435069838
3629,0.6776800732887628
3630,0.6562067597042531
3631,0.6598312617456598
3632,0.6295826078461537
3633,0.6235838287381194
3634,0.6645379163766857
3635,0.6722026797346672
3636,0.6639881069512047
3637,0.645678523465143
3638,0.6550759020303816
3639,0.6504851430859372
3640,0.6303098764180665
3641,0.6438776490989566
3642,0.6472378327518192
3643,0.6751503333674177
3644,0.6965060583480113
3645,0.7071728029108701
3646,0.6807118332584455
3647,0.6122935789159646
3648,0.6107970879318236
3649,0.5975904722935721
3650,0.5740321860203782
3651,0.5814902644630583
3652,0.587322410402079
3653,0.5526062413504199
3654,0.533788587136106
3655,0.503927215410558
3656,0.49286533107690067
3657,0.47253582518638554
3658,0.44503908764995065
3659,0.4289081556608552
3660,0.6166389168580378
3661,0.597932573918619
3662,0.6113391677874324
3663,0.6348131720468259
3664,0.6525041996505543
3665,0.6354388166238433
3666,0.6386522164195402
3667,0.6448617500045019
3668,0.6438031940519898
3669,0.6601745027516864
3670,0.6204844894518692
3671,0.5612632601272677
3672,0.5868292226278419
3673,0.621359585057167
3674,0.57951974770187
3675,0.5709586490426933
3676,0.5343722436304524
3677,0.5279020231191935
3678,0.5684109283217739
3679,0.6012345446296661
3680,0.5964894068663738
3681,0.6308758115191988
3682,0.618220947099429
3683,0.607419859168768
3684,0.6070124622119898
3685,0.5793634491733649
3686,0.5800494417019136
3687,0.5815663599131824
3688,0.6256753873546302
3689,0.6234132237332473
3690,0.6415199475731886
3691,0.631230268046027
3692,0.5983903121649948
3693,0.6199741720153313
3694,0.6355410341328143
3695,0.639528110657582
3696,0.6598076213492717
3697,0.6520333589321126
3698,0.6511169526833802
3699,0.6346022230389665
3700,0.6284888216925629
3701,0.6368401929167672
3702,0.6280039000784109
3703,0.6324361338927252
3704,0.6477602546467959
3705,0.6915671160098024
3706,0.6891853697289173
3707,0.623161209517426
3708,0.6407213390737442
3709,0.6159637352815471
3710,0.5900707191448363
3711,0.5704991728394816
3712,0.5606144708755677
3713,0.5248172678139195
3714,0.5401854952691154
3715,0.5294209264305665
3716,0.48547608905572465
3717,0.45393235630689227
3718,0.45356785099129565
3719,0.4325529442757709
3720,0.5986501509160328
3721,0.6029518241324966
3722,0.5885052119955841
3723,0.603179608079978
3724,0.6429483684879326
3725,0.6519219562651672
3726,0.6320216281384162
3727,0.6366091779440982
3728,0.6448070864910911
3729,0.6809373717288127
3730,0.6247105942435079
3731,0.6337429446875097
3732,0.6119414086998863
3733,0.6034915141642722
3734,0.5921716722360887
3735,0.5710339071160657
3736,0.6070400891427274
3737,0.6025513997604167
3738,0.613519230418647
3739,0.6126706288550355
3740,0.6263988441150056
3741,0.6027812545203277
3742,0.591916617779628
3743,0.5600976638637064
3744,0.5572795975633847
3745,0.5410753824257821
3746,0.550381257597026
3747,0.5379165620812963
3748,0.5289148840694454
3749,0.5305399319145806
3750,0.536567127977716
3751,0.5809613683032531
3752,0.5891139850009642
3753,0.6307009354760843
3754,0.6402954702677327
3755,0.6093201112364343
3756,0.5987419156352033
3757,0.5868372316879406
3758,0.5856256760378181
3759,0.5940443457459729
3760,0.5957929179446736
3761,0.6147889099654774
3762,0.6209690982754386
3763,0.631613842176423
3764,0.6099415146788641
3765,0.6122932104276538
3766,0.6186312903179817
3767,0.6056012707693501
3768,0.6075017742323877
3769,0.5507866650399943
3770,0.5128548496328723
3771,0.5460502723435162
3772,0.5338986626865804
3773,0.5166964440899683
3774,0.5379465692317618
3775,0.5707478364223012
3776,0.5480554342545566
3777,0.5600724809550529
3778,0.5727949313700283
3779,0.504882001241765
3780,0.4307752381753789
3781,0.547095631140394
3782,0.5827266091525675
3783,0.6005306898232113
3784,0.5950460543288852
3785,0.6290339225948514
3786,0.6276270895817504
3787,0.6082869907450044
3788,0.6210840236316607
3789,0.6480996447429207
3790,0.6699543123851144
3791,0.6810055304833194
3792,0.7076537019448536
3793,0.709269908401413
3794,0.6904214868631656
3795,0.6669270772771
3796,0.6692802862072815
3797,0.6739815833735499
3798,0.5959347366810371
3799,0.5681135372502474
3800,0.44486471569430436
3801,0.47097175874483116
3802,0.5044223187956406
3803,0.4895160434995522
3804,0.4923600017044903
3805,0.5269833647086614
3806,0.5207498535223046
3807,0.5292432040674494
3808,0.5469907036437762
3809,0.5411726490881783
3810,0.5820553584040363
3811,0.5704925787831158
3812,0.5717154969884238
3813,0.560845352948699
3814,0.5727260280526524
3815,0.5887545514433644
3816,0.5663928559885636
3817,0.5404227235334631
3818,0.5447443696956032
3819,0.5859815769376143
3820,0.5767274520090734
3821,0.5684615813507361
3822,0.5889848002322962
3823,0.5961091263473687
3824,0.5632245265534238
3825,0.5627136013184305
3826,0.6116562468469003
3827,0.61430593241727
3828,0.5981005068142268
3829,0.5372401483044176
3830,0.4934920704916705
3831,0.5301337668490358
3832,0.5277944414851595
3833,0.5315755872076321
3834,0.5330431699272881
3835,0.5299466154224571
3836,0.545958464815086
3837,0.5478638927686881
3838,0.552765385527025
3839,0.5454625007177102
