grid_id,lat_min,lat_max,lon_min,lon_max
0,6.0,6.5,68.0,68.5
1,6.0,6.5,68.5,69.0
2,6.0,6.5,69.0,69.5
3,6.0,6.5,69.5,70.0
4,6.0,6.5,70.0,70.5
5,6.0,6.5,70.5,71.0
6,6.0,6.5,71.0,71.5
7,6.0,6.5,71.5,72.0
8,6.0,6.5,72.0,72.5
9,6.0,6.5,72.5,73.0
10,6.0,6.5,73.0,73.5
11,6.0,6.5,73.5,74.0
12,6.0,6.5,74.0,74.5
13,6.0,6.5,74.5,75.0
14,6.0,6.5,75.0,75.5
15,6.0,6.5,75.5,76.0
16,6.0,6.5,76.0,76.5
17,6.0,6.5,76.5,77.0
18,6.0,6.5,77.0,77.5
19,6.0,6.5,77.5,78.0
20,6.0,6.5,78.0,78.5
21,6.0,6.5,78.5,79.0
22,6.0,6.5,79.0,79.5
23,6.0,6.5,79.5,80.0
24,6.0,6.5,80.0,80.5
25,6.0,6.5,80.5,81.0
26,6.0,6.5,81.0,81.5
27,6.0,6.5,81.5,82.0
28,6.0,6.5,82.0,82.5
29,6.0,6.5,82.5,83.0
30,6.0,6.5,83.0,83.5
31,6.0,6.5,83.5,84.0
32,6.0,6.5,84.0,84.5
33,6.0,6.5,84.5,85.0
34,6.0,6.5,85.0,85.5
35,6.0,6.5,85.5,86.0
36,6.0,6.5,86.0,86.5
37,6.0,6.5,86.5,87.0
38,6.0,6.5,87.0,87.5
39,6.0,6.5,87.5,88.0
40,6.0,6.5,88.0,88.5
41,6.0,6.5,88.5,89.0
42,6.0,6.5,89.0,89.5
43,6.0,6.5,89.5,90.0
44,6.0,6.5,90.0,90.5
45,6.0,6.5,90.5,91.0
46,6.0,6.5,91.0,91.5
47,6.0,6.5,91.5,92.0
48,6.0,6.5,92.0,92.5
49,6.0,6.5,92.5,93.0
50,6.0,6.5,93.0,93.5
51,6.0,6.5,93.5,94.0
52,6.0,6.5,94.0,94.5
53,6.0,6.5,94.5,95.0
54,6.0,6.5,95.0,95.5
55,6.0,6.5,95.5,96.0
56,6.0,6.5,96.0,96.5
57,6.0,6.5,96.5,97.0
58,6.0,6.5,97.0,97.5
59,6.0,6.5,97.5,98.0
60,6.5,7.0,68.0,68.5
61,6.5,7.0,68.5,69.0
62,6.5,7.0,69.0,69.5
63,6.5,7.0,69.5,70.0
64,6.5,7.0,70.0,70.5
65,6.5,7.0,70.5,71.0
66,6.5,7.0,71.0,71.5
67,6.5,7.0,71.5,72.0
68,6.5,7.0,72.0,72.5
69,6.5,7.0,72.5,73.0
70,6.5,7.0,73.0,73.5
71,6.5,7.0,73.5,74.0
72,6.5,7.0,74.0,74.5
73,6.5,7.0,74.5,75.0
74,6.5,7.0,75.0,75.5
75,6.5,7.0,75.5,76.0
76,6.5,7.0,76.0,76.5
77,6.5,7.0,76.5,77.0
78,6.5,7.0,77.0,77.5
79,6.5,7.0,77.5,78.0
80,6.5,7.0,78.0,78.5
81,6.5,7.0,78.5,79.0
82,6.5,7.0,79.0,79.5
83,6.5,7.0,79.5,80.0
84,6.5,7.0,80.0,80.5
85,6.5,7.0,80.5,81.0
86,6.5,7.0,81.0,81.5
87,6.5,7.0,81.5,82.0
88,6.5,7.0,82.0,82.5
89,6.5,7.0,82.5,83.0
90,6.5,7.0,83.0,83.5
91,6.5,7.0,83.5,84.0
92,6.5,7.0,84.0,84.5
93,6.5,7.0,84.5,85.0
94,6.5,7.0,85.0,85.5
95,6.5,7.0,85.5,86.0
96,6.5,7.0,86.0,86.5
97,6.5,7.0,86.5,87.0
98,6.5,7.0,87.0,87.5
99,6.5,7.0,87.5,88.0
100,6.5,7.0,88.0,88.5
101,6.5,7.0,88.5,89.0
102,6.5,7.0,89.0,89.5
103,6.5,7.0,89.5,90.0
104,6.5,7.0,90.0,90.5
105,6.5,7.0,90.5,91.0
106,6.5,7.0,91.0,91.5
107,6.5,7.0,91.5,92.0
108,6.5,7.0,92.0,92.5
109,6.5,7.0,92.5,93.0
110,6.5,7.0,93.0,93.5
111,6.5,7.0,93.5,94.0
112,6.5,7.0,94.0,94.5
113,6.5,7.0,94.5,95.0
114,6.5,7.0,95.0,95.5
115,6.5,7.0,95.5,96.0
116,6.5,7.0,96.0,96.5
117,6.5,7.0,96.5,97.0
118,6.5,7.0,97.0,97.5
119,6.5,7.0,97.5,98.0
120,7.0,7.5,68.0,68.5
121,7.0,7.5,68.5,69.0
122,7.0,7.5,69.0,69.5
123,7.0,7.5,69.5,70.0
124,7.0,7.5,70.0,70.5
125,7.0,7.5,70.5,71.0
126,7.0,7.5,71.0,71.5
127,7.0,7.5,71.5,72.0
128,7.0,7.5,72.0,72.5
129,7.0,7.5,72.5,73.0
130,7.0,7.5,73.0,73.5
131,7.0,7.5,73.5,74.0
132,7.0,7.5,74.0,74.5
133,7.0,7.5,74.5,75.0
134,7.0,7.5,75.0,75.5
135,7.0,7.5,75.5,76.0
136,7.0,7.5,76.0,76.5
137,7.0,7.5,76.5,77.0
138,7.0,7.5,77.0,77.5
139,7.0,7.5,77.5,78.0
140,7.0,7.5,78.0,78.5
141,7.0,7.5,78.5,79.0
142,7.0,7.5,79.0,79.5
143,7.0,7.5,79.5,80.0
144,7.0,7.5,80.0,80.5
145,7.0,7.5,80.5,81.0
146,7.0,7.5,81.0,81.5
147,7.0,7.5,81.5,82.0
148,7.0,7.5,82.0,82.5
149,7.0,7.5,82.5,83.0
150,7.0,7.5,83.0,83.5
151,7.0,7.5,83.5,84.0
152,7.0,7.5,84.0,84.5
153,7.0,7.5,84.5,85.0
154,7.0,7.5,85.0,85.5
155,7.0,7.5,85.5,86.0
156,7.0,7.5,86.0,86.5
157,7.0,7.5,86.5,87.0
158,7.0,7.5,87.0,87.5
159,7.0,7.5,87.5,88.0
160,7.0,7.5,88.0,88.5
161,7.0,7.5,88.5,89.0
162,7.0,7.5,89.0,89.5
163,7.0,7.5,89.5,90.0
164,7.0,7.5,90.0,90.5
165,7.0,7.5,90.5,91.0
166,7.0,7.5,91.0,91.5
167,7.0,7.5,91.5,92.0
168,7.0,7.5,92.0,92.5
169,7.0,7.5,92.5,93.0
170,7.0,7.5,93.0,93.5
171,7.0,7.5,93.5,94.0
172,7.0,7.5,94.0,94.5
173,7.0,7.5,94.5,95.0
174,7.0,7.5,95.0,95.5
175,7.0,7.5,95.5,96.0
176,7.0,7.5,96.0,96.5
177,7.0,7.5,96.5,97.0
178,7.0,7.5,97.0,97.5
179,7.0,7.5,97.5,98.0
180,7.5,8.0,68.0,68.5
181,7.5,8.0,68.5,69.0
182,7.5,8.0,69.0,69.5
183,7.5,8.0,69.5,70.0
184,7.5,8.0,70.0,70.5
185,7.5,8.0,70.5,71.0
186,7.5,8.0,71.0,71.5
187,7.5,8.0,71.5,72.0
188,7.5,8.0,72.0,72.5
189,7.5,8.0,72.5,73.0
190,7.5,8.0,73.0,73.5
191,7.5,8.0,73.5,74.0
192,7.5,8.0,74.0,74.5
193,7.5,8.0,74.5,75.0
194,7.5,8.0,75.0,75.5
195,7.5,8.0,75.5,76.0
196,7.5,8.0,76.0,76.5
197,7.5,8.0,76.5,77.0
198,7.5,8.0,77.0,77.5
199,7.5,8.0,77.5,78.0
200,7.5,8.0,78.0,78.5
201,7.5,8.0,78.5,79.0
202,7.5,8.0,79.0,79.5
203,7.5,8.0,79.5,80.0
204,7.5,8.0,80.0,80.5
205,7.5,8.0,80.5,81.0
206,7.5,8.0,81.0,81.5
207,7.5,8.0,81.5,82.0
208,7.5,8.0,82.0,82.5
209,7.5,8.0,82.5,83.0
210,7.5,8.0,83.0,83.5
211,7.5,8.0,83.5,84.0
212,7.5,8.0,84.0,84.5
213,7.5,8.0,84.5,85.0
214,7.5,8.0,85.0,85.5
215,7.5,8.0,85.5,86.0
216,7.5,8.0,86.0,86.5
217,7.5,8.0,86.5,87.0
218,7.5,8.0,87.0,87.5
219,7.5,8.0,87.5,88.0
220,7.5,8.0,88.0,88.5
221,7.5,8.0,88.5,89.0
222,7.5,8.0,89.0,89.5
223,7.5,8.0,89.5,90.0
224,7.5,8.0,90.0,90.5
225,7.5,8.0,90.5,91.0
226,7.5,8.0,91.0,91.5
227,7.5,8.0,91.5,92.0
228,7.5,8.0,92.0,92.5
229,7.5,8.0,92.5,93.0
230,7.5,8.0,93.0,93.5
231,7.5,8.0,93.5,94.0
232,7.5,8.0,94.0,94.5
233,7.5,8.0,94.5,95.0
234,7.5,8.0,95.0,95.5
235,7.5,8.0,95.5,96.0
236,7.5,8.0,96.0,96.5
237,7.5,8.0,96.5,97.0
238,7.5,8.0,97.0,97.5
239,7.5,8.0,97.5,98.0
240,8.0,8.5,68.0,68.5
241,8.0,8.5,68.5,69.0
242,8.0,8.5,69.0,69.5
243,8.0,8.5,69.5,70.0
244,8.0,8.5,70.0,70.5
245,8.0,8.5,70.5,71.0
246,8.0,8.5,71.0,71.5
247,8.0,8.5,71.5,72.0
248,8.0,8.5,72.0,72.5
249,8.0,8.5,72.5,73.0
250,8.0,8.5,73.0,73.5
251,8.0,8.5,73.5,74.0
252,8.0,8.5,74.0,74.5
253,8.0,8.5,74.5,75.0
254,8.0,8.5,75.0,75.5
255,8.0,8.5,75.5,76.0
256,8.0,8.5,76.0,76.5
257,8.0,8.5,76.5,77.0
258,8.0,8.5,77.0,77.5
259,8.0,8.5,77.5,78.0
260,8.0,8.5,78.0,78.5
261,8.0,8.5,78.5,79.0
262,8.0,8.5,79.0,79.5
263,8.0,8.5,79.5,80.0
264,8.0,8.5,80.0,80.5
265,8.0,8.5,80.5,81.0
266,8.0,8.5,81.0,81.5
267,8.0,8.5,81.5,82.0
268,8.0,8.5,82.0,82.5
269,8.0,8.5,82.5,83.0
270,8.0,8.5,83.0,83.5
271,8.0,8.5,83.5,84.0
272,8.0,8.5,84.0,84.5
273,8.0,8.5,84.5,85.0
274,8.0,8.5,85.0,85.5
275,8.0,8.5,85.5,86.0
276,8.0,8.5,86.0,86.5
277,8.0,8.5,86.5,87.0
278,8.0,8.5,87.0,87.5
279,8.0,8.5,87.5,88.0
280,8.0,8.5,88.0,88.5
281,8.0,8.5,88.5,89.0
282,8.0,8.5,89.0,89.5
283,8.0,8.5,89.5,90.0
284,8.0,8.5,90.0,90.5
285,8.0,8.5,90.5,91.0
286,8.0,8.5,91.0,91.5
287,8.0,8.5,91.5,92.0
288,8.0,8.5,92.0,92.5
289,8.0,8.5,92.5,93.0
290,8.0,8.5,93.0,93.5
291,8.0,8.5,93.5,94.0
292,8.0,8.5,94.0,94.5
293,8.0,8.5,94.5,95.0
294,8.0,8.5,95.0,95.5
295,8.0,8.5,95.5,96.0
296,8.0,8.5,96.0,96.5
297,8.0,8.5,96.5,97.0
298,8.0,8.5,97.0,97.5
299,8.0,8.5,97.5,98.0
300,8.5,9.0,68.0,68.5
301,8.5,9.0,68.5,69.0
302,8.5,9.0,69.0,69.5
303,8.5,9.0,69.5,70.0
304,8.5,9.0,70.0,70.5
305,8.5,9.0,70.5,71.0
306,8.5,9.0,71.0,71.5
307,8.5,9.0,71.5,72.0
308,8.5,9.0,72.0,72.5
309,8.5,9.0,72.5,73.0
310,8.5,9.0,73.0,73.5
311,8.5,9.0,73.5,74.0
312,8.5,9.0,74.0,74.5
313,8.5,9.0,74.5,75.0
314,8.5,9.0,75.0,75.5
315,8.5,9.0,75.5,76.0
316,8.5,9.0,76.0,76.5
317,8.5,9.0,76.5,77.0
318,8.5,9.0,77.0,77.5
319,8.5,9.0,77.5,78.0
320,8.5,9.0,78.0,78.5
321,8.5,9.0,78.5,79.0
322,8.5,9.0,79.0,79.5
323,8.5,9.0,79.5,80.0
324,8.5,9.0,80.0,80.5
325,8.5,9.0,80.5,81.0
326,8.5,9.0,81.0,81.5
327,8.5,9.0,81.5,82.0
328,8.5,9.0,82.0,82.5
329,8.5,9.0,82.5,83.0
330,8.5,9.0,83.0,83.5
331,8.5,9.0,83.5,84.0
332,8.5,9.0,84.0,84.5
333,8.5,9.0,84.5,85.0
334,8.5,9.0,85.0,85.5
335,8.5,9.0,85.5,86.0
336,8.5,9.0,86.0,86.5
337,8.5,9.0,86.5,87.0
338,8.5,9.0,87.0,87.5
339,8.5,9.0,87.5,88.0
340,8.5,9.0,88.0,88.5
341,8.5,9.0,88.5,89.0
342,8.5,9.0,89.0,89.5
343,8.5,9.0,89.5,90.0
344,8.5,9.0,90.0,90.5
345,8.5,9.0,90.5,91.0
346,8.5,9.0,91.0,91.5
347,8.5,9.0,91.5,92.0
348,8.5,9.0,92.0,92.5
349,8.5,9.0,92.5,93.0
350,8.5,9.0,93.0,93.5
351,8.5,9.0,93.5,94.0
352,8.5,9.0,94.0,94.5
353,8.5,9.0,94.5,95.0
354,8.5,9.0,95.0,95.5
355,8.5,9.0,95.5,96.0
356,8.5,9.0,96.0,96.5
357,8.5,9.0,96.5,97.0
358,8.5,9.0,97.0,97.5
359,8.5,9.0,97.5,98.0
360,9.0,9.5,68.0,68.5
361,9.0,9.5,68.5,69.0
362,9.0,9.5,69.0,69.5
363,9.0,9.5,69.5,70.0
364,9.0,9.5,70.0,70.5
365,9.0,9.5,70.5,71.0
366,9.0,9.5,71.0,71.5
367,9.0,9.5,71.5,72.0
368,9.0,9.5,72.0,72.5
369,9.0,9.5,72.5,73.0
370,9.0,9.5,73.0,73.5
371,9.0,9.5,73.5,74.0
372,9.0,9.5,74.0,74.5
373,9.0,9.5,74.5,75.0
374,9.0,9.5,75.0,75.5
375,9.0,9.5,75.5,76.0
376,9.0,9.5,76.0,76.5
377,9.0,9.5,76.5,77.0
378,9.0,9.5,77.0,77.5
379,9.0,9.5,77.5,78.0
380,9.0,9.5,78.0,78.5
381,9.0,9.5,78.5,79.0
382,9.0,9.5,79.0,79.5
383,9.0,9.5,79.5,80.0
384,9.0,9.5,80.0,80.5
385,9.0,9.5,80.5,81.0
386,9.0,9.5,81.0,81.5
387,9.0,9.5,81.5,82.0
388,9.0,9.5,82.0,82.5
389,9.0,9.5,82.5,83.0
390,9.0,9.5,83.0,83.5
391,9.0,9.5,83.5,84.0
392,9.0,9.5,84.0,84.5
393,9.0,9.5,84.5,85.0
394,9.0,9.5,85.0,85.5
395,9.0,9.5,85.5,86.0
396,9.0,9.5,86.0,86.5
397,9.0,9.5,86.5,87.0
398,9.0,9.5,87.0,87.5
399,9.0,9.5,87.5,88.0
400,9.0,9.5,88.0,88.5
401,9.0,9.5,88.5,89.0
402,9.0,9.5,89.0,89.5
403,9.0,9.5,89.5,90.0
404,9.0,9.5,90.0,90.5
405,9.0,9.5,90.5,91.0
406,9.0,9.5,91.0,91.5
407,9.0,9.5,91.5,92.0
408,9.0,9.5,92.0,92.5
409,9.0,9.5,92.5,93.0
410,9.0,9.5,93.0,93.5
411,9.0,9.5,93.5,94.0
412,9.0,9.5,94.0,94.5
413,9.0,9.5,94.5,95.0
414,9.0,9.5,95.0,95.5
415,9.0,9.5,95.5,96.0
416,9.0,9.5,96.0,96.5
417,9.0,9.5,96.5,97.0
418,9.0,9.5,97.0,97.5
419,9.0,9.5,97.5,98.0
420,9.5,10.0,68.0,68.5
421,9.5,10.0,68.5,69.0
422,9.5,10.0,69.0,69.5
423,9.5,10.0,69.5,70.0
424,9.5,10.0,70.0,70.5
425,9.5,10.0,70.5,71.0
426,9.5,10.0,71.0,71.5
427,9.5,10.0,71.5,72.0
428,9.5,10.0,72.0,72.5
429,9.5,10.0,72.5,73.0
430,9.5,10.0,73.0,73.5
431,9.5,10.0,73.5,74.0
432,9.5,10.0,74.0,74.5
433,9.5,10.0,74.5,75.0
434,9.5,10.0,75.0,75.5
435,9.5,10.0,75.5,76.0
436,9.5,10.0,76.0,76.5
437,9.5,10.0,76.5,77.0
438,9.5,10.0,77.0,77.5
439,9.5,10.0,77.5,78.0
440,9.5,10.0,78.0,78.5
441,9.5,10.0,78.5,79.0
442,9.5,10.0,79.0,79.5
443,9.5,10.0,79.5,80.0
444,9.5,10.0,80.0,80.5
445,9.5,10.0,80.5,81.0
446,9.5,10.0,81.0,81.5
447,9.5,10.0,81.5,82.0
448,9.5,10.0,82.0,82.5
449,9.5,10.0,82.5,83.0
450,9.5,10.0,83.0,83.5
451,9.5,10.0,83.5,84.0
452,9.5,10.0,84.0,84.5
453,9.5,10.0,84.5,85.0
454,9.5,10.0,85.0,85.5
455,9.5,10.0,85.5,86.0
456,9.5,10.0,86.0,86.5
457,9.5,10.0,86.5,87.0
458,9.5,10.0,87.0,87.5
459,9.5,10.0,87.5,88.0
460,9.5,10.0,88.0,88.5
461,9.5,10.0,88.5,89.0
462,9.5,10.0,89.0,89.5
463,9.5,10.0,89.5,90.0
464,9.5,10.0,90.0,90.5
465,9.5,10.0,90.5,91.0
466,9.5,10.0,91.0,91.5
467,9.5,10.0,91.5,92.0
468,9.5,10.0,92.0,92.5
469,9.5,10.0,92.5,93.0
470,9.5,10.0,93.0,93.5
471,9.5,10.0,93.5,94.0
472,9.5,10.0,94.0,94.5
473,9.5,10.0,94.5,95.0
474,9.5,10.0,95.0,95.5
475,9.5,10.0,95.5,96.0
476,9.5,10.0,96.0,96.5
477,9.5,10.0,96.5,97.0
478,9.5,10.0,97.0,97.5
479,9.5,10.0,97.5,98.0
480,10.0,10.5,68.0,68.5
481,10.0,10.5,68.5,69.0
482,10.0,10.5,69.0,69.5
483,10.0,10.5,69.5,70.0
484,10.0,10.5,70.0,70.5
485,10.0,10.5,70.5,71.0
486,10.0,10.5,71.0,71.5
487,10.0,10.5,71.5,72.0
488,10.0,10.5,72.0,72.5
489,10.0,10.5,72.5,73.0
490,10.0,10.5,73.0,73.5
491,10.0,10.5,73.5,74.0
492,10.0,10.5,74.0,74.5
493,10.0,10.5,74.5,75.0
494,10.0,10.5,75.0,75.5
495,10.0,10.5,75.5,76.0
496,10.0,10.5,76.0,76.5
497,10.0,10.5,76.5,77.0
498,10.0,10.5,77.0,77.5
499,10.0,10.5,77.5,78.0
500,10.0,10.5,78.0,78.5
501,10.0,10.5,78.5,79.0
502,10.0,10.5,79.0,79.5
503,10.0,10.5,79.5,80.0
504,10.0,10.5,80.0,80.5
505,10.0,10.5,80.5,81.0
506,10.0,10.5,81.0,81.5
507,10.0,10.5,81.5,82.0
508,10.0,10.5,82.0,82.5
509,10.0,10.5,82.5,83.0
510,10.0,10.5,83.0,83.5
511,10.0,10.5,83.5,84.0
512,10.0,10.5,84.0,84.5
513,10.0,10.5,84.5,85.0
514,10.0,10.5,85.0,85.5
515,10.0,10.5,85.5,86.0
516,10.0,10.5,86.0,86.5
517,10.0,10.5,86.5,87.0
518,10.0,10.5,87.0,87.5
519,10.0,10.5,87.5,88.0
520,10.0,10.5,88.0,88.5
521,10.0,10.5,88.5,89.0
522,10.0,10.5,89.0,89.5
523,10.0,10.5,89.5,90.0
524,10.0,10.5,90.0,90.5
525,10.0,10.5,90.5,91.0
526,10.0,10.5,91.0,91.5
527,10.0,10.5,91.5,92.0
528,10.0,10.5,92.0,92.5
529,10.0,10.5,92.5,93.0
530,10.0,10.5,93.0,93.5
531,10.0,10.5,93.5,94.0
532,10.0,10.5,94.0,94.5
533,10.0,10.5,94.5,95.0
534,10.0,10.5,95.0,95.5
535,10.0,10.5,95.5,96.0
536,10.0,10.5,96.0,96.5
537,10.0,10.5,96.5,97.0
538,10.0,10.5,97.0,97.5
539,10.0,10.5,97.5,98.0
540,10.5,11.0,68.0,68.5
541,10.5,11.0,68.5,69.0
542,10.5,11.0,69.0,69.5
543,10.5,11.0,69.5,70.0
544,10.5,11.0,70.0,70.5
545,10.5,11.0,70.5,71.0
546,10.5,11.0,71.0,71.5
547,10.5,11.0,71.5,72.0
548,10.5,11.0,72.0,72.5
549,10.5,11.0,72.5,73.0
550,10.5,11.0,73.0,73.5
551,10.5,11.0,73.5,74.0
552,10.5,11.0,74.0,74.5
553,10.5,11.0,74.5,75.0
554,10.5,11.0,75.0,75.5
555,10.5,11.0,75.5,76.0
556,10.5,11.0,76.0,76.5
557,10.5,11.0,76.5,77.0
558,10.5,11.0,77.0,77.5
559,10.5,11.0,77.5,78.0
560,10.5,11.0,78.0,78.5
561,10.5,11.0,78.5,79.0
562,10.5,11.0,79.0,79.5
563,10.5,11.0,79.5,80.0
564,10.5,11.0,80.0,80.5
565,10.5,11.0,80.5,81.0
566,10.5,11.0,81.0,81.5
567,10.5,11.0,81.5,82.0
568,10.5,11.0,82.0,82.5
569,10.5,11.0,82.5,83.0
570,10.5,11.0,83.0,83.5
571,10.5,11.0,83.5,84.0
572,10.5,11.0,84.0,84.5
573,10.5,11.0,84.5,85.0
574,10.5,11.0,85.0,85.5
575,10.5,11.0,85.5,86.0
576,10.5,11.0,86.0,86.5
577,10.5,11.0,86.5,87.0
578,10.5,11.0,87.0,87.5
579,10.5,11.0,87.5,88.0
580,10.5,11.0,88.0,88.5
581,10.5,11.0,88.5,89.0
582,10.5,11.0,89.0,89.5
583,10.5,11.0,89.5,90.0
584,10.5,11.0,90.0,90.5
585,10.5,11.0,90.5,91.0
586,10.5,11.0,91.0,91.5
587,10.5,11.0,91.5,92.0
588,10.5,11.0,92.0,92.5
589,10.5,11.0,92.5,93.0
590,10.5,11.0,93.0,93.5
591,10.5,11.0,93.5,94.0
592,10.5,11.0,94.0,94.5
593,10.5,11.0,94.5,95.0
594,10.5,11.0,95.0,95.5
595,10.5,11.0,95.5,96.0
596,10.5,11.0,96.0,96.5
597,10.5,11.0,96.5,97.0
598,10.5,11.0,97.0,97.5
599,10.5,11.0,97.5,98.0
600,11.0,11.5,68.0,68.5
601,11.0,11.5,68.5,69.0
602,11.0,11.5,69.0,69.5
603,11.0,11.5,69.5,70.0
604,11.0,11.5,70.0,70.5
605,11.0,11.5,70.5,71.0
606,11.0,11.5,71.0,71.5
607,11.0,11.5,71.5,72.0
608,11.0,11.5,72.0,72.5
609,11.0,11.5,72.5,73.0
610,11.0,11.5,73.0,73.5
611,11.0,11.5,73.5,74.0
612,11.0,11.5,74.0,74.5
613,11.0,11.5,74.5,75.0
614,11.0,11.5,75.0,75.5
615,11.0,11.5,75.5,76.0
616,11.0,11.5,76.0,76.5
617,11.0,11.5,76.5,77.0
618,11.0,11.5,77.0,77.5
619,11.0,11.5,77.5,78.0
620,11.0,11.5,78.0,78.5
621,11.0,11.5,78.5,79.0
622,11.0,11.5,79.0,79.5
623,11.0,11.5,79.5,80.0
624,11.0,11.5,80.0,80.5
625,11.0,11.5,80.5,81.0
626,11.0,11.5,81.0,81.5
627,11.0,11.5,81.5,82.0
628,11.0,11.5,82.0,82.5
629,11.0,11.5,82.5,83.0
630,11.0,11.5,83.0,83.5
631,11.0,11.5,83.5,84.0
632,11.0,11.5,84.0,84.5
633,11.0,11.5,84.5,85.0
634,11.0,11.5,85.0,85.5
635,11.0,11.5,85.5,86.0
636,11.0,11.5,86.0,86.5
637,11.0,11.5,86.5,87.0
638,11.0,11.5,87.0,87.5
639,11.0,11.5,87.5,88.0
640,11.0,11.5,88.0,88.5
641,11.0,11.5,88.5,89.0
642,11.0,11.5,89.0,89.5
643,11.0,11.5,89.5,90.0
644,11.0,11.5,90.0,90.5
645,11.0,11.5,90.5,91.0
646,11.0,11.5,91.0,91.5
647,11.0,11.5,91.5,92.0
648,11.0,11.5,92.0,92.5
649,11.0,11.5,92.5,93.0
650,11.0,11.5,93.0,93.5
651,11.0,11.5,93.5,94.0
652,11.0,11.5,94.0,94.5
653,11.0,11.5,94.5,95.0
654,11.0,11.5,95.0,95.5
655,11.0,11.5,95.5,96.0
656,11.0,11.5,96.0,96.5
657,11.0,11.5,96.5,97.0
658,11.0,11.5,97.0,97.5
659,11.0,11.5,97.5,98.0
660,11.5,12.0,68.0,68.5
661,11.5,12.0,68.5,69.0
662,11.5,12.0,69.0,69.5
663,11.5,12.0,69.5,70.0
664,11.5,12.0,70.0,70.5
665,11.5,12.0,70.5,71.0
666,11.5,12.0,71.0,71.5
667,11.5,12.0,71.5,72.0
668,11.5,12.0,72.0,72.5
669,11.5,12.0,72.5,73.0
670,11.5,12.0,73.0,73.5
671,11.5,12.0,73.5,74.0
672,11.5,12.0,74.0,74.5
673,11.5,12.0,74.5,75.0
674,11.5,12.0,75.0,75.5
675,11.5,12.0,75.5,76.0
676,11.5,12.0,76.0,76.5
677,11.5,12.0,76.5,77.0
678,11.5,12.0,77.0,77.5
679,11.5,12.0,77.5,78.0
680,11.5,12.0,78.0,78.5
681,11.5,12.0,78.5,79.0
682,11.5,12.0,79.0,79.5
683,11.5,12.0,79.5,80.0
684,11.5,12.0,80.0,80.5
685,11.5,12.0,80.5,81.0
686,11.5,12.0,81.0,81.5
687,11.5,12.0,81.5,82.0
688,11.5,12.0,82.0,82.5
689,11.5,12.0,82.5,83.0
690,11.5,12.0,83.0,83.5
691,11.5,12.0,83.5,84.0
692,11.5,12.0,84.0,84.5
693,11.5,12.0,84.5,85.0
694,11.5,12.0,85.0,85.5
695,11.5,12.0,85.5,86.0
696,11.5,12.0,86.0,86.5
697,11.5,12.0,86.5,87.0
698,11.5,12.0,87.0,87.5
699,11.5,12.0,87.5,88.0
700,11.5,12.0,88.0,88.5
701,11.5,12.0,88.5,89.0
702,11.5,12.0,89.0,89.5
703,11.5,12.0,89.5,90.0
704,11.5,12.0,90.0,90.5
705,11.5,12.0,90.5,91.0
706,11.5,12.0,91.0,91.5
707,11.5,12.0,91.5,92.0
708,11.5,12.0,92.0,92.5
709,11.5,12.0,92.5,93.0
710,11.5,12.0,93.0,93.5
711,11.5,12.0,93.5,94.0
712,11.5,12.0,94.0,94.5
713,11.5,12.0,94.5,95.0
714,11.5,12.0,95.0,95.5
715,11.5,12.0,95.5,96.0
716,11.5,12.0,96.0,96.5
717,11.5,12.0,96.5,97.0
718,11.5,12.0,97.0,97.5
719,11.5,12.0,97.5,98.0
720,12.0,12.5,68.0,68.5
721,12.0,12.5,68.5,69.0
722,12.0,12.5,69.0,69.5
723,12.0,12.5,69.5,70.0
724,12.0,12.5,70.0,70.5
725,12.0,12.5,70.5,71.0
726,12.0,12.5,71.0,71.5
727,12.0,12.5,71.5,72.0
728,12.0,12.5,72.0,72.5
729,12.0,12.5,72.5,73.0
730,12.0,12.5,73.0,73.5
731,12.0,12.5,73.5,74.0
732,12.0,12.5,74.0,74.5
733,12.0,12.5,74.5,75.0
734,12.0,12.5,75.0,75.5
735,12.0,12.5,75.5,76.0
736,12.0,12.5,76.0,76.5
737,12.0,12.5,76.5,77.0
738,12.0,12.5,77.0,77.5
739,12.0,12.5,77.5,78.0
740,12.0,12.5,78.0,78.5
741,12.0,12.5,78.5,79.0
742,12.0,12.5,79.0,79.5
743,12.0,12.5,79.5,80.0
744,12.0,12.5,80.0,80.5
745,12.0,12.5,80.5,81.0
746,12.0,12.5,81.0,81.5
747,12.0,12.5,81.5,82.0
748,12.0,12.5,82.0,82.5
749,12.0,12.5,82.5,83.0
750,12.0,12.5,83.0,83.5
751,12.0,12.5,83.5,84.0
752,12.0,12.5,84.0,84.5
753,12.0,12.5,84.5,85.0
754,12.0,12.5,85.0,85.5
755,12.0,12.5,85.5,86.0
756,12.0,12.5,86.0,86.5
757,12.0,12.5,86.5,87.0
758,12.0,12.5,87.0,87.5
759,12.0,12.5,87.5,88.0
760,12.0,12.5,88.0,88.5
761,12.0,12.5,88.5,89.0
762,12.0,12.5,89.0,89.5
763,12.0,12.5,89.5,90.0
764,12.0,12.5,90.0,90.5
765,12.0,12.5,90.5,91.0
766,12.0,12.5,91.0,91.5
767,12.0,12.5,91.5,92.0
768,12.0,12.5,92.0,92.5
769,12.0,12.5,92.5,93.0
770,12.0,12.5,93.0,93.5
771,12.0,12.5,93.5,94.0
772,12.0,12.5,94.0,94.5
773,12.0,12.5,94.5,95.0
774,12.0,12.5,95.0,95.5
775,12.0,12.5,95.5,96.0
776,12.0,12.5,96.0,96.5
777,12.0,12.5,96.5,97.0
778,12.0,12.5,97.0,97.5
779,12.0,12.5,97.5,98.0
780,12.5,13.0,68.0,68.5
781,12.5,13.0,68.5,69.0
782,12.5,13.0,69.0,69.5
783,12.5,13.0,69.5,70.0
784,12.5,13.0,70.0,70.5
785,12.5,13.0,70.5,71.0
786,12.5,13.0,71.0,71.5
787,12.5,13.0,71.5,72.0
788,12.5,13.0,72.0,72.5
789,12.5,13.0,72.5,73.0
790,12.5,13.0,73.0,73.5
791,12.5,13.0,73.5,74.0
792,12.5,13.0,74.0,74.5
793,12.5,13.0,74.5,75.0
794,12.5,13.0,75.0,75.5
795,12.5,13.0,75.5,76.0
796,12.5,13.0,76.0,76.5
797,12.5,13.0,76.5,77.0
798,12.5,13.0,77.0,77.5
799,12.5,13.0,77.5,78.0
800,12.5,13.0,78.0,78.5
801,12.5,13.0,78.5,79.0
802,12.5,13.0,79.0,79.5
803,12.5,13.0,79.5,80.0
804,12.5,13.0,80.0,80.5
805,12.5,13.0,80.5,81.0
806,12.5,13.0,81.0,81.5
807,12.5,13.0,81.5,82.0
808,12.5,13.0,82.0,82.5
809,12.5,13.0,82.5,83.0
810,12.5,13.0,83.0,83.5
811,12.5,13.0,83.5,84.0
812,12.5,13.0,84.0,84.5
813,12.5,13.0,84.5,85.0
814,12.5,13.0,85.0,85.5
815,12.5,13.0,85.5,86.0
816,12.5,13.0,86.0,86.5
817,12.5,13.0,86.5,87.0
818,12.5,13.0,87.0,87.5
819,12.5,13.0,87.5,88.0
820,12.5,13.0,88.0,88.5
821,12.5,13.0,88.5,89.0
822,12.5,13.0,89.0,89.5
823,12.5,13.0,89.5,90.0
824,12.5,13.0,90.0,90.5
825,12.5,13.0,90.5,91.0
826,12.5,13.0,91.0,91.5
827,12.5,13.0,91.5,92.0
828,12.5,13.0,92.0,92.5
829,12.5,13.0,92.5,93.0
830,12.5,13.0,93.0,93.5
831,12.5,13.0,93.5,94.0
832,12.5,13.0,94.0,94.5
833,12.5,13.0,94.5,95.0
834,12.5,13.0,95.0,95.5
835,12.5,13.0,95.5,96.0
836,12.5,13.0,96.0,96.5
837,12.5,13.0,96.5,97.0
838,12.5,13.0,97.0,97.5
839,12.5,13.0,97.5,98.0
840,13.0,13.5,68.0,68.5
841,13.0,13.5,68.5,69.0
842,13.0,13.5,69.0,69.5
843,13.0,13.5,69.5,70.0
844,13.0,13.5,70.0,70.5
845,13.0,13.5,70.5,71.0
846,13.0,13.5,71.0,71.5
847,13.0,13.5,71.5,72.0
848,13.0,13.5,72.0,72.5
849,13.0,13.5,72.5,73.0
850,13.0,13.5,73.0,73.5
851,13.0,13.5,73.5,74.0
852,13.0,13.5,74.0,74.5
853,13.0,13.5,74.5,75.0
854,13.0,13.5,75.0,75.5
855,13.0,13.5,75.5,76.0
856,13.0,13.5,76.0,76.5
857,13.0,13.5,76.5,77.0
858,13.0,13.5,77.0,77.5
859,13.0,13.5,77.5,78.0
860,13.0,13.5,78.0,78.5
861,13.0,13.5,78.5,79.0
862,13.0,13.5,79.0,79.5
863,13.0,13.5,79.5,80.0
864,13.0,13.5,80.0,80.5
865,13.0,13.5,80.5,81.0
866,13.0,13.5,81.0,81.5
867,13.0,13.5,81.5,82.0
868,13.0,13.5,82.0,82.5
869,13.0,13.5,82.5,83.0
870,13.0,13.5,83.0,83.5
871,13.0,13.5,83.5,84.0
872,13.0,13.5,84.0,84.5
873,13.0,13.5,84.5,85.0
874,13.0,13.5,85.0,85.5
875,13.0,13.5,85.5,86.0
876,13.0,13.5,86.0,86.5
877,13.0,13.5,86.5,87.0
878,13.0,13.5,87.0,87.5
879,13.0,13.5,87.5,88.0
880,13.0,13.5,88.0,88.5
881,13.0,13.5,88.5,89.0
882,13.0,13.5,89.0,89.5
883,13.0,13.5,89.5,90.0
884,13.0,13.5,90.0,90.5
885,13.0,13.5,90.5,91.0
886,13.0,13.5,91.0,91.5
887,13.0,13.5,91.5,92.0
888,13.0,13.5,92.0,92.5
889,13.0,13.5,92.5,93.0
890,13.0,13.5,93.0,93.5
891,13.0,13.5,93.5,94.0
892,13.0,13.5,94.0,94.5
893,13.0,13.5,94.5,95.0
894,13.0,13.5,95.0,95.5
895,13.0,13.5,95.5,96.0
896,13.0,13.5,96.0,96.5
897,13.0,13.5,96.5,97.0
898,13.0,13.5,97.0,97.5
899,13.0,13.5,97.5,98.0
900,13.5,14.0,68.0,68.5
901,13.5,14.0,68.5,69.0
902,13.5,14.0,69.0,69.5
903,13.5,14.0,69.5,70.0
904,13.5,14.0,70.0,70.5
905,13.5,14.0,70.5,71.0
906,13.5,14.0,71.0,71.5
907,13.5,14.0,71.5,72.0
908,13.5,14.0,72.0,72.5
909,13.5,14.0,72.5,73.0
910,13.5,14.0,73.0,73.5
911,13.5,14.0,73.5,74.0
912,13.5,14.0,74.0,74.5
913,13.5,14.0,74.5,75.0
914,13.5,14.0,75.0,75.5
915,13.5,14.0,75.5,76.0
916,13.5,14.0,76.0,76.5
917,13.5,14.0,76.5,77.0
918,13.5,14.0,77.0,77.5
919,13.5,14.0,77.5,78.0
920,13.5,14.0,78.0,78.5
921,13.5,14.0,78.5,79.0
922,13.5,14.0,79.0,79.5
923,13.5,14.0,79.5,80.0
924,13.5,14.0,80.0,80.5
925,13.5,14.0,80.5,81.0
926,13.5,14.0,81.0,81.5
927,13.5,14.0,81.5,82.0
928,13.5,14.0,82.0,82.5
929,13.5,14.0,82.5,83.0
930,13.5,14.0,83.0,83.5
931,13.5,14.0,83.5,84.0
932,13.5,14.0,84.0,84.5
933,13.5,14.0,84.5,85.0
934,13.5,14.0,85.0,85.5
935,13.5,14.0,85.5,86.0
936,13.5,14.0,86.0,86.5
937,13.5,14.0,86.5,87.0
938,13.5,14.0,87.0,87.5
939,13.5,14.0,87.5,88.0
940,13.5,14.0,88.0,88.5
941,13.5,14.0,88.5,89.0
942,13.5,14.0,89.0,89.5
943,13.5,14.0,89.5,90.0
944,13.5,14.0,90.0,90.5
945,13.5,14.0,90.5,91.0
946,13.5,14.0,91.0,91.5
947,13.5,14.0,91.5,92.0
948,13.5,14.0,92.0,92.5
949,13.5,14.0,92.5,93.0
950,13.5,14.0,93.0,93.5
951,13.5,14.0,93.5,94.0
952,13.5,14.0,94.0,94.5
953,13.5,14.0,94.5,95.0
954,13.5,14.0,95.0,95.5
955,13.5,14.0,95.5,96.0
956,13.5,14.0,96.0,96.5
957,13.5,14.0,96.5,97.0
958,13.5,14.0,97.0,97.5
959,13.5,14.0,97.5,98.0
960,14.0,14.5,68.0,68.5
961,14.0,14.5,68.5,69.0
962,14.0,14.5,69.0,69.5
963,14.0,14.5,69.5,70.0
964,14.0,14.5,70.0,70.5
965,14.0,14.5,70.5,71.0
966,14.0,14.5,71.0,71.5
967,14.0,14.5,71.5,72.0
968,14.0,14.5,72.0,72.5
969,14.0,14.5,72.5,73.0
970,14.0,14.5,73.0,73.5
971,14.0,14.5,73.5,74.0
972,14.0,14.5,74.0,74.5
973,14.0,14.5,74.5,75.0
974,14.0,14.5,75.0,75.5
975,14.0,14.5,75.5,76.0
976,14.0,14.5,76.0,76.5
977,14.0,14.5,76.5,77.0
978,14.0,14.5,77.0,77.5
979,14.0,14.5,77.5,78.0
980,14.0,14.5,78.0,78.5
981,14.0,14.5,78.5,79.0
982,14.0,14.5,79.0,79.5
983,14.0,14.5,79.5,80.0
984,14.0,14.5,80.0,80.5
985,14.0,14.5,80.5,81.0
986,14.0,14.5,81.0,81.5
987,14.0,14.5,81.5,82.0
988,14.0,14.5,82.0,82.5
989,14.0,14.5,82.5,83.0
990,14.0,14.5,83.0,83.5
991,14.0,14.5,83.5,84.0
992,14.0,14.5,84.0,84.5
993,14.0,14.5,84.5,85.0
994,14.0,14.5,85.0,85.5
995,14.0,14.5,85.5,86.0
996,14.0,14.5,86.0,86.5
997,14.0,14.5,86.5,87.0
998,14.0,14.5,87.0,87.5
999,14.0,14.5,87.5,88.0
1000,14.0,14.5,88.0,88.5
1001,14.0,14.5,88.5,89.0
1002,14.0,14.5,89.0,89.5
1003,14.0,14.5,89.5,90.0
1004,14.0,14.5,90.0,90.5
1005,14.0,14.5,90.5,91.0
1006,14.0,14.5,91.0,91.5
1007,14.0,14.5,91.5,92.0
1008,14.0,14.5,92.0,92.5
1009,14.0,14.5,92.5,93.0
1010,14.0,14.5,93.0,93.5
1011,14.0,14.5,93.5,94.0
1012,14.0,14.5,94.0,94.5
1013,14.0,14.5,94.5,95.0
1014,14.0,14.5,95.0,95.5
1015,14.0,14.5,95.5,96.0
1016,14.0,14.5,96.0,96.5
1017,14.0,14.5,96.5,97.0
1018,14.0,14.5,97.0,97.5
1019,14.0,14.5,97.5,98.0
1020,14.5,15.0,68.0,68.5
1021,14.5,15.0,68.5,69.0
1022,14.5,15.0,69.0,69.5
1023,14.5,15.0,69.5,70.0
1024,14.5,15.0,70.0,70.5
1025,14.5,15.0,70.5,71.0
1026,14.5,15.0,71.0,71.5
1027,14.5,15.0,71.5,72.0
1028,14.5,15.0,72.0,72.5
1029,14.5,15.0,72.5,73.0
1030,14.5,15.0,73.0,73.5
1031,14.5,15.0,73.5,74.0
1032,14.5,15.0,74.0,74.5
1033,14.5,15.0,74.5,75.0
1034,14.5,15.0,75.0,75.5
1035,14.5,15.0,75.5,76.0
1036,14.5,15.0,76.0,76.5
1037,14.5,15.0,76.5,77.0
1038,14.5,15.0,77.0,77.5
1039,14.5,15.0,77.5,78.0
1040,14.5,15.0,78.0,78.5
1041,14.5,15.0,78.5,79.0
1042,14.5,15.0,79.0,79.5
1043,14.5,15.0,79.5,80.0
1044,14.5,15.0,80.0,80.5
1045,14.5,15.0,80.5,81.0
1046,14.5,15.0,81.0,81.5
1047,14.5,15.0,81.5,82.0
1048,14.5,15.0,82.0,82.5
1049,14.5,15.0,82.5,83.0
1050,14.5,15.0,83.0,83.5
1051,14.5,15.0,83.5,84.0
1052,14.5,15.0,84.0,84.5
1053,14.5,15.0,84.5,85.0
1054,14.5,15.0,85.0,85.5
1055,14.5,15.0,85.5,86.0
1056,14.5,15.0,86.0,86.5
1057,14.5,15.0,86.5,87.0
1058,14.5,15.0,87.0,87.5
1059,14.5,15.0,87.5,88.0
1060,14.5,15.0,88.0,88.5
1061,14.5,15.0,88.5,89.0
1062,14.5,15.0,89.0,89.5
1063,14.5,15.0,89.5,90.0
1064,14.5,15.0,90.0,90.5
1065,14.5,15.0,90.5,91.0
1066,14.5,15.0,91.0,91.5
1067,14.5,15.0,91.5,92.0
1068,14.5,15.0,92.0,92.5
1069,14.5,15.0,92.5,93.0
1070,14.5,15.0,93.0,93.5
1071,14.5,15.0,93.5,94.0
1072,14.5,15.0,94.0,94.5
1073,14.5,15.0,94.5,95.0
1074,14.5,15.0,95.0,95.5
1075,14.5,15.0,95.5,96.0
1076,14.5,15.0,96.0,96.5
1077,14.5,15.0,96.5,97.0
1078,14.5,15.0,97.0,97.5
1079,14.5,15.0,97.5,98.0
1080,15.0,15.5,68.0,68.5
1081,15.0,15.5,68.5,69.0
1082,15.0,15.5,69.0,69.5
1083,15.0,15.5,69.5,70.0
1084,15.0,15.5,70.0,70.5
1085,15.0,15.5,70.5,71.0
1086,15.0,15.5,71.0,71.5
1087,15.0,15.5,71.5,72.0
1088,15.0,15.5,72.0,72.5
1089,15.0,15.5,72.5,73.0
1090,15.0,15.5,73.0,73.5
1091,15.0,15.5,73.5,74.0
1092,15.0,15.5,74.0,74.5
1093,15.0,15.5,74.5,75.0
1094,15.0,15.5,75.0,75.5
1095,15.0,15.5,75.5,76.0
1096,15.0,15.5,76.0,76.5
1097,15.0,15.5,76.5,77.0
1098,15.0,15.5,77.0,77.5
1099,15.0,15.5,77.5,78.0
1100,15.0,15.5,78.0,78.5
1101,15.0,15.5,78.5,79.0
1102,15.0,15.5,79.0,79.5
1103,15.0,15.5,79.5,80.0
1104,15.0,15.5,80.0,80.5
1105,15.0,15.5,80.5,81.0
1106,15.0,15.5,81.0,81.5
1107,15.0,15.5,81.5,82.0
1108,15.0,15.5,82.0,82.5
1109,15.0,15.5,82.5,83.0
1110,15.0,15.5,83.0,83.5
1111,15.0,15.5,83.5,84.0
1112,15.0,15.5,84.0,84.5
1113,15.0,15.5,84.5,85.0
1114,15.0,15.5,85.0,85.5
1115,15.0,15.5,85.5,86.0
1116,15.0,15.5,86.0,86.5
1117,15.0,15.5,86.5,87.0
1118,15.0,15.5,87.0,87.5
1119,15.0,15.5,87.5,88.0
1120,15.0,15.5,88.0,88.5
1121,15.0,15.5,88.5,89.0
1122,15.0,15.5,89.0,89.5
1123,15.0,15.5,89.5,90.0
1124,15.0,15.5,90.0,90.5
1125,15.0,15.5,90.5,91.0
1126,15.0,15.5,91.0,91.5
1127,15.0,15.5,91.5,92.0
1128,15.0,15.5,92.0,92.5
1129,15.0,15.5,92.5,93.0
1130,15.0,15.5,93.0,93.5
1131,15.0,15.5,93.5,94.0
1132,15.0,15.5,94.0,94.5
1133,15.0,15.5,94.5,95.0
1134,15.0,15.5,95.0,95.5
1135,15.0,15.5,95.5,96.0
1136,15.0,15.5,96.0,96.5
1137,15.0,15.5,96.5,97.0
1138,15.0,15.5,97.0,97.5
1139,15.0,15.5,97.5,98.0
1140,15.5,16.0,68.0,68.5
1141,15.5,16.0,68.5,69.0
1142,15.5,16.0,69.0,69.5
1143,15.5,16.0,69.5,70.0
1144,15.5,16.0,70.0,70.5
1145,15.5,16.0,70.5,71.0
1146,15.5,16.0,71.0,71.5
1147,15.5,16.0,71.5,72.0
1148,15.5,16.0,72.0,72.5
1149,15.5,16.0,72.5,73.0
1150,15.5,16.0,73.0,73.5
1151,15.5,16.0,73.5,74.0
1152,15.5,16.0,74.0,74.5
1153,15.5,16.0,74.5,75.0
1154,15.5,16.0,75.0,75.5
1155,15.5,16.0,75.5,76.0
1156,15.5,16.0,76.0,76.5
1157,15.5,16.0,76.5,77.0
1158,15.5,16.0,77.0,77.5
1159,15.5,16.0,77.5,78.0
1160,15.5,16.0,78.0,78.5
1161,15.5,16.0,78.5,79.0
1162,15.5,16.0,79.0,79.5
1163,15.5,16.0,79.5,80.0
1164,15.5,16.0,80.0,80.5
1165,15.5,16.0,80.5,81.0
1166,15.5,16.0,81.0,81.5
1167,15.5,16.0,81.5,82.0
1168,15.5,16.0,82.0,82.5
1169,15.5,16.0,82.5,83.0
1170,15.5,16.0,83.0,83.5
1171,15.5,16.0,83.5,84.0
1172,15.5,16.0,84.0,84.5
1173,15.5,16.0,84.5,85.0
1174,15.5,16.0,85.0,85.5
1175,15.5,16.0,85.5,86.0
1176,15.5,16.0,86.0,86.5
1177,15.5,16.0,86.5,87.0
1178,15.5,16.0,87.0,87.5
1179,15.5,16.0,87.5,88.0
1180,15.5,16.0,88.0,88.5
1181,15.5,16.0,88.5,89.0
1182,15.5,16.0,89.0,89.5
1183,15.5,16.0,89.5,90.0
1184,15.5,16.0,90.0,90.5
1185,15.5,16.0,90.5,91.0
1186,15.5,16.0,91.0,91.5
1187,15.5,16.0,91.5,92.0
1188,15.5,16.0,92.0,92.5
1189,15.5,16.0,92.5,93.0
1190,15.5,16.0,93.0,93.5
1191,15.5,16.0,93.5,94.0
1192,15.5,16.0,94.0,94.5
1193,15.5,16.0,94.5,95.0
1194,15.5,16.0,95.0,95.5
1195,15.5,16.0,95.5,96.0
1196,15.5,16.0,96.0,96.5
1197,15.5,16.0,96.5,97.0
1198,15.5,16.0,97.0,97.5
1199,15.5,16.0,97.5,98.0
1200,16.0,16.5,68.0,68.5
1201,16.0,16.5,68.5,69.0
1202,16.0,16.5,69.0,69.5
1203,16.0,16.5,69.5,70.0
1204,16.0,16.5,70.0,70.5
1205,16.0,16.5,70.5,71.0
1206,16.0,16.5,71.0,71.5
1207,16.0,16.5,71.5,72.0
1208,16.0,16.5,72.0,72.5
1209,16.0,16.5,72.5,73.0
1210,16.0,16.5,73.0,73.5
1211,16.0,16.5,73.5,74.0
1212,16.0,16.5,74.0,74.5
1213,16.0,16.5,74.5,75.0
1214,16.0,16.5,75.0,75.5
1215,16.0,16.5,75.5,76.0
1216,16.0,16.5,76.0,76.5
1217,16.0,16.5,76.5,77.0
1218,16.0,16.5,77.0,77.5
1219,16.0,16.5,77.5,78.0
1220,16.0,16.5,78.0,78.5
1221,16.0,16.5,78.5,79.0
1222,16.0,16.5,79.0,79.5
1223,16.0,16.5,79.5,80.0
1224,16.0,16.5,80.0,80.5
1225,16.0,16.5,80.5,81.0
1226,16.0,16.5,81.0,81.5
1227,16.0,16.5,81.5,82.0
1228,16.0,16.5,82.0,82.5
1229,16.0,16.5,82.5,83.0
1230,16.0,16.5,83.0,83.5
1231,16.0,16.5,83.5,84.0
1232,16.0,16.5,84.0,84.5
1233,16.0,16.5,84.5,85.0
1234,16.0,16.5,85.0,85.5
1235,16.0,16.5,85.5,86.0
1236,16.0,16.5,86.0,86.5
1237,16.0,16.5,86.5,87.0
1238,16.0,16.5,87.0,87.5
1239,16.0,16.5,87.5,88.0
1240,16.0,16.5,88.0,88.5
1241,16.0,16.5,88.5,89.0
1242,16.0,16.5,89.0,89.5
1243,16.0,16.5,89.5,90.0
1244,16.0,16.5,90.0,90.5
1245,16.0,16.5,90.5,91.0
1246,16.0,16.5,91.0,91.5
1247,16.0,16.5,91.5,92.0
1248,16.0,16.5,92.0,92.5
1249,16.0,16.5,92.5,93.0
1250,16.0,16.5,93.0,93.5
1251,16.0,16.5,93.5,94.0
1252,16.0,16.5,94.0,94.5
1253,16.0,16.5,94.5,95.0
1254,16.0,16.5,95.0,95.5
1255,16.0,16.5,95.5,96.0
1256,16.0,16.5,96.0,96.5
1257,16.0,16.5,96.5,97.0
1258,16.0,16.5,97.0,97.5
1259,16.0,16.5,97.5,98.0
1260,16.5,17.0,68.0,68.5
1261,16.5,17.0,68.5,69.0
1262,16.5,17.0,69.0,69.5
1263,16.5,17.0,69.5,70.0
1264,16.5,17.0,70.0,70.5
1265,16.5,17.0,70.5,71.0
1266,16.5,17.0,71.0,71.5
1267,16.5,17.0,71.5,72.0
1268,16.5,17.0,72.0,72.5
1269,16.5,17.0,72.5,73.0
1270,16.5,17.0,73.0,73.5
1271,16.5,17.0,73.5,74.0
1272,16.5,17.0,74.0,74.5
1273,16.5,17.0,74.5,75.0
1274,16.5,17.0,75.0,75.5
1275,16.5,17.0,75.5,76.0
1276,16.5,17.0,76.0,76.5
1277,16.5,17.0,76.5,77.0
1278,16.5,17.0,77.0,77.5
1279,16.5,17.0,77.5,78.0
1280,16.5,17.0,78.0,78.5
1281,16.5,17.0,78.5,79.0
1282,16.5,17.0,79.0,79.5
1283,16.5,17.0,79.5,80.0
1284,16.5,17.0,80.0,80.5
1285,16.5,17.0,80.5,81.0
1286,16.5,17.0,81.0,81.5
1287,16.5,17.0,81.5,82.0
1288,16.5,17.0,82.0,82.5
1289,16.5,17.0,82.5,83.0
1290,16.5,17.0,83.0,83.5
1291,16.5,17.0,83.5,84.0
1292,16.5,17.0,84.0,84.5
1293,16.5,17.0,84.5,85.0
1294,16.5,17.0,85.0,85.5
1295,16.5,17.0,85.5,86.0
1296,16.5,17.0,86.0,86.5
1297,16.5,17.0,86.5,87.0
1298,16.5,17.0,87.0,87.5
1299,16.5,17.0,87.5,88.0
1300,16.5,17.0,88.0,88.5
1301,16.5,17.0,88.5,89.0
1302,16.5,17.0,89.0,89.5
1303,16.5,17.0,89.5,90.0
1304,16.5,17.0,90.0,90.5
1305,16.5,17.0,90.5,91.0
1306,16.5,17.0,91.0,91.5
1307,16.5,17.0,91.5,92.0
1308,16.5,17.0,92.0,92.5
1309,16.5,17.0,92.5,93.0
1310,16.5,17.0,93.0,93.5
1311,16.5,17.0,93.5,94.0
1312,16.5,17.0,94.0,94.5
1313,16.5,17.0,94.5,95.0
1314,16.5,17.0,95.0,95.5
1315,16.5,17.0,95.5,96.0
1316,16.5,17.0,96.0,96.5
1317,16.5,17.0,96.5,97.0
1318,16.5,17.0,97.0,97.5
1319,16.5,17.0,97.5,98.0
1320,17.0,17.5,68.0,68.5
1321,17.0,17.5,68.5,69.0
1322,17.0,17.5,69.0,69.5
1323,17.0,17.5,69.5,70.0
1324,17.0,17.5,70.0,70.5
1325,17.0,17.5,70.5,71.0
1326,17.0,17.5,71.0,71.5
1327,17.0,17.5,71.5,72.0
1328,17.0,17.5,72.0,72.5
1329,17.0,17.5,72.5,73.0
1330,17.0,17.5,73.0,73.5
1331,17.0,17.5,73.5,74.0
1332,17.0,17.5,74.0,74.5
1333,17.0,17.5,74.5,75.0
1334,17.0,17.5,75.0,75.5
1335,17.0,17.5,75.5,76.0
1336,17.0,17.5,76.0,76.5
1337,17.0,17.5,76.5,77.0
1338,17.0,17.5,77.0,77.5
1339,17.0,17.5,77.5,78.0
1340,17.0,17.5,78.0,78.5
1341,17.0,17.5,78.5,79.0
1342,17.0,17.5,79.0,79.5
1343,17.0,17.5,79.5,80.0
1344,17.0,17.5,80.0,80.5
1345,17.0,17.5,80.5,81.0
1346,17.0,17.5,81.0,81.5
1347,17.0,17.5,81.5,82.0
1348,17.0,17.5,82.0,82.5
1349,17.0,17.5,82.5,83.0
1350,17.0,17.5,83.0,83.5
1351,17.0,17.5,83.5,84.0
1352,17.0,17.5,84.0,84.5
1353,17.0,17.5,84.5,85.0
1354,17.0,17.5,85.0,85.5
1355,17.0,17.5,85.5,86.0
1356,17.0,17.5,86.0,86.5
1357,17.0,17.5,86.5,87.0
1358,17.0,17.5,87.0,87.5
1359,17.0,17.5,87.5,88.0
1360,17.0,17.5,88.0,88.5
1361,17.0,17.5,88.5,89.0
1362,17.0,17.5,89.0,89.5
1363,17.0,17.5,89.5,90.0
1364,17.0,17.5,90.0,90.5
1365,17.0,17.5,90.5,91.0
1366,17.0,17.5,91.0,91.5
1367,17.0,17.5,91.5,92.0
1368,17.0,17.5,92.0,92.5
1369,17.0,17.5,92.5,93.0
1370,17.0,17.5,93.0,93.5
1371,17.0,17.5,93.5,94.0
1372,17.0,17.5,94.0,94.5
1373,17.0,17.5,94.5,95.0
1374,17.0,17.5,95.0,95.5
1375,17.0,17.5,95.5,96.0
1376,17.0,17.5,96.0,96.5
1377,17.0,17.5,96.5,97.0
1378,17.0,17.5,97.0,97.5
1379,17.0,17.5,97.5,98.0
1380,17.5,18.0,68.0,68.5
1381,17.5,18.0,68.5,69.0
1382,17.5,18.0,69.0,69.5
1383,17.5,18.0,69.5,70.0
1384,17.5,18.0,70.0,70.5
1385,17.5,18.0,70.5,71.0
1386,17.5,18.0,71.0,71.5
1387,17.5,18.0,71.5,72.0
1388,17.5,18.0,72.0,72.5
1389,17.5,18.0,72.5,73.0
1390,17.5,18.0,73.0,73.5
1391,17.5,18.0,73.5,74.0
1392,17.5,18.0,74.0,74.5
1393,17.5,18.0,74.5,75.0
1394,17.5,18.0,75.0,75.5
1395,17.5,18.0,75.5,76.0
1396,17.5,18.0,76.0,76.5
1397,17.5,18.0,76.5,77.0
1398,17.5,18.0,77.0,77.5
1399,17.5,18.0,77.5,78.0
1400,17.5,18.0,78.0,78.5
1401,17.5,18.0,78.5,79.0
1402,17.5,18.0,79.0,79.5
1403,17.5,18.0,79.5,80.0
1404,17.5,18.0,80.0,80.5
1405,17.5,18.0,80.5,81.0
1406,17.5,18.0,81.0,81.5
1407,17.5,18.0,81.5,82.0
1408,17.5,18.0,82.0,82.5
1409,17.5,18.0,82.5,83.0
1410,17.5,18.0,83.0,83.5
1411,17.5,18.0,83.5,84.0
1412,17.5,18.0,84.0,84.5
1413,17.5,18.0,84.5,85.0
1414,17.5,18.0,85.0,85.5
1415,17.5,18.0,85.5,86.0
1416,17.5,18.0,86.0,86.5
1417,17.5,18.0,86.5,87.0
1418,17.5,18.0,87.0,87.5
1419,17.5,18.0,87.5,88.0
1420,17.5,18.0,88.0,88.5
1421,17.5,18.0,88.5,89.0
1422,17.5,18.0,89.0,89.5
1423,17.5,18.0,89.5,90.0
1424,17.5,18.0,90.0,90.5
1425,17.5,18.0,90.5,91.0
1426,17.5,18.0,91.0,91.5
1427,17.5,18.0,91.5,92.0
1428,17.5,18.0,92.0,92.5
1429,17.5,18.0,92.5,93.0
1430,17.5,18.0,93.0,93.5
1431,17.5,18.0,93.5,94.0
1432,17.5,18.0,94.0,94.5
1433,17.5,18.0,94.5,95.0
1434,17.5,18.0,95.0,95.5
1435,17.5,18.0,95.5,96.0
1436,17.5,18.0,96.0,96.5
1437,17.5,18.0,96.5,97.0
1438,17.5,18.0,97.0,97.5
1439,17.5,18.0,97.5,98.0
1440,18.0,18.5,68.0,68.5
1441,18.0,18.5,68.5,69.0
1442,18.0,18.5,69.0,69.5
1443,18.0,18.5,69.5,70.0
1444,18.0,18.5,70.0,70.5
1445,18.0,18.5,70.5,71.0
1446,18.0,18.5,71.0,71.5
1447,18.0,18.5,71.5,72.0
1448,18.0,18.5,72.0,72.5
1449,18.0,18.5,72.5,73.0
1450,18.0,18.5,73.0,73.5
1451,18.0,18.5,73.5,74.0
1452,18.0,18.5,74.0,74.5
1453,18.0,18.5,74.5,75.0
1454,18.0,18.5,75.0,75.5
1455,18.0,18.5,75.5,76.0
1456,18.0,18.5,76.0,76.5
1457,18.0,18.5,76.5,77.0
1458,18.0,18.5,77.0,77.5
1459,18.0,18.5,77.5,78.0
1460,18.0,18.5,78.0,78.5
1461,18.0,18.5,78.5,79.0
1462,18.0,18.5,79.0,79.5
1463,18.0,18.5,79.5,80.0
1464,18.0,18.5,80.0,80.5
1465,18.0,18.5,80.5,81.0
1466,18.0,18.5,81.0,81.5
1467,18.0,18.5,81.5,82.0
1468,18.0,18.5,82.0,82.5
1469,18.0,18.5,82.5,83.0
1470,18.0,18.5,83.0,83.5
1471,18.0,18.5,83.5,84.0
1472,18.0,18.5,84.0,84.5
1473,18.0,18.5,84.5,85.0
1474,18.0,18.5,85.0,85.5
1475,18.0,18.5,85.5,86.0
1476,18.0,18.5,86.0,86.5
1477,18.0,18.5,86.5,87.0
1478,18.0,18.5,87.0,87.5
1479,18.0,18.5,87.5,88.0
1480,18.0,18.5,88.0,88.5
1481,18.0,18.5,88.5,89.0
1482,18.0,18.5,89.0,89.5
1483,18.0,18.5,89.5,90.0
1484,18.0,18.5,90.0,90.5
1485,18.0,18.5,90.5,91.0
1486,18.0,18.5,91.0,91.5
1487,18.0,18.5,91.5,92.0
1488,18.0,18.5,92.0,92.5
1489,18.0,18.5,92.5,93.0
1490,18.0,18.5,93.0,93.5
1491,18.0,18.5,93.5,94.0
1492,18.0,18.5,94.0,94.5
1493,18.0,18.5,94.5,95.0
1494,18.0,18.5,95.0,95.5
1495,18.0,18.5,95.5,96.0
1496,18.0,18.5,96.0,96.5
1497,18.0,18.5,96.5,97.0
1498,18.0,18.5,97.0,97.5
1499,18.0,18.5,97.5,98.0
1500,18.5,19.0,68.0,68.5
1501,18.5,19.0,68.5,69.0
1502,18.5,19.0,69.0,69.5
1503,18.5,19.0,69.5,70.0
1504,18.5,19.0,70.0,70.5
1505,18.5,19.0,70.5,71.0
1506,18.5,19.0,71.0,71.5
1507,18.5,19.0,71.5,72.0
1508,18.5,19.0,72.0,72.5
1509,18.5,19.0,72.5,73.0
1510,18.5,19.0,73.0,73.5
1511,18.5,19.0,73.5,74.0
1512,18.5,19.0,74.0,74.5
1513,18.5,19.0,74.5,75.0
1514,18.5,19.0,75.0,75.5
1515,18.5,19.0,75.5,76.0
1516,18.5,19.0,76.0,76.5
1517,18.5,19.0,76.5,77.0
1518,18.5,19.0,77.0,77.5
1519,18.5,19.0,77.5,78.0
1520,18.5,19.0,78.0,78.5
1521,18.5,19.0,78.5,79.0
1522,18.5,19.0,79.0,79.5
1523,18.5,19.0,79.5,80.0
1524,18.5,19.0,80.0,80.5
1525,18.5,19.0,80.5,81.0
1526,18.5,19.0,81.0,81.5
1527,18.5,19.0,81.5,82.0
1528,18.5,19.0,82.0,82.5
1529,18.5,19.0,82.5,83.0
1530,18.5,19.0,83.0,83.5
1531,18.5,19.0,83.5,84.0
1532,18.5,19.0,84.0,84.5
1533,18.5,19.0,84.5,85.0
1534,18.5,19.0,85.0,85.5
1535,18.5,19.0,85.5,86.0
1536,18.5,19.0,86.0,86.5
1537,18.5,19.0,86.5,87.0
1538,18.5,19.0,87.0,87.5
1539,18.5,19.0,87.5,88.0
1540,18.5,19.0,88.0,88.5
1541,18.5,19.0,88.5,89.0
1542,18.5,19.0,89.0,89.5
1543,18.5,19.0,89.5,90.0
1544,18.5,19.0,90.0,90.5
1545,18.5,19.0,90.5,91.0
1546,18.5,19.0,91.0,91.5
1547,18.5,19.0,91.5,92.0
1548,18.5,19.0,92.0,92.5
1549,18.5,19.0,92.5,93.0
1550,18.5,19.0,93.0,93.5
1551,18.5,19.0,93.5,94.0
1552,18.5,19.0,94.0,94.5
1553,18.5,19.0,94.5,95.0
1554,18.5,19.0,95.0,95.5
1555,18.5,19.0,95.5,96.0
1556,18.5,19.0,96.0,96.5
1557,18.5,19.0,96.5,97.0
1558,18.5,19.0,97.0,97.5
1559,18.5,19.0,97.5,98.0
1560,19.0,19.5,68.0,68.5
1561,19.0,19.5,68.5,69.0
1562,19.0,19.5,69.0,69.5
1563,19.0,19.5,69.5,70.0
1564,19.0,19.5,70.0,70.5
1565,19.0,19.5,70.5,71.0
1566,19.0,19.5,71.0,71.5
1567,19.0,19.5,71.5,72.0
1568,19.0,19.5,72.0,72.5
1569,19.0,19.5,72.5,73.0
1570,19.0,19.5,73.0,73.5
1571,19.0,19.5,73.5,74.0
1572,19.0,19.5,74.0,74.5
1573,19.0,19.5,74.5,75.0
1574,19.0,19.5,75.0,75.5
1575,19.0,19.5,75.5,76.0
1576,19.0,19.5,76.0,76.5
1577,19.0,19.5,76.5,77.0
1578,19.0,19.5,77.0,77.5
1579,19.0,19.5,77.5,78.0
1580,19.0,19.5,78.0,78.5
1581,19.0,19.5,78.5,79.0
1582,19.0,19.5,79.0,79.5
1583,19.0,19.5,79.5,80.0
1584,19.0,19.5,80.0,80.5
1585,19.0,19.5,80.5,81.0
1586,19.0,19.5,81.0,81.5
1587,19.0,19.5,81.5,82.0
1588,19.0,19.5,82.0,82.5
1589,19.0,19.5,82.5,83.0
1590,19.0,19.5,83.0,83.5
1591,19.0,19.5,83.5,84.0
1592,19.0,19.5,84.0,84.5
1593,19.0,19.5,84.5,85.0
1594,19.0,19.5,85.0,85.5
1595,19.0,19.5,85.5,86.0
1596,19.0,19.5,86.0,86.5
1597,19.0,19.5,86.5,87.0
1598,19.0,19.5,87.0,87.5
1599,19.0,19.5,87.5,88.0
1600,19.0,19.5,88.0,88.5
1601,19.0,19.5,88.5,89.0
1602,19.0,19.5,89.0,89.5
1603,19.0,19.5,89.5,90.0
1604,19.0,19.5,90.0,90.5
1605,19.0,19.5,90.5,91.0
1606,19.0,19.5,91.0,91.5
1607,19.0,19.5,91.5,92.0
1608,19.0,19.5,92.0,92.5
1609,19.0,19.5,92.5,93.0
1610,19.0,19.5,93.0,93.5
1611,19.0,19.5,93.5,94.0
1612,19.0,19.5,94.0,94.5
1613,19.0,19.5,94.5,95.0
1614,19.0,19.5,95.0,95.5
1615,19.0,19.5,95.5,96.0
1616,19.0,19.5,96.0,96.5
1617,19.0,19.5,96.5,97.0
1618,19.0,19.5,97.0,97.5
1619,19.0,19.5,97.5,98.0
1620,19.5,20.0,68.0,68.5
1621,19.5,20.0,68.5,69.0
1622,19.5,20.0,69.0,69.5
1623,19.5,20.0,69.5,70.0
1624,19.5,20.0,70.0,70.5
1625,19.5,20.0,70.5,71.0
1626,19.5,20.0,71.0,71.5
1627,19.5,20.0,71.5,72.0
1628,19.5,20.0,72.0,72.5
1629,19.5,20.0,72.5,73.0
1630,19.5,20.0,73.0,73.5
1631,19.5,20.0,73.5,74.0
1632,19.5,20.0,74.0,74.5
1633,19.5,20.0,74.5,75.0
1634,19.5,20.0,75.0,75.5
1635,19.5,20.0,75.5,76.0
1636,19.5,20.0,76.0,76.5
1637,19.5,20.0,76.5,77.0
1638,19.5,20.0,77.0,77.5
1639,19.5,20.0,77.5,78.0
1640,19.5,20.0,78.0,78.5
1641,19.5,20.0,78.5,79.0
1642,19.5,20.0,79.0,79.5
1643,19.5,20.0,79.5,80.0
1644,19.5,20.0,80.0,80.5
1645,19.5,20.0,80.5,81.0
1646,19.5,20.0,81.0,81.5
1647,19.5,20.0,81.5,82.0
1648,19.5,20.0,82.0,82.5
1649,19.5,20.0,82.5,83.0
1650,19.5,20.0,83.0,83.5
1651,19.5,20.0,83.5,84.0
1652,19.5,20.0,84.0,84.5
1653,19.5,20.0,84.5,85.0
1654,19.5,20.0,85.0,85.5
1655,19.5,20.0,85.5,86.0
1656,19.5,20.0,86.0,86.5
1657,19.5,20.0,86.5,87.0
1658,19.5,20.0,87.0,87.5
1659,19.5,20.0,87.5,88.0
1660,19.5,20.0,88.0,88.5
1661,19.5,20.0,88.5,89.0
1662,19.5,20.0,89.0,89.5
1663,19.5,20.0,89.5,90.0
1664,19.5,20.0,90.0,90.5
1665,19.5,20.0,90.5,91.0
1666,19.5,20.0,91.0,91.5
1667,19.5,20.0,91.5,92.0
1668,19.5,20.0,92.0,92.5
1669,19.5,20.0,92.5,93.0
1670,19.5,20.0,93.0,93.5
1671,19.5,20.0,93.5,94.0
1672,19.5,20.0,94.0,94.5
1673,19.5,20.0,94.5,95.0
1674,19.5,20.0,95.0,95.5
1675,19.5,20.0,95.5,96.0
1676,19.5,20.0,96.0,96.5
1677,19.5,20.0,96.5,97.0
1678,19.5,20.0,97.0,97.5
1679,19.5,20.0,97.5,98.0
1680,20.0,20.5,68.0,68.5
1681,20.0,20.5,68.5,69.0
1682,20.0,20.5,69.0,69.5
1683,20.0,20.5,69.5,70.0
1684,20.0,20.5,70.0,70.5
1685,20.0,20.5,70.5,71.0
1686,20.0,20.5,71.0,71.5
1687,20.0,20.5,71.5,72.0
1688,20.0,20.5,72.0,72.5
1689,20.0,20.5,72.5,73.0
1690,20.0,20.5,73.0,73.5
1691,20.0,20.5,73.5,74.0
1692,20.0,20.5,74.0,74.5
1693,20.0,20.5,74.5,75.0
1694,20.0,20.5,75.0,75.5
1695,20.0,20.5,75.5,76.0
1696,20.0,20.5,76.0,76.5
1697,20.0,20.5,76.5,77.0
1698,20.0,20.5,77.0,77.5
1699,20.0,20.5,77.5,78.0
1700,20.0,20.5,78.0,78.5
1701,20.0,20.5,78.5,79.0
1702,20.0,20.5,79.0,79.5
1703,20.0,20.5,79.5,80.0
1704,20.0,20.5,80.0,80.5
1705,20.0,20.5,80.5,81.0
1706,20.0,20.5,81.0,81.5
1707,20.0,20.5,81.5,82.0
1708,20.0,20.5,82.0,82.5
1709,20.0,20.5,82.5,83.0
1710,20.0,20.5,83.0,83.5
1711,20.0,20.5,83.5,84.0
1712,20.0,20.5,84.0,84.5
1713,20.0,20.5,84.5,85.0
1714,20.0,20.5,85.0,85.5
1715,20.0,20.5,85.5,86.0
1716,20.0,20.5,86.0,86.5
1717,20.0,20.5,86.5,87.0
1718,20.0,20.5,87.0,87.5
1719,20.0,20.5,87.5,88.0
1720,20.0,20.5,88.0,88.5
1721,20.0,20.5,88.5,89.0
1722,20.0,20.5,89.0,89.5
1723,20.0,20.5,89.5,90.0
1724,20.0,20.5,90.0,90.5
1725,20.0,20.5,90.5,91.0
1726,20.0,20.5,91.0,91.5
1727,20.0,20.5,91.5,92.0
1728,20.0,20.5,92.0,92.5
1729,20.0,20.5,92.5,93.0
1730,20.0,20.5,93.0,93.5
1731,20.0,20.5,93.5,94.0
1732,20.0,20.5,94.0,94.5
1733,20.0,20.5,94.5,95.0
1734,20.0,20.5,95.0,95.5
1735,20.0,20.5,95.5,96.0
1736,20.0,20.5,96.0,96.5
1737,20.0,20.5,96.5,97.0
1738,20.0,20.5,97.0,97.5
1739,20.0,20.5,97.5,98.0
1740,20.5,21.0,68.0,68.5
1741,20.5,21.0,68.5,69.0
1742,20.5,21.0,69.0,69.5
1743,20.5,21.0,69.5,70.0
1744,20.5,21.0,70.0,70.5
1745,20.5,21.0,70.5,71.0
1746,20.5,21.0,71.0,71.5
1747,20.5,21.0,71.5,72.0
1748,20.5,21.0,72.0,72.5
1749,20.5,21.0,72.5,73.0
1750,20.5,21.0,73.0,73.5
1751,20.5,21.0,73.5,74.0
1752,20.5,21.0,74.0,74.5
1753,20.5,21.0,74.5,75.0
1754,20.5,21.0,75.0,75.5
1755,20.5,21.0,75.5,76.0
1756,20.5,21.0,76.0,76.5
1757,20.5,21.0,76.5,77.0
1758,20.5,21.0,77.0,77.5
1759,20.5,21.0,77.5,78.0
1760,20.5,21.0,78.0,78.5
1761,20.5,21.0,78.5,79.0
1762,20.5,21.0,79.0,79.5
1763,20.5,21.0,79.5,80.0
1764,20.5,21.0,80.0,80.5
1765,20.5,21.0,80.5,81.0
1766,20.5,21.0,81.0,81.5
1767,20.5,21.0,81.5,82.0
1768,20.5,21.0,82.0,82.5
1769,20.5,21.0,82.5,83.0
1770,20.5,21.0,83.0,83.5
1771,20.5,21.0,83.5,84.0
1772,20.5,21.0,84.0,84.5
1773,20.5,21.0,84.5,85.0
1774,20.5,21.0,85.0,85.5
1775,20.5,21.0,85.5,86.0
1776,20.5,21.0,86.0,86.5
1777,20.5,21.0,86.5,87.0
1778,20.5,21.0,87.0,87.5
1779,20.5,21.0,87.5,88.0
1780,20.5,21.0,88.0,88.5
1781,20.5,21.0,88.5,89.0
1782,20.5,21.0,89.0,89.5
1783,20.5,21.0,89.5,90.0
1784,20.5,21.0,90.0,90.5
1785,20.5,21.0,90.5,91.0
1786,20.5,21.0,91.0,91.5
1787,20.5,21.0,91.5,92.0
1788,20.5,21.0,92.0,92.5
1789,20.5,21.0,92.5,93.0
1790,20.5,21.0,93.0,93.5
1791,20.5,21.0,93.5,94.0
1792,20.5,21.0,94.0,94.5
1793,20.5,21.0,94.5,95.0
1794,20.5,21.0,95.0,95.5
1795,20.5,21.0,95.5,96.0
1796,20.5,21.0,96.0,96.5
1797,20.5,21.0,96.5,97.0
1798,20.5,21.0,97.0,97.5
1799,20.5,21.0,97.5,98.0
1800,21.0,21.5,68.0,68.5
1801,21.0,21.5,68.5,69.0
1802,21.0,21.5,69.0,69.5
1803,21.0,21.5,69.5,70.0
1804,21.0,21.5,70.0,70.5
1805,21.0,21.5,70.5,71.0
1806,21.0,21.5,71.0,71.5
1807,21.0,21.5,71.5,72.0
1808,21.0,21.5,72.0,72.5
1809,21.0,21.5,72.5,73.0
1810,21.0,21.5,73.0,73.5
1811,21.0,21.5,73.5,74.0
1812,21.0,21.5,74.0,74.5
1813,21.0,21.5,74.5,75.0
1814,21.0,21.5,75.0,75.5
1815,21.0,21.5,75.5,76.0
1816,21.0,21.5,76.0,76.5
1817,21.0,21.5,76.5,77.0
1818,21.0,21.5,77.0,77.5
1819,21.0,21.5,77.5,78.0
1820,21.0,21.5,78.0,78.5
1821,21.0,21.5,78.5,79.0
1822,21.0,21.5,79.0,79.5
1823,21.0,21.5,79.5,80.0
1824,21.0,21.5,80.0,80.5
1825,21.0,21.5,80.5,81.0
1826,21.0,21.5,81.0,81.5
1827,21.0,21.5,81.5,82.0
1828,21.0,21.5,82.0,82.5
1829,21.0,21.5,82.5,83.0
1830,21.0,21.5,83.0,83.5
1831,21.0,21.5,83.5,84.0
1832,21.0,21.5,84.0,84.5
1833,21.0,21.5,84.5,85.0
1834,21.0,21.5,85.0,85.5
1835,21.0,21.5,85.5,86.0
1836,21.0,21.5,86.0,86.5
1837,21.0,21.5,86.5,87.0
1838,21.0,21.5,87.0,87.5
1839,21.0,21.5,87.5,88.0
1840,21.0,21.5,88.0,88.5
1841,21.0,21.5,88.5,89.0
1842,21.0,21.5,89.0,89.5
1843,21.0,21.5,89.5,90.0
1844,21.0,21.5,90.0,90.5
1845,21.0,21.5,90.5,91.0
1846,21.0,21.5,91.0,91.5
1847,21.0,21.5,91.5,92.0
1848,21.0,21.5,92.0,92.5
1849,21.0,21.5,92.5,93.0
1850,21.0,21.5,93.0,93.5
1851,21.0,21.5,93.5,94.0
1852,21.0,21.5,94.0,94.5
1853,21.0,21.5,94.5,95.0
1854,21.0,21.5,95.0,95.5
1855,21.0,21.5,95.5,96.0
1856,21.0,21.5,96.0,96.5
1857,21.0,21.5,96.5,97.0
1858,21.0,21.5,97.0,97.5
1859,21.0,21.5,97.5,98.0
1860,21.5,22.0,68.0,68.5
1861,21.5,22.0,68.5,69.0
1862,21.5,22.0,69.0,69.5
1863,21.5,22.0,69.5,70.0
1864,21.5,22.0,70.0,70.5
1865,21.5,22.0,70.5,71.0
1866,21.5,22.0,71.0,71.5
1867,21.5,22.0,71.5,72.0
1868,21.5,22.0,72.0,72.5
1869,21.5,22.0,72.5,73.0
1870,21.5,22.0,73.0,73.5
1871,21.5,22.0,73.5,74.0
1872,21.5,22.0,74.0,74.5
1873,21.5,22.0,74.5,75.0
1874,21.5,22.0,75.0,75.5
1875,21.5,22.0,75.5,76.0
1876,21.5,22.0,76.0,76.5
1877,21.5,22.0,76.5,77.0
1878,21.5,22.0,77.0,77.5
1879,21.5,22.0,77.5,78.0
1880,21.5,22.0,78.0,78.5
1881,21.5,22.0,78.5,79.0
1882,21.5,22.0,79.0,79.5
1883,21.5,22.0,79.5,80.0
1884,21.5,22.0,80.0,80.5
1885,21.5,22.0,80.5,81.0
1886,21.5,22.0,81.0,81.5
1887,21.5,22.0,81.5,82.0
1888,21.5,22.0,82.0,82.5
1889,21.5,22.0,82.5,83.0
1890,21.5,22.0,83.0,83.5
1891,21.5,22.0,83.5,84.0
1892,21.5,22.0,84.0,84.5
1893,21.5,22.0,84.5,85.0
1894,21.5,22.0,85.0,85.5
1895,21.5,22.0,85.5,86.0
1896,21.5,22.0,86.0,86.5
1897,21.5,22.0,86.5,87.0
1898,21.5,22.0,87.0,87.5
1899,21.5,22.0,87.5,88.0
1900,21.5,22.0,88.0,88.5
1901,21.5,22.0,88.5,89.0
1902,21.5,22.0,89.0,89.5
1903,21.5,22.0,89.5,90.0
1904,21.5,22.0,90.0,90.5
1905,21.5,22.0,90.5,91.0
1906,21.5,22.0,91.0,91.5
1907,21.5,22.0,91.5,92.0
1908,21.5,22.0,92.0,92.5
1909,21.5,22.0,92.5,93.0
1910,21.5,22.0,93.0,93.5
1911,21.5,22.0,93.5,94.0
1912,21.5,22.0,94.0,94.5
1913,21.5,22.0,94.5,95.0
1914,21.5,22.0,95.0,95.5
1915,21.5,22.0,95.5,96.0
1916,21.5,22.0,96.0,96.5
1917,21.5,22.0,96.5,97.0
1918,21.5,22.0,97.0,97.5
1919,21.5,22.0,97.5,98.0
1920,22.0,22.5,68.0,68.5
1921,22.0,22.5,68.5,69.0
1922,22.0,22.5,69.0,69.5
1923,22.0,22.5,69.5,70.0
1924,22.0,22.5,70.0,70.5
1925,22.0,22.5,70.5,71.0
1926,22.0,22.5,71.0,71.5
1927,22.0,22.5,71.5,72.0
1928,22.0,22.5,72.0,72.5
1929,22.0,22.5,72.5,73.0
1930,22.0,22.5,73.0,73.5
1931,22.0,22.5,73.5,74.0
1932,22.0,22.5,74.0,74.5
1933,22.0,22.5,74.5,75.0
1934,22.0,22.5,75.0,75.5
1935,22.0,22.5,75.5,76.0
1936,22.0,22.5,76.0,76.5
1937,22.0,22.5,76.5,77.0
1938,22.0,22.5,77.0,77.5
1939,22.0,22.5,77.5,78.0
1940,22.0,22.5,78.0,78.5
1941,22.0,22.5,78.5,79.0
1942,22.0,22.5,79.0,79.5
1943,22.0,22.5,79.5,80.0
1944,22.0,22.5,80.0,80.5
1945,22.0,22.5,80.5,81.0
1946,22.0,22.5,81.0,81.5
1947,22.0,22.5,81.5,82.0
1948,22.0,22.5,82.0,82.5
1949,22.0,22.5,82.5,83.0
1950,22.0,22.5,83.0,83.5
1951,22.0,22.5,83.5,84.0
1952,22.0,22.5,84.0,84.5
1953,22.0,22.5,84.5,85.0
1954,22.0,22.5,85.0,85.5
1955,22.0,22.5,85.5,86.0
1956,22.0,22.5,86.0,86.5
1957,22.0,22.5,86.5,87.0
1958,22.0,22.5,87.0,87.5
1959,22.0,22.5,87.5,88.0
1960,22.0,22.5,88.0,88.5
1961,22.0,22.5,88.5,89.0
1962,22.0,22.5,89.0,89.5
1963,22.0,22.5,89.5,90.0
1964,22.0,22.5,90.0,90.5
1965,22.0,22.5,90.5,91.0
1966,22.0,22.5,91.0,91.5
1967,22.0,22.5,91.5,92.0
1968,22.0,22.5,92.0,92.5
1969,22.0,22.5,92.5,93.0
1970,22.0,22.5,93.0,93.5
1971,22.0,22.5,93.5,94.0
1972,22.0,22.5,94.0,94.5
1973,22.0,22.5,94.5,95.0
1974,22.0,22.5,95.0,95.5
1975,22.0,22.5,95.5,96.0
1976,22.0,22.5,96.0,96.5
1977,22.0,22.5,96.5,97.0
1978,22.0,22.5,97.0,97.5
1979,22.0,22.5,97.5,98.0
1980,22.5,23.0,68.0,68.5
1981,22.5,23.0,68.5,69.0
1982,22.5,23.0,69.0,69.5
1983,22.5,23.0,69.5,70.0
1984,22.5,23.0,70.0,70.5
1985,22.5,23.0,70.5,71.0
1986,22.5,23.0,71.0,71.5
1987,22.5,23.0,71.5,72.0
1988,22.5,23.0,72.0,72.5
1989,22.5,23.0,72.5,73.0
1990,22.5,23.0,73.0,73.5
1991,22.5,23.0,73.5,74.0
1992,22.5,23.0,74.0,74.5
1993,22.5,23.0,74.5,75.0
1994,22.5,23.0,75.0,75.5
1995,22.5,23.0,75.5,76.0
1996,22.5,23.0,76.0,76.5
1997,22.5,23.0,76.5,77.0
1998,22.5,23.0,77.0,77.5
1999,22.5,23.0,77.5,78.0
2000,22.5,23.0,78.0,78.5
2001,22.5,23.0,78.5,79.0
2002,22.5,23.0,79.0,79.5
2003,22.5,23.0,79.5,80.0
2004,22.5,23.0,80.0,80.5
2005,22.5,23.0,80.5,81.0
2006,22.5,23.0,81.0,81.5
2007,22.5,23.0,81.5,82.0
2008,22.5,23.0,82.0,82.5
2009,22.5,23.0,82.5,83.0
2010,22.5,23.0,83.0,83.5
2011,22.5,23.0,83.5,84.0
2012,22.5,23.0,84.0,84.5
2013,22.5,23.0,84.5,85.0
2014,22.5,23.0,85.0,85.5
2015,22.5,23.0,85.5,86.0
2016,22.5,23.0,86.0,86.5
2017,22.5,23.0,86.5,87.0
2018,22.5,23.0,87.0,87.5
2019,22.5,23.0,87.5,88.0
2020,22.5,23.0,88.0,88.5
2021,22.5,23.0,88.5,89.0
2022,22.5,23.0,89.0,89.5
2023,22.5,23.0,89.5,90.0
2024,22.5,23.0,90.0,90.5
2025,22.5,23.0,90.5,91.0
2026,22.5,23.0,91.0,91.5
2027,22.5,23.0,91.5,92.0
2028,22.5,23.0,92.0,92.5
2029,22.5,23.0,92.5,93.0
2030,22.5,23.0,93.0,93.5
2031,22.5,23.0,93.5,94.0
2032,22.5,23.0,94.0,94.5
2033,22.5,23.0,94.5,95.0
2034,22.5,23.0,95.0,95.5
2035,22.5,23.0,95.5,96.0
2036,22.5,23.0,96.0,96.5
2037,22.5,23.0,96.5,97.0
2038,22.5,23.0,97.0,97.5
2039,22.5,23.0,97.5,98.0
2040,23.0,23.5,68.0,68.5
2041,23.0,23.5,68.5,69.0
2042,23.0,23.5,69.0,69.5
2043,23.0,23.5,69.5,70.0
2044,23.0,23.5,70.0,70.5
2045,23.0,23.5,70.5,71.0
2046,23.0,23.5,71.0,71.5
2047,23.0,23.5,71.5,72.0
2048,23.0,23.5,72.0,72.5
2049,23.0,23.5,72.5,73.0
2050,23.0,23.5,73.0,73.5
2051,23.0,23.5,73.5,74.0
2052,23.0,23.5,74.0,74.5
2053,23.0,23.5,74.5,75.0
2054,23.0,23.5,75.0,75.5
2055,23.0,23.5,75.5,76.0
2056,23.0,23.5,76.0,76.5
2057,23.0,23.5,76.5,77.0
2058,23.0,23.5,77.0,77.5
2059,23.0,23.5,77.5,78.0
2060,23.0,23.5,78.0,78.5
2061,23.0,23.5,78.5,79.0
2062,23.0,23.5,79.0,79.5
2063,23.0,23.5,79.5,80.0
2064,23.0,23.5,80.0,80.5
2065,23.0,23.5,80.5,81.0
2066,23.0,23.5,81.0,81.5
2067,23.0,23.5,81.5,82.0
2068,23.0,23.5,82.0,82.5
2069,23.0,23.5,82.5,83.0
2070,23.0,23.5,83.0,83.5
2071,23.0,23.5,83.5,84.0
2072,23.0,23.5,84.0,84.5
2073,23.0,23.5,84.5,85.0
2074,23.0,23.5,85.0,85.5
2075,23.0,23.5,85.5,86.0
2076,23.0,23.5,86.0,86.5
2077,23.0,23.5,86.5,87.0
2078,23.0,23.5,87.0,87.5
2079,23.0,23.5,87.5,88.0
2080,23.0,23.5,88.0,88.5
2081,23.0,23.5,88.5,89.0
2082,23.0,23.5,89.0,89.5
2083,23.0,23.5,89.5,90.0
2084,23.0,23.5,90.0,90.5
2085,23.0,23.5,90.5,91.0
2086,23.0,23.5,91.0,91.5
2087,23.0,23.5,91.5,92.0
2088,23.0,23.5,92.0,92.5
2089,23.0,23.5,92.5,93.0
2090,23.0,23.5,93.0,93.5
2091,23.0,23.5,93.5,94.0
2092,23.0,23.5,94.0,94.5
2093,23.0,23.5,94.5,95.0
2094,23.0,23.5,95.0,95.5
2095,23.0,23.5,95.5,96.0
2096,23.0,23.5,96.0,96.5
2097,23.0,23.5,96.5,97.0
2098,23.0,23.5,97.0,97.5
2099,23.0,23.5,97.5,98.0
2100,23.5,24.0,68.0,68.5
2101,23.5,24.0,68.5,69.0
2102,23.5,24.0,69.0,69.5
2103,23.5,24.0,69.5,70.0
2104,23.5,24.0,70.0,70.5
2105,23.5,24.0,70.5,71.0
2106,23.5,24.0,71.0,71.5
2107,23.5,24.0,71.5,72.0
2108,23.5,24.0,72.0,72.5
2109,23.5,24.0,72.5,73.0
2110,23.5,24.0,73.0,73.5
2111,23.5,24.0,73.5,74.0
2112,23.5,24.0,74.0,74.5
2113,23.5,24.0,74.5,75.0
2114,23.5,24.0,75.0,75.5
2115,23.5,24.0,75.5,76.0
2116,23.5,24.0,76.0,76.5
2117,23.5,24.0,76.5,77.0
2118,23.5,24.0,77.0,77.5
2119,23.5,24.0,77.5,78.0
2120,23.5,24.0,78.0,78.5
2121,23.5,24.0,78.5,79.0
2122,23.5,24.0,79.0,79.5
2123,23.5,24.0,79.5,80.0
2124,23.5,24.0,80.0,80.5
2125,23.5,24.0,80.5,81.0
2126,23.5,24.0,81.0,81.5
2127,23.5,24.0,81.5,82.0
2128,23.5,24.0,82.0,82.5
2129,23.5,24.0,82.5,83.0
2130,23.5,24.0,83.0,83.5
2131,23.5,24.0,83.5,84.0
2132,23.5,24.0,84.0,84.5
2133,23.5,24.0,84.5,85.0
2134,23.5,24.0,85.0,85.5
2135,23.5,24.0,85.5,86.0
2136,23.5,24.0,86.0,86.5
2137,23.5,24.0,86.5,87.0
2138,23.5,24.0,87.0,87.5
2139,23.5,24.0,87.5,88.0
2140,23.5,24.0,88.0,88.5
2141,23.5,24.0,88.5,89.0
2142,23.5,24.0,89.0,89.5
2143,23.5,24.0,89.5,90.0
2144,23.5,24.0,90.0,90.5
2145,23.5,24.0,90.5,91.0
2146,23.5,24.0,91.0,91.5
2147,23.5,24.0,91.5,92.0
2148,23.5,24.0,92.0,92.5
2149,23.5,24.0,92.5,93.0
2150,23.5,24.0,93.0,93.5
2151,23.5,24.0,93.5,94.0
2152,23.5,24.0,94.0,94.5
2153,23.5,24.0,94.5,95.0
2154,23.5,24.0,95.0,95.5
2155,23.5,24.0,95.5,96.0
2156,23.5,24.0,96.0,96.5
2157,23.5,24.0,96.5,97.0
2158,23.5,24.0,97.0,97.5
2159,23.5,24.0,97.5,98.0
2160,24.0,24.5,68.0,68.5
2161,24.0,24.5,68.5,69.0
2162,24.0,24.5,69.0,69.5
2163,24.0,24.5,69.5,70.0
2164,24.0,24.5,70.0,70.5
2165,24.0,24.5,70.5,71.0
2166,24.0,24.5,71.0,71.5
2167,24.0,24.5,71.5,72.0
2168,24.0,24.5,72.0,72.5
2169,24.0,24.5,72.5,73.0
2170,24.0,24.5,73.0,73.5
2171,24.0,24.5,73.5,74.0
2172,24.0,24.5,74.0,74.5
2173,24.0,24.5,74.5,75.0
2174,24.0,24.5,75.0,75.5
2175,24.0,24.5,75.5,76.0
2176,24.0,24.5,76.0,76.5
2177,24.0,24.5,76.5,77.0
2178,24.0,24.5,77.0,77.5
2179,24.0,24.5,77.5,78.0
2180,24.0,24.5,78.0,78.5
2181,24.0,24.5,78.5,79.0
2182,24.0,24.5,79.0,79.5
2183,24.0,24.5,79.5,80.0
2184,24.0,24.5,80.0,80.5
2185,24.0,24.5,80.5,81.0
2186,24.0,24.5,81.0,81.5
2187,24.0,24.5,81.5,82.0
2188,24.0,24.5,82.0,82.5
2189,24.0,24.5,82.5,83.0
2190,24.0,24.5,83.0,83.5
2191,24.0,24.5,83.5,84.0
2192,24.0,24.5,84.0,84.5
2193,24.0,24.5,84.5,85.0
2194,24.0,24.5,85.0,85.5
2195,24.0,24.5,85.5,86.0
2196,24.0,24.5,86.0,86.5
2197,24.0,24.5,86.5,87.0
2198,24.0,24.5,87.0,87.5
2199,24.0,24.5,87.5,88.0
2200,24.0,24.5,88.0,88.5
2201,24.0,24.5,88.5,89.0
2202,24.0,24.5,89.0,89.5
2203,24.0,24.5,89.5,90.0
2204,24.0,24.5,90.0,90.5
2205,24.0,24.5,90.5,91.0
2206,24.0,24.5,91.0,91.5
2207,24.0,24.5,91.5,92.0
2208,24.0,24.5,92.0,92.5
2209,24.0,24.5,92.5,93.0
2210,24.0,24.5,93.0,93.5
2211,24.0,24.5,93.5,94.0
2212,24.0,24.5,94.0,94.5
2213,24.0,24.5,94.5,95.0
2214,24.0,24.5,95.0,95.5
2215,24.0,24.5,95.5,96.0
2216,24.0,24.5,96.0,96.5
2217,24.0,24.5,96.5,97.0
2218,24.0,24.5,97.0,97.5
2219,24.0,24.5,97.5,98.0
2220,24.5,25.0,68.0,68.5
2221,24.5,25.0,68.5,69.0
2222,24.5,25.0,69.0,69.5
2223,24.5,25.0,69.5,70.0
2224,24.5,25.0,70.0,70.5
2225,24.5,25.0,70.5,71.0
2226,24.5,25.0,71.0,71.5
2227,24.5,25.0,71.5,72.0
2228,24.5,25.0,72.0,72.5
2229,24.5,25.0,72.5,73.0
2230,24.5,25.0,73.0,73.5
2231,24.5,25.0,73.5,74.0
2232,24.5,25.0,74.0,74.5
2233,24.5,25.0,74.5,75.0
2234,24.5,25.0,75.0,75.5
2235,24.5,25.0,75.5,76.0
2236,24.5,25.0,76.0,76.5
2237,24.5,25.0,76.5,77.0
2238,24.5,25.0,77.0,77.5
2239,24.5,25.0,77.5,78.0
2240,24.5,25.0,78.0,78.5
2241,24.5,25.0,78.5,79.0
2242,24.5,25.0,79.0,79.5
2243,24.5,25.0,79.5,80.0
2244,24.5,25.0,80.0,80.5
2245,24.5,25.0,80.5,81.0
2246,24.5,25.0,81.0,81.5
2247,24.5,25.0,81.5,82.0
2248,24.5,25.0,82.0,82.5
2249,24.5,25.0,82.5,83.0
2250,24.5,25.0,83.0,83.5
2251,24.5,25.0,83.5,84.0
2252,24.5,25.0,84.0,84.5
2253,24.5,25.0,84.5,85.0
2254,24.5,25.0,85.0,85.5
2255,24.5,25.0,85.5,86.0
2256,24.5,25.0,86.0,86.5
2257,24.5,25.0,86.5,87.0
2258,24.5,25.0,87.0,87.5
2259,24.5,25.0,87.5,88.0
2260,24.5,25.0,88.0,88.5
2261,24.5,25.0,88.5,89.0
2262,24.5,25.0,89.0,89.5
2263,24.5,25.0,89.5,90.0
2264,24.5,25.0,90.0,90.5
2265,24.5,25.0,90.5,91.0
2266,24.5,25.0,91.0,91.5
2267,24.5,25.0,91.5,92.0
2268,24.5,25.0,92.0,92.5
2269,24.5,25.0,92.5,93.0
2270,24.5,25.0,93.0,93.5
2271,24.5,25.0,93.5,94.0
2272,24.5,25.0,94.0,94.5
2273,24.5,25.0,94.5,95.0
2274,24.5,25.0,95.0,95.5
2275,24.5,25.0,95.5,96.0
2276,24.5,25.0,96.0,96.5
2277,24.5,25.0,96.5,97.0
2278,24.5,25.0,97.0,97.5
2279,24.5,25.0,97.5,98.0
2280,25.0,25.5,68.0,68.5
2281,25.0,25.5,68.5,69.0
2282,25.0,25.5,69.0,69.5
2283,25.0,25.5,69.5,70.0
2284,25.0,25.5,70.0,70.5
2285,25.0,25.5,70.5,71.0
2286,25.0,25.5,71.0,71.5
2287,25.0,25.5,71.5,72.0
2288,25.0,25.5,72.0,72.5
2289,25.0,25.5,72.5,73.0
2290,25.0,25.5,73.0,73.5
2291,25.0,25.5,73.5,74.0
2292,25.0,25.5,74.0,74.5
2293,25.0,25.5,74.5,75.0
2294,25.0,25.5,75.0,75.5
2295,25.0,25.5,75.5,76.0
2296,25.0,25.5,76.0,76.5
2297,25.0,25.5,76.5,77.0
2298,25.0,25.5,77.0,77.5
2299,25.0,25.5,77.5,78.0
2300,25.0,25.5,78.0,78.5
2301,25.0,25.5,78.5,79.0
2302,25.0,25.5,79.0,79.5
2303,25.0,25.5,79.5,80.0
2304,25.0,25.5,80.0,80.5
2305,25.0,25.5,80.5,81.0
2306,25.0,25.5,81.0,81.5
2307,25.0,25.5,81.5,82.0
2308,25.0,25.5,82.0,82.5
2309,25.0,25.5,82.5,83.0
2310,25.0,25.5,83.0,83.5
2311,25.0,25.5,83.5,84.0
2312,25.0,25.5,84.0,84.5
2313,25.0,25.5,84.5,85.0
2314,25.0,25.5,85.0,85.5
2315,25.0,25.5,85.5,86.0
2316,25.0,25.5,86.0,86.5
2317,25.0,25.5,86.5,87.0
2318,25.0,25.5,87.0,87.5
2319,25.0,25.5,87.5,88.0
2320,25.0,25.5,88.0,88.5
2321,25.0,25.5,88.5,89.0
2322,25.0,25.5,89.0,89.5
2323,25.0,25.5,89.5,90.0
2324,25.0,25.5,90.0,90.5
2325,25.0,25.5,90.5,91.0
2326,25.0,25.5,91.0,91.5
2327,25.0,25.5,91.5,92.0
2328,25.0,25.5,92.0,92.5
2329,25.0,25.5,92.5,93.0
2330,25.0,25.5,93.0,93.5
2331,25.0,25.5,93.5,94.0
2332,25.0,25.5,94.0,94.5
2333,25.0,25.5,94.5,95.0
2334,25.0,25.5,95.0,95.5
2335,25.0,25.5,95.5,96.0
2336,25.0,25.5,96.0,96.5
2337,25.0,25.5,96.5,97.0
2338,25.0,25.5,97.0,97.5
2339,25.0,25.5,97.5,98.0
2340,25.5,26.0,68.0,68.5
2341,25.5,26.0,68.5,69.0
2342,25.5,26.0,69.0,69.5
2343,25.5,26.0,69.5,70.0
2344,25.5,26.0,70.0,70.5
2345,25.5,26.0,70.5,71.0
2346,25.5,26.0,71.0,71.5
2347,25.5,26.0,71.5,72.0
2348,25.5,26.0,72.0,72.5
2349,25.5,26.0,72.5,73.0
2350,25.5,26.0,73.0,73.5
2351,25.5,26.0,73.5,74.0
2352,25.5,26.0,74.0,74.5
2353,25.5,26.0,74.5,75.0
2354,25.5,26.0,75.0,75.5
2355,25.5,26.0,75.5,76.0
2356,25.5,26.0,76.0,76.5
2357,25.5,26.0,76.5,77.0
2358,25.5,26.0,77.0,77.5
2359,25.5,26.0,77.5,78.0
2360,25.5,26.0,78.0,78.5
2361,25.5,26.0,78.5,79.0
2362,25.5,26.0,79.0,79.5
2363,25.5,26.0,79.5,80.0
2364,25.5,26.0,80.0,80.5
2365,25.5,26.0,80.5,81.0
2366,25.5,26.0,81.0,81.5
2367,25.5,26.0,81.5,82.0
2368,25.5,26.0,82.0,82.5
2369,25.5,26.0,82.5,83.0
2370,25.5,26.0,83.0,83.5
2371,25.5,26.0,83.5,84.0
2372,25.5,26.0,84.0,84.5
2373,25.5,26.0,84.5,85.0
2374,25.5,26.0,85.0,85.5
2375,25.5,26.0,85.5,86.0
2376,25.5,26.0,86.0,86.5
2377,25.5,26.0,86.5,87.0
2378,25.5,26.0,87.0,87.5
2379,25.5,26.0,87.5,88.0
2380,25.5,26.0,88.0,88.5
2381,25.5,26.0,88.5,89.0
2382,25.5,26.0,89.0,89.5
2383,25.5,26.0,89.5,90.0
2384,25.5,26.0,90.0,90.5
2385,25.5,26.0,90.5,91.0
2386,25.5,26.0,91.0,91.5
2387,25.5,26.0,91.5,92.0
2388,25.5,26.0,92.0,92.5
2389,25.5,26.0,92.5,93.0
2390,25.5,26.0,93.0,93.5
2391,25.5,26.0,93.5,94.0
2392,25.5,26.0,94.0,94.5
2393,25.5,26.0,94.5,95.0
2394,25.5,26.0,95.0,95.5
2395,25.5,26.0,95.5,96.0
2396,25.5,26.0,96.0,96.5
2397,25.5,26.0,96.5,97.0
2398,25.5,26.0,97.0,97.5
2399,25.5,26.0,97.5,98.0
2400,26.0,26.5,68.0,68.5
2401,26.0,26.5,68.5,69.0
2402,26.0,26.5,69.0,69.5
2403,26.0,26.5,69.5,70.0
2404,26.0,26.5,70.0,70.5
2405,26.0,26.5,70.5,71.0
2406,26.0,26.5,71.0,71.5
2407,26.0,26.5,71.5,72.0
2408,26.0,26.5,72.0,72.5
2409,26.0,26.5,72.5,73.0
2410,26.0,26.5,73.0,73.5
2411,26.0,26.5,73.5,74.0
2412,26.0,26.5,74.0,74.5
2413,26.0,26.5,74.5,75.0
2414,26.0,26.5,75.0,75.5
2415,26.0,26.5,75.5,76.0
2416,26.0,26.5,76.0,76.5
2417,26.0,26.5,76.5,77.0
2418,26.0,26.5,77.0,77.5
2419,26.0,26.5,77.5,78.0
2420,26.0,26.5,78.0,78.5
2421,26.0,26.5,78.5,79.0
2422,26.0,26.5,79.0,79.5
2423,26.0,26.5,79.5,80.0
2424,26.0,26.5,80.0,80.5
2425,26.0,26.5,80.5,81.0
2426,26.0,26.5,81.0,81.5
2427,26.0,26.5,81.5,82.0
2428,26.0,26.5,82.0,82.5
2429,26.0,26.5,82.5,83.0
2430,26.0,26.5,83.0,83.5
2431,26.0,26.5,83.5,84.0
2432,26.0,26.5,84.0,84.5
2433,26.0,26.5,84.5,85.0
2434,26.0,26.5,85.0,85.5
2435,26.0,26.5,85.5,86.0
2436,26.0,26.5,86.0,86.5
2437,26.0,26.5,86.5,87.0
2438,26.0,26.5,87.0,87.5
2439,26.0,26.5,87.5,88.0
2440,26.0,26.5,88.0,88.5
2441,26.0,26.5,88.5,89.0
2442,26.0,26.5,89.0,89.5
2443,26.0,26.5,89.5,90.0
2444,26.0,26.5,90.0,90.5
2445,26.0,26.5,90.5,91.0
2446,26.0,26.5,91.0,91.5
2447,26.0,26.5,91.5,92.0
2448,26.0,26.5,92.0,92.5
2449,26.0,26.5,92.5,93.0
2450,26.0,26.5,93.0,93.5
2451,26.0,26.5,93.5,94.0
2452,26.0,26.5,94.0,94.5
2453,26.0,26.5,94.5,95.0
2454,26.0,26.5,95.0,95.5
2455,26.0,26.5,95.5,96.0
2456,26.0,26.5,96.0,96.5
2457,26.0,26.5,96.5,97.0
2458,26.0,26.5,97.0,97.5
2459,26.0,26.5,97.5,98.0
2460,26.5,27.0,68.0,68.5
2461,26.5,27.0,68.5,69.0
2462,26.5,27.0,69.0,69.5
2463,26.5,27.0,69.5,70.0
2464,26.5,27.0,70.0,70.5
2465,26.5,27.0,70.5,71.0
2466,26.5,27.0,71.0,71.5
2467,26.5,27.0,71.5,72.0
2468,26.5,27.0,72.0,72.5
2469,26.5,27.0,72.5,73.0
2470,26.5,27.0,73.0,73.5
2471,26.5,27.0,73.5,74.0
2472,26.5,27.0,74.0,74.5
2473,26.5,27.0,74.5,75.0
2474,26.5,27.0,75.0,75.5
2475,26.5,27.0,75.5,76.0
2476,26.5,27.0,76.0,76.5
2477,26.5,27.0,76.5,77.0
2478,26.5,27.0,77.0,77.5
2479,26.5,27.0,77.5,78.0
2480,26.5,27.0,78.0,78.5
2481,26.5,27.0,78.5,79.0
2482,26.5,27.0,79.0,79.5
2483,26.5,27.0,79.5,80.0
2484,26.5,27.0,80.0,80.5
2485,26.5,27.0,80.5,81.0
2486,26.5,27.0,81.0,81.5
2487,26.5,27.0,81.5,82.0
2488,26.5,27.0,82.0,82.5
2489,26.5,27.0,82.5,83.0
2490,26.5,27.0,83.0,83.5
2491,26.5,27.0,83.5,84.0
2492,26.5,27.0,84.0,84.5
2493,26.5,27.0,84.5,85.0
2494,26.5,27.0,85.0,85.5
2495,26.5,27.0,85.5,86.0
2496,26.5,27.0,86.0,86.5
2497,26.5,27.0,86.5,87.0
2498,26.5,27.0,87.0,87.5
2499,26.5,27.0,87.5,88.0
2500,26.5,27.0,88.0,88.5
2501,26.5,27.0,88.5,89.0
2502,26.5,27.0,89.0,89.5
2503,26.5,27.0,89.5,90.0
2504,26.5,27.0,90.0,90.5
2505,26.5,27.0,90.5,91.0
2506,26.5,27.0,91.0,91.5
2507,26.5,27.0,91.5,92.0
2508,26.5,27.0,92.0,92.5
2509,26.5,27.0,92.5,93.0
2510,26.5,27.0,93.0,93.5
2511,26.5,27.0,93.5,94.0
2512,26.5,27.0,94.0,94.5
2513,26.5,27.0,94.5,95.0
2514,26.5,27.0,95.0,95.5
2515,26.5,27.0,95.5,96.0
2516,26.5,27.0,96.0,96.5
2517,26.5,27.0,96.5,97.0
2518,26.5,27.0,97.0,97.5
2519,26.5,27.0,97.5,98.0
2520,27.0,27.5,68.0,68.5
2521,27.0,27.5,68.5,69.0
2522,27.0,27.5,69.0,69.5
2523,27.0,27.5,69.5,70.0
2524,27.0,27.5,70.0,70.5
2525,27.0,27.5,70.5,71.0
2526,27.0,27.5,71.0,71.5
2527,27.0,27.5,71.5,72.0
2528,27.0,27.5,72.0,72.5
2529,27.0,27.5,72.5,73.0
2530,27.0,27.5,73.0,73.5
2531,27.0,27.5,73.5,74.0
2532,27.0,27.5,74.0,74.5
2533,27.0,27.5,74.5,75.0
2534,27.0,27.5,75.0,75.5
2535,27.0,27.5,75.5,76.0
2536,27.0,27.5,76.0,76.5
2537,27.0,27.5,76.5,77.0
2538,27.0,27.5,77.0,77.5
2539,27.0,27.5,77.5,78.0
2540,27.0,27.5,78.0,78.5
2541,27.0,27.5,78.5,79.0
2542,27.0,27.5,79.0,79.5
2543,27.0,27.5,79.5,80.0
2544,27.0,27.5,80.0,80.5
2545,27.0,27.5,80.5,81.0
2546,27.0,27.5,81.0,81.5
2547,27.0,27.5,81.5,82.0
2548,27.0,27.5,82.0,82.5
2549,27.0,27.5,82.5,83.0
2550,27.0,27.5,83.0,83.5
2551,27.0,27.5,83.5,84.0
2552,27.0,27.5,84.0,84.5
2553,27.0,27.5,84.5,85.0
2554,27.0,27.5,85.0,85.5
2555,27.0,27.5,85.5,86.0
2556,27.0,27.5,86.0,86.5
2557,27.0,27.5,86.5,87.0
2558,27.0,27.5,87.0,87.5
2559,27.0,27.5,87.5,88.0
2560,27.0,27.5,88.0,88.5
2561,27.0,27.5,88.5,89.0
2562,27.0,27.5,89.0,89.5
2563,27.0,27.5,89.5,90.0
2564,27.0,27.5,90.0,90.5
2565,27.0,27.5,90.5,91.0
2566,27.0,27.5,91.0,91.5
2567,27.0,27.5,91.5,92.0
2568,27.0,27.5,92.0,92.5
2569,27.0,27.5,92.5,93.0
2570,27.0,27.5,93.0,93.5
2571,27.0,27.5,93.5,94.0
2572,27.0,27.5,94.0,94.5
2573,27.0,27.5,94.5,95.0
2574,27.0,27.5,95.0,95.5
2575,27.0,27.5,95.5,96.0
2576,27.0,27.5,96.0,96.5
2577,27.0,27.5,96.5,97.0
2578,27.0,27.5,97.0,97.5
2579,27.0,27.5,97.5,98.0
2580,27.5,28.0,68.0,68.5
2581,27.5,28.0,68.5,69.0
2582,27.5,28.0,69.0,69.5
2583,27.5,28.0,69.5,70.0
2584,27.5,28.0,70.0,70.5
2585,27.5,28.0,70.5,71.0
2586,27.5,28.0,71.0,71.5
2587,27.5,28.0,71.5,72.0
2588,27.5,28.0,72.0,72.5
2589,27.5,28.0,72.5,73.0
2590,27.5,28.0,73.0,73.5
2591,27.5,28.0,73.5,74.0
2592,27.5,28.0,74.0,74.5
2593,27.5,28.0,74.5,75.0
2594,27.5,28.0,75.0,75.5
2595,27.5,28.0,75.5,76.0
2596,27.5,28.0,76.0,76.5
2597,27.5,28.0,76.5,77.0
2598,27.5,28.0,77.0,77.5
2599,27.5,28.0,77.5,78.0
2600,27.5,28.0,78.0,78.5
2601,27.5,28.0,78.5,79.0
2602,27.5,28.0,79.0,79.5
2603,27.5,28.0,79.5,80.0
2604,27.5,28.0,80.0,80.5
2605,27.5,28.0,80.5,81.0
2606,27.5,28.0,81.0,81.5
2607,27.5,28.0,81.5,82.0
2608,27.5,28.0,82.0,82.5
2609,27.5,28.0,82.5,83.0
2610,27.5,28.0,83.0,83.5
2611,27.5,28.0,83.5,84.0
2612,27.5,28.0,84.0,84.5
2613,27.5,28.0,84.5,85.0
2614,27.5,28.0,85.0,85.5
2615,27.5,28.0,85.5,86.0
2616,27.5,28.0,86.0,86.5
2617,27.5,28.0,86.5,87.0
2618,27.5,28.0,87.0,87.5
2619,27.5,28.0,87.5,88.0
2620,27.5,28.0,88.0,88.5
2621,27.5,28.0,88.5,89.0
2622,27.5,28.0,89.0,89.5
2623,27.5,28.0,89.5,90.0
2624,27.5,28.0,90.0,90.5
2625,27.5,28.0,90.5,91.0
2626,27.5,28.0,91.0,91.5
2627,27.5,28.0,91.5,92.0
2628,27.5,28.0,92.0,92.5
2629,27.5,28.0,92.5,93.0
2630,27.5,28.0,93.0,93.5
2631,27.5,28.0,93.5,94.0
2632,27.5,28.0,94.0,94.5
2633,27.5,28.0,94.5,95.0
2634,27.5,28.0,95.0,95.5
2635,27.5,28.0,95.5,96.0
2636,27.5,28.0,96.0,96.5
2637,27.5,28.0,96.5,97.0
2638,27.5,28.0,97.0,97.5
2639,27.5,28.0,97.5,98.0
2640,28.0,28.5,68.0,68.5
2641,28.0,28.5,68.5,69.0
2642,28.0,28.5,69.0,69.5
2643,28.0,28.5,69.5,70.0
2644,28.0,28.5,70.0,70.5
2645,28.0,28.5,70.5,71.0
2646,28.0,28.5,71.0,71.5
2647,28.0,28.5,71.5,72.0
2648,28.0,28.5,72.0,72.5
2649,28.0,28.5,72.5,73.0
2650,28.0,28.5,73.0,73.5
2651,28.0,28.5,73.5,74.0
2652,28.0,28.5,74.0,74.5
2653,28.0,28.5,74.5,75.0
2654,28.0,28.5,75.0,75.5
2655,28.0,28.5,75.5,76.0
2656,28.0,28.5,76.0,76.5
2657,28.0,28.5,76.5,77.0
2658,28.0,28.5,77.0,77.5
2659,28.0,28.5,77.5,78.0
2660,28.0,28.5,78.0,78.5
2661,28.0,28.5,78.5,79.0
2662,28.0,28.5,79.0,79.5
2663,28.0,28.5,79.5,80.0
2664,28.0,28.5,80.0,80.5
2665,28.0,28.5,80.5,81.0
2666,28.0,28.5,81.0,81.5
2667,28.0,28.5,81.5,82.0
2668,28.0,28.5,82.0,82.5
2669,28.0,28.5,82.5,83.0
2670,28.0,28.5,83.0,83.5
2671,28.0,28.5,83.5,84.0
2672,28.0,28.5,84.0,84.5
2673,28.0,28.5,84.5,85.0
2674,28.0,28.5,85.0,85.5
2675,28.0,28.5,85.5,86.0
2676,28.0,28.5,86.0,86.5
2677,28.0,28.5,86.5,87.0
2678,28.0,28.5,87.0,87.5
2679,28.0,28.5,87.5,88.0
2680,28.0,28.5,88.0,88.5
2681,28.0,28.5,88.5,89.0
2682,28.0,28.5,89.0,89.5
2683,28.0,28.5,89.5,90.0
2684,28.0,28.5,90.0,90.5
2685,28.0,28.5,90.5,91.0
2686,28.0,28.5,91.0,91.5
2687,28.0,28.5,91.5,92.0
2688,28.0,28.5,92.0,92.5
2689,28.0,28.5,92.5,93.0
2690,28.0,28.5,93.0,93.5
2691,28.0,28.5,93.5,94.0
2692,28.0,28.5,94.0,94.5
2693,28.0,28.5,94.5,95.0
2694,28.0,28.5,95.0,95.5
2695,28.0,28.5,95.5,96.0
2696,28.0,28.5,96.0,96.5
2697,28.0,28.5,96.5,97.0
2698,28.0,28.5,97.0,97.5
2699,28.0,28.5,97.5,98.0
2700,28.5,29.0,68.0,68.5
2701,28.5,29.0,68.5,69.0
2702,28.5,29.0,69.0,69.5
2703,28.5,29.0,69.5,70.0
2704,28.5,29.0,70.0,70.5
2705,28.5,29.0,70.5,71.0
2706,28.5,29.0,71.0,71.5
2707,28.5,29.0,71.5,72.0
2708,28.5,29.0,72.0,72.5
2709,28.5,29.0,72.5,73.0
2710,28.5,29.0,73.0,73.5
2711,28.5,29.0,73.5,74.0
2712,28.5,29.0,74.0,74.5
2713,28.5,29.0,74.5,75.0
2714,28.5,29.0,75.0,75.5
2715,28.5,29.0,75.5,76.0
2716,28.5,29.0,76.0,76.5
2717,28.5,29.0,76.5,77.0
2718,28.5,29.0,77.0,77.5
2719,28.5,29.0,77.5,78.0
2720,28.5,29.0,78.0,78.5
2721,28.5,29.0,78.5,79.0
2722,28.5,29.0,79.0,79.5
2723,28.5,29.0,79.5,80.0
2724,28.5,29.0,80.0,80.5
2725,28.5,29.0,80.5,81.0
2726,28.5,29.0,81.0,81.5
2727,28.5,29.0,81.5,82.0
2728,28.5,29.0,82.0,82.5
2729,28.5,29.0,82.5,83.0
2730,28.5,29.0,83.0,83.5
2731,28.5,29.0,83.5,84.0
2732,28.5,29.0,84.0,84.5
2733,28.5,29.0,84.5,85.0
2734,28.5,29.0,85.0,85.5
2735,28.5,29.0,85.5,86.0
2736,28.5,29.0,86.0,86.5
2737,28.5,29.0,86.5,87.0
2738,28.5,29.0,87.0,87.5
2739,28.5,29.0,87.5,88.0
2740,28.5,29.0,88.0,88.5
2741,28.5,29.0,88.5,89.0
2742,28.5,29.0,89.0,89.5
2743,28.5,29.0,89.5,90.0
2744,28.5,29.0,90.0,90.5
2745,28.5,29.0,90.5,91.0
2746,28.5,29.0,91.0,91.5
2747,28.5,29.0,91.5,92.0
2748,28.5,29.0,92.0,92.5
2749,28.5,29.0,92.5,93.0
2750,28.5,29.0,93.0,93.5
2751,28.5,29.0,93.5,94.0
2752,28.5,29.0,94.0,94.5
2753,28.5,29.0,94.5,95.0
2754,28.5,29.0,95.0,95.5
2755,28.5,29.0,95.5,96.0
2756,28.5,29.0,96.0,96.5
2757,28.5,29.0,96.5,97.0
2758,28.5,29.0,97.0,97.5
2759,28.5,29.0,97.5,98.0
2760,29.0,29.5,68.0,68.5
2761,29.0,29.5,68.5,69.0
2762,29.0,29.5,69.0,69.5
2763,29.0,29.5,69.5,70.0
2764,29.0,29.5,70.0,70.5
2765,29.0,29.5,70.5,71.0
2766,29.0,29.5,71.0,71.5
2767,29.0,29.5,71.5,72.0
2768,29.0,29.5,72.0,72.5
2769,29.0,29.5,72.5,73.0
2770,29.0,29.5,73.0,73.5
2771,29.0,29.5,73.5,74.0
2772,29.0,29.5,74.0,74.5
2773,29.0,29.5,74.5,75.0
2774,29.0,29.5,75.0,75.5
2775,29.0,29.5,75.5,76.0
2776,29.0,29.5,76.0,76.5
2777,29.0,29.5,76.5,77.0
2778,29.0,29.5,77.0,77.5
2779,29.0,29.5,77.5,78.0
2780,29.0,29.5,78.0,78.5
2781,29.0,29.5,78.5,79.0
2782,29.0,29.5,79.0,79.5
2783,29.0,29.5,79.5,80.0
2784,29.0,29.5,80.0,80.5
2785,29.0,29.5,80.5,81.0
2786,29.0,29.5,81.0,81.5
2787,29.0,29.5,81.5,82.0
2788,29.0,29.5,82.0,82.5
2789,29.0,29.5,82.5,83.0
2790,29.0,29.5,83.0,83.5
2791,29.0,29.5,83.5,84.0
2792,29.0,29.5,84.0,84.5
2793,29.0,29.5,84.5,85.0
2794,29.0,29.5,85.0,85.5
2795,29.0,29.5,85.5,86.0
2796,29.0,29.5,86.0,86.5
2797,29.0,29.5,86.5,87.0
2798,29.0,29.5,87.0,87.5
2799,29.0,29.5,87.5,88.0
2800,29.0,29.5,88.0,88.5
2801,29.0,29.5,88.5,89.0
2802,29.0,29.5,89.0,89.5
2803,29.0,29.5,89.5,90.0
2804,29.0,29.5,90.0,90.5
2805,29.0,29.5,90.5,91.0
2806,29.0,29.5,91.0,91.5
2807,29.0,29.5,91.5,92.0
2808,29.0,29.5,92.0,92.5
2809,29.0,29.5,92.5,93.0
2810,29.0,29.5,93.0,93.5
2811,29.0,29.5,93.5,94.0
2812,29.0,29.5,94.0,94.5
2813,29.0,29.5,94.5,95.0
2814,29.0,29.5,95.0,95.5
2815,29.0,29.5,95.5,96.0
2816,29.0,29.5,96.0,96.5
2817,29.0,29.5,96.5,97.0
2818,29.0,29.5,97.0,97.5
2819,29.0,29.5,97.5,98.0
2820,29.5,30.0,68.0,68.5
2821,29.5,30.0,68.5,69.0
2822,29.5,30.0,69.0,69.5
2823,29.5,30.0,69.5,70.0
2824,29.5,30.0,70.0,70.5
2825,29.5,30.0,70.5,71.0
2826,29.5,30.0,71.0,71.5
2827,29.5,30.0,71.5,72.0
2828,29.5,30.0,72.0,72.5
2829,29.5,30.0,72.5,73.0
2830,29.5,30.0,73.0,73.5
2831,29.5,30.0,73.5,74.0
2832,29.5,30.0,74.0,74.5
2833,29.5,30.0,74.5,75.0
2834,29.5,30.0,75.0,75.5
2835,29.5,30.0,75.5,76.0
2836,29.5,30.0,76.0,76.5
2837,29.5,30.0,76.5,77.0
2838,29.5,30.0,77.0,77.5
2839,29.5,30.0,77.5,78.0
2840,29.5,30.0,78.0,78.5
2841,29.5,30.0,78.5,79.0
2842,29.5,30.0,79.0,79.5
2843,29.5,30.0,79.5,80.0
2844,29.5,30.0,80.0,80.5
2845,29.5,30.0,80.5,81.0
2846,29.5,30.0,81.0,81.5
2847,29.5,30.0,81.5,82.0
2848,29.5,30.0,82.0,82.5
2849,29.5,30.0,82.5,83.0
2850,29.5,30.0,83.0,83.5
2851,29.5,30.0,83.5,84.0
2852,29.5,30.0,84.0,84.5
2853,29.5,30.0,84.5,85.0
2854,29.5,30.0,85.0,85.5
2855,29.5,30.0,85.5,86.0
2856,29.5,30.0,86.0,86.5
2857,29.5,30.0,86.5,87.0
2858,29.5,30.0,87.0,87.5
2859,29.5,30.0,87.5,88.0
2860,29.5,30.0,88.0,88.5
2861,29.5,30.0,88.5,89.0
2862,29.5,30.0,89.0,89.5
2863,29.5,30.0,89.5,90.0
2864,29.5,30.0,90.0,90.5
2865,29.5,30.0,90.5,91.0
2866,29.5,30.0,91.0,91.5
2867,29.5,30.0,91.5,92.0
2868,29.5,30.0,92.0,92.5
2869,29.5,30.0,92.5,93.0
2870,29.5,30.0,93.0,93.5
2871,29.5,30.0,93.5,94.0
2872,29.5,30.0,94.0,94.5
2873,29.5,30.0,94.5,95.0
2874,29.5,30.0,95.0,95.5
2875,29.5,30.0,95.5,96.0
2876,29.5,30.0,96.0,96.5
2877,29.5,30.0,96.5,97.0
2878,29.5,30.0,97.0,97.5
2879,29.5,30.0,97.5,98.0
2880,30.0,30.5,68.0,68.5
2881,30.0,30.5,68.5,69.0
2882,30.0,30.5,69.0,69.5
2883,30.0,30.5,69.5,70.0
2884,30.0,30.5,70.0,70.5
2885,30.0,30.5,70.5,71.0
2886,30.0,30.5,71.0,71.5
2887,30.0,30.5,71.5,72.0
2888,30.0,30.5,72.0,72.5
2889,30.0,30.5,72.5,73.0
2890,30.0,30.5,73.0,73.5
2891,30.0,30.5,73.5,74.0
2892,30.0,30.5,74.0,74.5
2893,30.0,30.5,74.5,75.0
2894,30.0,30.5,75.0,75.5
2895,30.0,30.5,75.5,76.0
2896,30.0,30.5,76.0,76.5
2897,30.0,30.5,76.5,77.0
2898,30.0,30.5,77.0,77.5
2899,30.0,30.5,77.5,78.0
2900,30.0,30.5,78.0,78.5
2901,30.0,30.5,78.5,79.0
2902,30.0,30.5,79.0,79.5
2903,30.0,30.5,79.5,80.0
2904,30.0,30.5,80.0,80.5
2905,30.0,30.5,80.5,81.0
2906,30.0,30.5,81.0,81.5
2907,30.0,30.5,81.5,82.0
2908,30.0,30.5,82.0,82.5
2909,30.0,30.5,82.5,83.0
2910,30.0,30.5,83.0,83.5
2911,30.0,30.5,83.5,84.0
2912,30.0,30.5,84.0,84.5
2913,30.0,30.5,84.5,85.0
2914,30.0,30.5,85.0,85.5
2915,30.0,30.5,85.5,86.0
2916,30.0,30.5,86.0,86.5
2917,30.0,30.5,86.5,87.0
2918,30.0,30.5,87.0,87.5
2919,30.0,30.5,87.5,88.0
2920,30.0,30.5,88.0,88.5
2921,30.0,30.5,88.5,89.0
2922,30.0,30.5,89.0,89.5
2923,30.0,30.5,89.5,90.0
2924,30.0,30.5,90.0,90.5
2925,30.0,30.5,90.5,91.0
2926,30.0,30.5,91.0,91.5
2927,30.0,30.5,91.5,92.0
2928,30.0,30.5,92.0,92.5
2929,30.0,30.5,92.5,93.0
2930,30.0,30.5,93.0,93.5
2931,30.0,30.5,93.5,94.0
2932,30.0,30.5,94.0,94.5
2933,30.0,30.5,94.5,95.0
2934,30.0,30.5,95.0,95.5
2935,30.0,30.5,95.5,96.0
2936,30.0,30.5,96.0,96.5
2937,30.0,30.5,96.5,97.0
2938,30.0,30.5,97.0,97.5
2939,30.0,30.5,97.5,98.0
2940,30.5,31.0,68.0,68.5
2941,30.5,31.0,68.5,69.0
2942,30.5,31.0,69.0,69.5
2943,30.5,31.0,69.5,70.0
2944,30.5,31.0,70.0,70.5
2945,30.5,31.0,70.5,71.0
2946,30.5,31.0,71.0,71.5
2947,30.5,31.0,71.5,72.0
2948,30.5,31.0,72.0,72.5
2949,30.5,31.0,72.5,73.0
2950,30.5,31.0,73.0,73.5
2951,30.5,31.0,73.5,74.0
2952,30.5,31.0,74.0,74.5
2953,30.5,31.0,74.5,75.0
2954,30.5,31.0,75.0,75.5
2955,30.5,31.0,75.5,76.0
2956,30.5,31.0,76.0,76.5
2957,30.5,31.0,76.5,77.0
2958,30.5,31.0,77.0,77.5
2959,30.5,31.0,77.5,78.0
2960,30.5,31.0,78.0,78.5
2961,30.5,31.0,78.5,79.0
2962,30.5,31.0,79.0,79.5
2963,30.5,31.0,79.5,80.0
2964,30.5,31.0,80.0,80.5
2965,30.5,31.0,80.5,81.0
2966,30.5,31.0,81.0,81.5
2967,30.5,31.0,81.5,82.0
2968,30.5,31.0,82.0,82.5
2969,30.5,31.0,82.5,83.0
2970,30.5,31.0,83.0,83.5
2971,30.5,31.0,83.5,84.0
2972,30.5,31.0,84.0,84.5
2973,30.5,31.0,84.5,85.0
2974,30.5,31.0,85.0,85.5
2975,30.5,31.0,85.5,86.0
2976,30.5,31.0,86.0,86.5
2977,30.5,31.0,86.5,87.0
2978,30.5,31.0,87.0,87.5
2979,30.5,31.0,87.5,88.0
2980,30.5,31.0,88.0,88.5
2981,30.5,31.0,88.5,89.0
2982,30.5,31.0,89.0,89.5
2983,30.5,31.0,89.5,90.0
2984,30.5,31.0,90.0,90.5
2985,30.5,31.0,90.5,91.0
2986,30.5,31.0,91.0,91.5
2987,30.5,31.0,91.5,92.0
2988,30.5,31.0,92.0,92.5
2989,30.5,31.0,92.5,93.0
2990,30.5,31.0,93.0,93.5
2991,30.5,31.0,93.5,94.0
2992,30.5,31.0,94.0,94.5
2993,30.5,31.0,94.5,95.0
2994,30.5,31.0,95.0,95.5
2995,30.5,31.0,95.5,96.0
2996,30.5,31.0,96.0,96.5
2997,30.5,31.0,96.5,97.0
2998,30.5,31.0,97.0,97.5
2999,30.5,31.0,97.5,98.0
3000,31.0,31.5,68.0,68.5
3001,31.0,31.5,68.5,69.0
3002,31.0,31.5,69.0,69.5
3003,31.0,31.5,69.5,70.0
3004,31.0,31.5,70.0,70.5
3005,31.0,31.5,70.5,71.0
3006,31.0,31.5,71.0,71.5
3007,31.0,31.5,71.5,72.0
3008,31.0,31.5,72.0,72.5
3009,31.0,31.5,72.5,73.0
3010,31.0,31.5,73.0,73.5
3011,31.0,31.5,73.5,74.0
3012,31.0,31.5,74.0,74.5
3013,31.0,31.5,74.5,75.0
3014,31.0,31.5,75.0,75.5
3015,31.0,31.5,75.5,76.0
3016,31.0,31.5,76.0,76.5
3017,31.0,31.5,76.5,77.0
3018,31.0,31.5,77.0,77.5
3019,31.0,31.5,77.5,78.0
3020,31.0,31.5,78.0,78.5
3021,31.0,31.5,78.5,79.0
3022,31.0,31.5,79.0,79.5
3023,31.0,31.5,79.5,80.0
3024,31.0,31.5,80.0,80.5
3025,31.0,31.5,80.5,81.0
3026,31.0,31.5,81.0,81.5
3027,31.0,31.5,81.5,82.0
3028,31.0,31.5,82.0,82.5
3029,31.0,31.5,82.5,83.0
3030,31.0,31.5,83.0,83.5
3031,31.0,31.5,83.5,84.0
3032,31.0,31.5,84.0,84.5
3033,31.0,31.5,84.5,85.0
3034,31.0,31.5,85.0,85.5
3035,31.0,31.5,85.5,86.0
3036,31.0,31.5,86.0,86.5
3037,31.0,31.5,86.5,87.0
3038,31.0,31.5,87.0,87.5
3039,31.0,31.5,87.5,88.0
3040,31.0,31.5,88.0,88.5
3041,31.0,31.5,88.5,89.0
3042,31.0,31.5,89.0,89.5
3043,31.0,31.5,89.5,90.0
3044,31.0,31.5,90.0,90.5
3045,31.0,31.5,90.5,91.0
3046,31.0,31.5,91.0,91.5
3047,31.0,31.5,91.5,92.0
3048,31.0,31.5,92.0,92.5
3049,31.0,31.5,92.5,93.0
3050,31.0,31.5,93.0,93.5
3051,31.0,31.5,93.5,94.0
3052,31.0,31.5,94.0,94.5
3053,31.0,31.5,94.5,95.0
3054,31.0,31.5,95.0,95.5
3055,31.0,31.5,95.5,96.0
3056,31.0,31.5,96.0,96.5
3057,31.0,31.5,96.5,97.0
3058,31.0,31.5,97.0,97.5
3059,31.0,31.5,97.5,98.0
3060,31.5,32.0,68.0,68.5
3061,31.5,32.0,68.5,69.0
3062,31.5,32.0,69.0,69.5
3063,31.5,32.0,69.5,70.0
3064,31.5,32.0,70.0,70.5
3065,31.5,32.0,70.5,71.0
3066,31.5,32.0,71.0,71.5
3067,31.5,32.0,71.5,72.0
3068,31.5,32.0,72.0,72.5
3069,31.5,32.0,72.5,73.0
3070,31.5,32.0,73.0,73.5
3071,31.5,32.0,73.5,74.0
3072,31.5,32.0,74.0,74.5
3073,31.5,32.0,74.5,75.0
3074,31.5,32.0,75.0,75.5
3075,31.5,32.0,75.5,76.0
3076,31.5,32.0,76.0,76.5
3077,31.5,32.0,76.5,77.0
3078,31.5,32.0,77.0,77.5
3079,31.5,32.0,77.5,78.0
3080,31.5,32.0,78.0,78.5
3081,31.5,32.0,78.5,79.0
3082,31.5,32.0,79.0,79.5
3083,31.5,32.0,79.5,80.0
3084,31.5,32.0,80.0,80.5
3085,31.5,32.0,80.5,81.0
3086,31.5,32.0,81.0,81.5
3087,31.5,32.0,81.5,82.0
3088,31.5,32.0,82.0,82.5
3089,31.5,32.0,82.5,83.0
3090,31.5,32.0,83.0,83.5
3091,31.5,32.0,83.5,84.0
3092,31.5,32.0,84.0,84.5
3093,31.5,32.0,84.5,85.0
3094,31.5,32.0,85.0,85.5
3095,31.5,32.0,85.5,86.0
3096,31.5,32.0,86.0,86.5
3097,31.5,32.0,86.5,87.0
3098,31.5,32.0,87.0,87.5
3099,31.5,32.0,87.5,88.0
3100,31.5,32.0,88.0,88.5
3101,31.5,32.0,88.5,89.0
3102,31.5,32.0,89.0,89.5
3103,31.5,32.0,89.5,90.0
3104,31.5,32.0,90.0,90.5
3105,31.5,32.0,90.5,91.0
3106,31.5,32.0,91.0,91.5
3107,31.5,32.0,91.5,92.0
3108,31.5,32.0,92.0,92.5
3109,31.5,32.0,92.5,93.0
3110,31.5,32.0,93.0,93.5
3111,31.5,32.0,93.5,94.0
3112,31.5,32.0,94.0,94.5
3113,31.5,32.0,94.5,95.0
3114,31.5,32.0,95.0,95.5
3115,31.5,32.0,95.5,96.0
3116,31.5,32.0,96.0,96.5
3117,31.5,32.0,96.5,97.0
3118,31.5,32.0,97.0,97.5
3119,31.5,32.0,97.5,98.0
3120,32.0,32.5,68.0,68.5
3121,32.0,32.5,68.5,69.0
3122,32.0,32.5,69.0,69.5
3123,32.0,32.5,69.5,70.0
3124,32.0,32.5,70.0,70.5
3125,32.0,32.5,70.5,71.0
3126,32.0,32.5,71.0,71.5
3127,32.0,32.5,71.5,72.0
3128,32.0,32.5,72.0,72.5
3129,32.0,32.5,72.5,73.0
3130,32.0,32.5,73.0,73.5
3131,32.0,32.5,73.5,74.0
3132,32.0,32.5,74.0,74.5
3133,32.0,32.5,74.5,75.0
3134,32.0,32.5,75.0,75.5
3135,32.0,32.5,75.5,76.0
3136,32.0,32.5,76.0,76.5
3137,32.0,32.5,76.5,77.0
3138,32.0,32.5,77.0,77.5
3139,32.0,32.5,77.5,78.0
3140,32.0,32.5,78.0,78.5
3141,32.0,32.5,78.5,79.0
3142,32.0,32.5,79.0,79.5
3143,32.0,32.5,79.5,80.0
3144,32.0,32.5,80.0,80.5
3145,32.0,32.5,80.5,81.0
3146,32.0,32.5,81.0,81.5
3147,32.0,32.5,81.5,82.0
3148,32.0,32.5,82.0,82.5
3149,32.0,32.5,82.5,83.0
3150,32.0,32.5,83.0,83.5
3151,32.0,32.5,83.5,84.0
3152,32.0,32.5,84.0,84.5
3153,32.0,32.5,84.5,85.0
3154,32.0,32.5,85.0,85.5
3155,32.0,32.5,85.5,86.0
3156,32.0,32.5,86.0,86.5
3157,32.0,32.5,86.5,87.0
3158,32.0,32.5,87.0,87.5
3159,32.0,32.5,87.5,88.0
3160,32.0,32.5,88.0,88.5
3161,32.0,32.5,88.5,89.0
3162,32.0,32.5,89.0,89.5
3163,32.0,32.5,89.5,90.0
3164,32.0,32.5,90.0,90.5
3165,32.0,32.5,90.5,91.0
3166,32.0,32.5,91.0,91.5
3167,32.0,32.5,91.5,92.0
3168,32.0,32.5,92.0,92.5
3169,32.0,32.5,92.5,93.0
3170,32.0,32.5,93.0,93.5
3171,32.0,32.5,93.5,94.0
3172,32.0,32.5,94.0,94.5
3173,32.0,32.5,94.5,95.0
3174,32.0,32.5,95.0,95.5
3175,32.0,32.5,95.5,96.0
3176,32.0,32.5,96.0,96.5
3177,32.0,32.5,96.5,97.0
3178,32.0,32.5,97.0,97.5
3179,32.0,32.5,97.5,98.0
3180,32.5,33.0,68.0,68.5
3181,32.5,33.0,68.5,69.0
3182,32.5,33.0,69.0,69.5
3183,32.5,33.0,69.5,70.0
3184,32.5,33.0,70.0,70.5
3185,32.5,33.0,70.5,71.0
3186,32.5,33.0,71.0,71.5
3187,32.5,33.0,71.5,72.0
3188,32.5,33.0,72.0,72.5
3189,32.5,33.0,72.5,73.0
3190,32.5,33.0,73.0,73.5
3191,32.5,33.0,73.5,74.0
3192,32.5,33.0,74.0,74.5
3193,32.5,33.0,74.5,75.0
3194,32.5,33.0,75.0,75.5
3195,32.5,33.0,75.5,76.0
3196,32.5,33.0,76.0,76.5
3197,32.5,33.0,76.5,77.0
3198,32.5,33.0,77.0,77.5
3199,32.5,33.0,77.5,78.0
3200,32.5,33.0,78.0,78.5
3201,32.5,33.0,78.5,79.0
3202,32.5,33.0,79.0,79.5
3203,32.5,33.0,79.5,80.0
3204,32.5,33.0,80.0,80.5
3205,32.5,33.0,80.5,81.0
3206,32.5,33.0,81.0,81.5
3207,32.5,33.0,81.5,82.0
3208,32.5,33.0,82.0,82.5
3209,32.5,33.0,82.5,83.0
3210,32.5,33.0,83.0,83.5
3211,32.5,33.0,83.5,84.0
3212,32.5,33.0,84.0,84.5
3213,32.5,33.0,84.5,85.0
3214,32.5,33.0,85.0,85.5
3215,32.5,33.0,85.5,86.0
3216,32.5,33.0,86.0,86.5
3217,32.5,33.0,86.5,87.0
3218,32.5,33.0,87.0,87.5
3219,32.5,33.0,87.5,88.0
3220,32.5,33.0,88.0,88.5
3221,32.5,33.0,88.5,89.0
3222,32.5,33.0,89.0,89.5
3223,32.5,33.0,89.5,90.0
3224,32.5,33.0,90.0,90.5
3225,32.5,33.0,90.5,91.0
3226,32.5,33.0,91.0,91.5
3227,32.5,33.0,91.5,92.0
3228,32.5,33.0,92.0,92.5
3229,32.5,33.0,92.5,93.0
3230,32.5,33.0,93.0,93.5
3231,32.5,33.0,93.5,94.0
3232,32.5,33.0,94.0,94.5
3233,32.5,33.0,94.5,95.0
3234,32.5,33.0,95.0,95.5
3235,32.5,33.0,95.5,96.0
3236,32.5,33.0,96.0,96.5
3237,32.5,33.0,96.5,97.0
3238,32.5,33.0,97.0,97.5
3239,32.5,33.0,97.5,98.0
3240,33.0,33.5,68.0,68.5
3241,33.0,33.5,68.5,69.0
3242,33.0,33.5,69.0,69.5
3243,33.0,33.5,69.5,70.0
3244,33.0,33.5,70.0,70.5
3245,33.0,33.5,70.5,71.0
3246,33.0,33.5,71.0,71.5
3247,33.0,33.5,71.5,72.0
3248,33.0,33.5,72.0,72.5
3249,33.0,33.5,72.5,73.0
3250,33.0,33.5,73.0,73.5
3251,33.0,33.5,73.5,74.0
3252,33.0,33.5,74.0,74.5
3253,33.0,33.5,74.5,75.0
3254,33.0,33.5,75.0,75.5
3255,33.0,33.5,75.5,76.0
3256,33.0,33.5,76.0,76.5
3257,33.0,33.5,76.5,77.0
3258,33.0,33.5,77.0,77.5
3259,33.0,33.5,77.5,78.0
3260,33.0,33.5,78.0,78.5
3261,33.0,33.5,78.5,79.0
3262,33.0,33.5,79.0,79.5
3263,33.0,33.5,79.5,80.0
3264,33.0,33.5,80.0,80.5
3265,33.0,33.5,80.5,81.0
3266,33.0,33.5,81.0,81.5
3267,33.0,33.5,81.5,82.0
3268,33.0,33.5,82.0,82.5
3269,33.0,33.5,82.5,83.0
3270,33.0,33.5,83.0,83.5
3271,33.0,33.5,83.5,84.0
3272,33.0,33.5,84.0,84.5
3273,33.0,33.5,84.5,85.0
3274,33.0,33.5,85.0,85.5
3275,33.0,33.5,85.5,86.0
3276,33.0,33.5,86.0,86.5
3277,33.0,33.5,86.5,87.0
3278,33.0,33.5,87.0,87.5
3279,33.0,33.5,87.5,88.0
3280,33.0,33.5,88.0,88.5
3281,33.0,33.5,88.5,89.0
3282,33.0,33.5,89.0,89.5
3283,33.0,33.5,89.5,90.0
3284,33.0,33.5,90.0,90.5
3285,33.0,33.5,90.5,91.0
3286,33.0,33.5,91.0,91.5
3287,33.0,33.5,91.5,92.0
3288,33.0,33.5,92.0,92.5
3289,33.0,33.5,92.5,93.0
3290,33.0,33.5,93.0,93.5
3291,33.0,33.5,93.5,94.0
3292,33.0,33.5,94.0,94.5
3293,33.0,33.5,94.5,95.0
3294,33.0,33.5,95.0,95.5
3295,33.0,33.5,95.5,96.0
3296,33.0,33.5,96.0,96.5
3297,33.0,33.5,96.5,97.0
3298,33.0,33.5,97.0,97.5
3299,33.0,33.5,97.5,98.0
3300,33.5,34.0,68.0,68.5
3301,33.5,34.0,68.5,69.0
3302,33.5,34.0,69.0,69.5
3303,33.5,34.0,69.5,70.0
3304,33.5,34.0,70.0,70.5
3305,33.5,34.0,70.5,71.0
3306,33.5,34.0,71.0,71.5
3307,33.5,34.0,71.5,72.0
3308,33.5,34.0,72.0,72.5
3309,33.5,34.0,72.5,73.0
3310,33.5,34.0,73.0,73.5
3311,33.5,34.0,73.5,74.0
3312,33.5,34.0,74.0,74.5
3313,33.5,34.0,74.5,75.0
3314,33.5,34.0,75.0,75.5
3315,33.5,34.0,75.5,76.0
3316,33.5,34.0,76.0,76.5
3317,33.5,34.0,76.5,77.0
3318,33.5,34.0,77.0,77.5
3319,33.5,34.0,77.5,78.0
3320,33.5,34.0,78.0,78.5
3321,33.5,34.0,78.5,79.0
3322,33.5,34.0,79.0,79.5
3323,33.5,34.0,79.5,80.0
3324,33.5,34.0,80.0,80.5
3325,33.5,34.0,80.5,81.0
3326,33.5,34.0,81.0,81.5
3327,33.5,34.0,81.5,82.0
3328,33.5,34.0,82.0,82.5
3329,33.5,34.0,82.5,83.0
3330,33.5,34.0,83.0,83.5
3331,33.5,34.0,83.5,84.0
3332,33.5,34.0,84.0,84.5
3333,33.5,34.0,84.5,85.0
3334,33.5,34.0,85.0,85.5
3335,33.5,34.0,85.5,86.0
3336,33.5,34.0,86.0,86.5
3337,33.5,34.0,86.5,87.0
3338,33.5,34.0,87.0,87.5
3339,33.5,34.0,87.5,88.0
3340,33.5,34.0,88.0,88.5
3341,33.5,34.0,88.5,89.0
3342,33.5,34.0,89.0,89.5
3343,33.5,34.0,89.5,90.0
3344,33.5,34.0,90.0,90.5
3345,33.5,34.0,90.5,91.0
3346,33.5,34.0,91.0,91.5
3347,33.5,34.0,91.5,92.0
3348,33.5,34.0,92.0,92.5
3349,33.5,34.0,92.5,93.0
3350,33.5,34.0,93.0,93.5
3351,33.5,34.0,93.5,94.0
3352,33.5,34.0,94.0,94.5
3353,33.5,34.0,94.5,95.0
3354,33.5,34.0,95.0,95.5
3355,33.5,34.0,95.5,96.0
3356,33.5,34.0,96.0,96.5
3357,33.5,34.0,96.5,97.0
3358,33.5,34.0,97.0,97.5
3359,33.5,34.0,97.5,98.0
3360,34.0,34.5,68.0,68.5
3361,34.0,34.5,68.5,69.0
3362,34.0,34.5,69.0,69.5
3363,34.0,34.5,69.5,70.0
3364,34.0,34.5,70.0,70.5
3365,34.0,34.5,70.5,71.0
3366,34.0,34.5,71.0,71.5
3367,34.0,34.5,71.5,72.0
3368,34.0,34.5,72.0,72.5
3369,34.0,34.5,72.5,73.0
3370,34.0,34.5,73.0,73.5
3371,34.0,34.5,73.5,74.0
3372,34.0,34.5,74.0,74.5
3373,34.0,34.5,74.5,75.0
3374,34.0,34.5,75.0,75.5
3375,34.0,34.5,75.5,76.0
3376,34.0,34.5,76.0,76.5
3377,34.0,34.5,76.5,77.0
3378,34.0,34.5,77.0,77.5
3379,34.0,34.5,77.5,78.0
3380,34.0,34.5,78.0,78.5
3381,34.0,34.5,78.5,79.0
3382,34.0,34.5,79.0,79.5
3383,34.0,34.5,79.5,80.0
3384,34.0,34.5,80.0,80.5
3385,34.0,34.5,80.5,81.0
3386,34.0,34.5,81.0,81.5
3387,34.0,34.5,81.5,82.0
3388,34.0,34.5,82.0,82.5
3389,34.0,34.5,82.5,83.0
3390,34.0,34.5,83.0,83.5
3391,34.0,34.5,83.5,84.0
3392,34.0,34.5,84.0,84.5
3393,34.0,34.5,84.5,85.0
3394,34.0,34.5,85.0,85.5
3395,34.0,34.5,85.5,86.0
3396,34.0,34.5,86.0,86.5
3397,34.0,34.5,86.5,87.0
3398,34.0,34.5,87.0,87.5
3399,34.0,34.5,87.5,88.0
3400,34.0,34.5,88.0,88.5
3401,34.0,34.5,88.5,89.0
3402,34.0,34.5,89.0,89.5
3403,34.0,34.5,89.5,90.0
3404,34.0,34.5,90.0,90.5
3405,34.0,34.5,90.5,91.0
3406,34.0,34.5,91.0,91.5
3407,34.0,34.5,91.5,92.0
3408,34.0,34.5,92.0,92.5
3409,34.0,34.5,92.5,93.0
3410,34.0,34.5,93.0,93.5
3411,34.0,34.5,93.5,94.0
3412,34.0,34.5,94.0,94.5
3413,34.0,34.5,94.5,95.0
3414,34.0,34.5,95.0,95.5
3415,34.0,34.5,95.5,96.0
3416,34.0,34.5,96.0,96.5
3417,34.0,34.5,96.5,97.0
3418,34.0,34.5,97.0,97.5
3419,34.0,34.5,97.5,98.0
3420,34.5,35.0,68.0,68.5
3421,34.5,35.0,68.5,69.0
3422,34.5,35.0,69.0,69.5
3423,34.5,35.0,69.5,70.0
3424,34.5,35.0,70.0,70.5
3425,34.5,35.0,70.5,71.0
3426,34.5,35.0,71.0,71.5
3427,34.5,35.0,71.5,72.0
3428,34.5,35.0,72.0,72.5
3429,34.5,35.0,72.5,73.0
3430,34.5,35.0,73.0,73.5
3431,34.5,35.0,73.5,74.0
3432,34.5,35.0,74.0,74.5
3433,34.5,35.0,74.5,75.0
3434,34.5,35.0,75.0,75.5
3435,34.5,35.0,75.5,76.0
3436,34.5,35.0,76.0,76.5
3437,34.5,35.0,76.5,77.0
3438,34.5,35.0,77.0,77.5
3439,34.5,35.0,77.5,78.0
3440,34.5,35.0,78.0,78.5
3441,34.5,35.0,78.5,79.0
3442,34.5,35.0,79.0,79.5
3443,34.5,35.0,79.5,80.0
3444,34.5,35.0,80.0,80.5
3445,34.5,35.0,80.5,81.0
3446,34.5,35.0,81.0,81.5
3447,34.5,35.0,81.5,82.0
3448,34.5,35.0,82.0,82.5
3449,34.5,35.0,82.5,83.0
3450,34.5,35.0,83.0,83.5
3451,34.5,35.0,83.5,84.0
3452,34.5,35.0,84.0,84.5
3453,34.5,35.0,84.5,85.0
3454,34.5,35.0,85.0,85.5
3455,34.5,35.0,85.5,86.0
3456,34.5,35.0,86.0,86.5
3457,34.5,35.0,86.5,87.0
3458,34.5,35.0,87.0,87.5
3459,34.5,35.0,87.5,88.0
3460,34.5,35.0,88.0,88.5
3461,34.5,35.0,88.5,89.0
3462,34.5,35.0,89.0,89.5
3463,34.5,35.0,89.5,90.0
3464,34.5,35.0,90.0,90.5
3465,34.5,35.0,90.5,91.0
3466,34.5,35.0,91.0,91.5
3467,34.5,35.0,91.5,92.0
3468,34.5,35.0,92.0,92.5
3469,34.5,35.0,92.5,93.0
3470,34.5,35.0,93.0,93.5
3471,34.5,35.0,93.5,94.0
3472,34.5,35.0,94.0,94.5
3473,34.5,35.0,94.5,95.0
3474,34.5,35.0,95.0,95.5
3475,34.5,35.0,95.5,96.0
3476,34.5,35.0,96.0,96.5
3477,34.5,35.0,96.5,97.0
3478,34.5,35.0,97.0,97.5
3479,34.5,35.0,97.5,98.0
3480,35.0,35.5,68.0,68.5
3481,35.0,35.5,68.5,69.0
3482,35.0,35.5,69.0,69.5
3483,35.0,35.5,69.5,70.0
3484,35.0,35.5,70.0,70.5
3485,35.0,35.5,70.5,71.0
3486,35.0,35.5,71.0,71.5
3487,35.0,35.5,71.5,72.0
3488,35.0,35.5,72.0,72.5
3489,35.0,35.5,72.5,73.0
3490,35.0,35.5,73.0,73.5
3491,35.0,35.5,73.5,74.0
3492,35.0,35.5,74.0,74.5
3493,35.0,35.5,74.5,75.0
3494,35.0,35.5,75.0,75.5
3495,35.0,35.5,75.5,76.0
3496,35.0,35.5,76.0,76.5
3497,35.0,35.5,76.5,77.0
3498,35.0,35.5,77.0,77.5
3499,35.0,35.5,77.5,78.0
3500,35.0,35.5,78.0,78.5
3501,35.0,35.5,78.5,79.0
3502,35.0,35.5,79.0,79.5
3503,35.0,35.5,79.5,80.0
3504,35.0,35.5,80.0,80.5
3505,35.0,35.5,80.5,81.0
3506,35.0,35.5,81.0,81.5
3507,35.0,35.5,81.5,82.0
3508,35.0,35.5,82.0,82.5
3509,35.0,35.5,82.5,83.0
3510,35.0,35.5,83.0,83.5
3511,35.0,35.5,83.5,84.0
3512,35.0,35.5,84.0,84.5
3513,35.0,35.5,84.5,85.0
3514,35.0,35.5,85.0,85.5
3515,35.0,35.5,85.5,86.0
3516,35.0,35.5,86.0,86.5
3517,35.0,35.5,86.5,87.0
3518,35.0,35.5,87.0,87.5
3519,35.0,35.5,87.5,88.0
3520,35.0,35.5,88.0,88.5
3521,35.0,35.5,88.5,89.0
3522,35.0,35.5,89.0,89.5
3523,35.0,35.5,89.5,90.0
3524,35.0,35.5,90.0,90.5
3525,35.0,35.5,90.5,91.0
3526,35.0,35.5,91.0,91.5
3527,35.0,35.5,91.5,92.0
3528,35.0,35.5,92.0,92.5
3529,35.0,35.5,92.5,93.0
3530,35.0,35.5,93.0,93.5
3531,35.0,35.5,93.5,94.0
3532,35.0,35.5,94.0,94.5
3533,35.0,35.5,94.5,95.0
3534,35.0,35.5,95.0,95.5
3535,35.0,35.5,95.5,96.0
3536,35.0,35.5,96.0,96.5
3537,35.0,35.5,96.5,97.0
3538,35.0,35.5,97.0,97.5
3539,35.0,35.5,97.5,98.0
3540,35.5,36.0,68.0,68.5
3541,35.5,36.0,68.5,69.0
3542,35.5,36.0,69.0,69.5
3543,35.5,36.0,69.5,70.0
3544,35.5,36.0,70.0,70.5
3545,35.5,36.0,70.5,71.0
3546,35.5,36.0,71.0,71.5
3547,35.5,36.0,71.5,72.0
3548,35.5,36.0,72.0,72.5
3549,35.5,36.0,72.5,73.0
3550,35.5,36.0,73.0,73.5
3551,35.5,36.0,73.5,74.0
3552,35.5,36.0,74.0,74.5
3553,35.5,36.0,74.5,75.0
3554,35.5,36.0,75.0,75.5
3555,35.5,36.0,75.5,76.0
3556,35.5,36.0,76.0,76.5
3557,35.5,36.0,76.5,77.0
3558,35.5,36.0,77.0,77.5
3559,35.5,36.0,77.5,78.0
3560,35.5,36.0,78.0,78.5
3561,35.5,36.0,78.5,79.0
3562,35.5,36.0,79.0,79.5
3563,35.5,36.0,79.5,80.0
3564,35.5,36.0,80.0,80.5
3565,35.5,36.0,80.5,81.0
3566,35.5,36.0,81.0,81.5
3567,35.5,36.0,81.5,82.0
3568,35.5,36.0,82.0,82.5
3569,35.5,36.0,82.5,83.0
3570,35.5,36.0,83.0,83.5
3571,35.5,36.0,83.5,84.0
3572,35.5,36.0,84.0,84.5
3573,35.5,36.0,84.5,85.0
3574,35.5,36.0,85.0,85.5
3575,35.5,36.0,85.5,86.0
3576,35.5,36.0,86.0,86.5
3577,35.5,36.0,86.5,87.0
3578,35.5,36.0,87.0,87.5
3579,35.5,36.0,87.5,88.0
3580,35.5,36.0,88.0,88.5
3581,35.5,36.0,88.5,89.0
3582,35.5,36.0,89.0,89.5
3583,35.5,36.0,89.5,90.0
3584,35.5,36.0,90.0,90.5
3585,35.5,36.0,90.5,91.0
3586,35.5,36.0,91.0,91.5
3587,35.5,36.0,91.5,92.0
3588,35.5,36.0,92.0,92.5
3589,35.5,36.0,92.5,93.0
3590,35.5,36.0,93.0,93.5
3591,35.5,36.0,93.5,94.0
3592,35.5,36.0,94.0,94.5
3593,35.5,36.0,94.5,95.0
3594,35.5,36.0,95.0,95.5
3595,35.5,36.0,95.5,96.0
3596,35.5,36.0,96.0,96.5
3597,35.5,36.0,96.5,97.0
3598,35.5,36.0,97.0,97.5
3599,35.5,36.0,97.5,98.0
3600,36.0,36.5,68.0,68.5
3601,36.0,36.5,68.5,69.0
3602,36.0,36.5,69.0,69.5
3603,36.0,36.5,69.5,70.0
3604,36.0,36.5,70.0,70.5
3605,36.0,36.5,70.5,71.0
3606,36.0,36.5,71.0,71.5
3607,36.0,36.5,71.5,72.0
3608,36.0,36.5,72.0,72.5
3609,36.0,36.5,72.5,73.0
3610,36.0,36.5,73.0,73.5
3611,36.0,36.5,73.5,74.0
3612,36.0,36.5,74.0,74.5
3613,36.0,36.5,74.5,75.0
3614,36.0,36.5,75.0,75.5
3615,36.0,36.5,75.5,76.0
3616,36.0,36.5,76.0,76.5
3617,36.0,36.5,76.5,77.0
3618,36.0,36.5,77.0,77.5
3619,36.0,36.5,77.5,78.0
3620,36.0,36.5,78.0,78.5
3621,36.0,36.5,78.5,79.0
3622,36.0,36.5,79.0,79.5
3623,36.0,36.5,79.5,80.0
3624,36.0,36.5,80.0,80.5
3625,36.0,36.5,80.5,81.0
3626,36.0,36.5,81.0,81.5
3627,36.0,36.5,81.5,82.0
3628,36.0,36.5,82.0,82.5
3629,36.0,36.5,82.5,83.0
3630,36.0,36.5,83.0,83.5
3631,36.0,36.5,83.5,84.0
3632,36.0,36.5,84.0,84.5
3633,36.0,36.5,84.5,85.0
3634,36.0,36.5,85.0,85.5
3635,36.0,36.5,85.5,86.0
3636,36.0,36.5,86.0,86.5
3637,36.0,36.5,86.5,87.0
3638,36.0,36.5,87.0,87.5
3639,36.0,36.5,87.5,88.0
3640,36.0,36.5,88.0,88.5
3641,36.0,36.5,88.5,89.0
3642,36.0,36.5,89.0,89.5
3643,36.0,36.5,89.5,90.0
3644,36.0,36.5,90.0,90.5
3645,36.0,36.5,90.5,91.0
3646,36.0,36.5,91.0,91.5
3647,36.0,36.5,91.5,92.0
3648,36.0,36.5,92.0,92.5
3649,36.0,36.5,92.5,93.0
3650,36.0,36.5,93.0,93.5
3651,36.0,36.5,93.5,94.0
3652,36.0,36.5,94.0,94.5
3653,36.0,36.5,94.5,95.0
3654,36.0,36.5,95.0,95.5
3655,36.0,36.5,95.5,96.0
3656,36.0,36.5,96.0,96.5
3657,36.0,36.5,96.5,97.0
3658,36.0,36.5,97.0,97.5
3659,36.0,36.5,97.5,98.0
3660,36.5,37.0,68.0,68.5
3661,36.5,37.0,68.5,69.0
3662,36.5,37.0,69.0,69.5
3663,36.5,37.0,69.5,70.0
3664,36.5,37.0,70.0,70.5
3665,36.5,37.0,70.5,71.0
3666,36.5,37.0,71.0,71.5
3667,36.5,37.0,71.5,72.0
3668,36.5,37.0,72.0,72.5
3669,36.5,37.0,72.5,73.0
3670,36.5,37.0,73.0,73.5
3671,36.5,37.0,73.5,74.0
3672,36.5,37.0,74.0,74.5
3673,36.5,37.0,74.5,75.0
3674,36.5,37.0,75.0,75.5
3675,36.5,37.0,75.5,76.0
3676,36.5,37.0,76.0,76.5
3677,36.5,37.0,76.5,77.0
3678,36.5,37.0,77.0,77.5
3679,36.5,37.0,77.5,78.0
3680,36.5,37.0,78.0,78.5
3681,36.5,37.0,78.5,79.0
3682,36.5,37.0,79.0,79.5
3683,36.5,37.0,79.5,80.0
3684,36.5,37.0,80.0,80.5
3685,36.5,37.0,80.5,81.0
3686,36.5,37.0,81.0,81.5
3687,36.5,37.0,81.5,82.0
3688,36.5,37.0,82.0,82.5
3689,36.5,37.0,82.5,83.0
3690,36.5,37.0,83.0,83.5
3691,36.5,37.0,83.5,84.0
3692,36.5,37.0,84.0,84.5
3693,36.5,37.0,84.5,85.0
3694,36.5,37.0,85.0,85.5
3695,36.5,37.0,85.5,86.0
3696,36.5,37.0,86.0,86.5
3697,36.5,37.0,86.5,87.0
3698,36.5,37.0,87.0,87.5
3699,36.5,37.0,87.5,88.0
3700,36.5,37.0,88.0,88.5
3701,36.5,37.0,88.5,89.0
3702,36.5,37.0,89.0,89.5
3703,36.5,37.0,89.5,90.0
3704,36.5,37.0,90.0,90.5
3705,36.5,37.0,90.5,91.0
3706,36.5,37.0,91.0,91.5
3707,36.5,37.0,91.5,92.0
3708,36.5,37.0,92.0,92.5
3709,36.5,37.0,92.5,93.0
3710,36.5,37.0,93.0,93.5
3711,36.5,37.0,93.5,94.0
3712,36.5,37.0,94.0,94.5
3713,36.5,37.0,94.5,95.0
3714,36.5,37.0,95.0,95.5
3715,36.5,37.0,95.5,96.0
3716,36.5,37.0,96.0,96.5
3717,36.5,37.0,96.5,97.0
3718,36.5,37.0,97.0,97.5
3719,36.5,37.0,97.5,98.0
3720,37.0,37.5,68.0,68.5
3721,37.0,37.5,68.5,69.0
3722,37.0,37.5,69.0,69.5
3723,37.0,37.5,69.5,70.0
3724,37.0,37.5,70.0,70.5
3725,37.0,37.5,70.5,71.0
3726,37.0,37.5,71.0,71.5
3727,37.0,37.5,71.5,72.0
3728,37.0,37.5,72.0,72.5
3729,37.0,37.5,72.5,73.0
3730,37.0,37.5,73.0,73.5
3731,37.0,37.5,73.5,74.0
3732,37.0,37.5,74.0,74.5
3733,37.0,37.5,74.5,75.0
3734,37.0,37.5,75.0,75.5
3735,37.0,37.5,75.5,76.0
3736,37.0,37.5,76.0,76.5
3737,37.0,37.5,76.5,77.0
3738,37.0,37.5,77.0,77.5
3739,37.0,37.5,77.5,78.0
3740,37.0,37.5,78.0,78.5
3741,37.0,37.5,78.5,79.0
3742,37.0,37.5,79.0,79.5
3743,37.0,37.5,79.5,80.0
3744,37.0,37.5,80.0,80.5
3745,37.0,37.5,80.5,81.0
3746,37.0,37.5,81.0,81.5
3747,37.0,37.5,81.5,82.0
3748,37.0,37.5,82.0,82.5
3749,37.0,37.5,82.5,83.0
3750,37.0,37.5,83.0,83.5
3751,37.0,37.5,83.5,84.0
3752,37.0,37.5,84.0,84.5
3753,37.0,37.5,84.5,85.0
3754,37.0,37.5,85.0,85.5
3755,37.0,37.5,85.5,86.0
3756,37.0,37.5,86.0,86.5
3757,37.0,37.5,86.5,87.0
3758,37.0,37.5,87.0,87.5
3759,37.0,37.5,87.5,88.0
3760,37.0,37.5,88.0,88.5
3761,37.0,37.5,88.5,89.0
3762,37.0,37.5,89.0,89.5
3763,37.0,37.5,89.5,90.0
3764,37.0,37.5,90.0,90.5
3765,37.0,37.5,90.5,91.0
3766,37.0,37.5,91.0,91.5
3767,37.0,37.5,91.5,92.0
3768,37.0,37.5,92.0,92.5
3769,37.0,37.5,92.5,93.0
3770,37.0,37.5,93.0,93.5
3771,37.0,37.5,93.5,94.0
3772,37.0,37.5,94.0,94.5
3773,37.0,37.5,94.5,95.0
3774,37.0,37.5,95.0,95.5
3775,37.0,37.5,95.5,96.0
3776,37.0,37.5,96.0,96.5
3777,37.0,37.5,96.5,97.0
3778,37.0,37.5,97.0,97.5
3779,37.0,37.5,97.5,98.0
3780,37.5,38.0,68.0,68.5
3781,37.5,38.0,68.5,69.0
3782,37.5,38.0,69.0,69.5
3783,37.5,38.0,69.5,70.0
3784,37.5,38.0,70.0,70.5
3785,37.5,38.0,70.5,71.0
3786,37.5,38.0,71.0,71.5
3787,37.5,38.0,71.5,72.0
3788,37.5,38.0,72.0,72.5
3789,37.5,38.0,72.5,73.0
3790,37.5,38.0,73.0,73.5
3791,37.5,38.0,73.5,74.0
3792,37.5,38.0,74.0,74.5
3793,37.5,38.0,74.5,75.0
3794,37.5,38.0,75.0,75.5
3795,37.5,38.0,75.5,76.0
3796,37.5,38.0,76.0,76.5
3797,37.5,38.0,76.5,77.0
3798,37.5,38.0,77.0,77.5
3799,37.5,38.0,77.5,78.0
3800,37.5,38.0,78.0,78.5
3801,37.5,38.0,78.5,79.0
3802,37.5,38.0,79.0,79.5
3803,37.5,38.0,79.5,80.0
3804,37.5,38.0,80.0,80.5
3805,37.5,38.0,80.5,81.0
3806,37.5,38.0,81.0,81.5
3807,37.5,38.0,81.5,82.0
3808,37.5,38.0,82.0,82.5
3809,37.5,38.0,82.5,83.0
3810,37.5,38.0,83.0,83.5
3811,37.5,38.0,83.5,84.0
3812,37.5,38.0,84.0,84.5
3813,37.5,38.0,84.5,85.0
3814,37.5,38.0,85.0,85.5
3815,37.5,38.0,85.5,86.0
3816,37.5,38.0,86.0,86.5
3817,37.5,38.0,86.5,87.0
3818,37.5,38.0,87.0,87.5
3819,37.5,38.0,87.5,88.0
3820,37.5,38.0,88.0,88.5
3821,37.5,38.0,88.5,89.0
3822,37.5,38.0,89.0,89.5
3823,37.5,38.0,89.5,90.0
3824,37.5,38.0,90.0,90.5
3825,37.5,38.0,90.5,91.0
3826,37.5,38.0,91.0,91.5
3827,37.5,38.0,91.5,92.0
3828,37.5,38.0,92.0,92.5
3829,37.5,38.0,92.5,93.0
3830,37.5,38.0,93.0,93.5
3831,37.5,38.0,93.5,94.0
3832,37.5,38.0,94.0,94.5
3833,37.5,38.0,94.5,95.0
3834,37.5,38.0,95.0,95.5
3835,37.5,38.0,95.5,96.0
3836,37.5,38.0,96.0,96.5
3837,37.5,38.0,96.5,97.0
3838,37.5,38.0,97.0,97.5
3839,37.5,38.0,97.5,98.0
