grid_id,flood
0,
1,
2,
3,
4,
5,
6,
7,
8,1.0
9,0.9999178158954943
10,0.9996358891530422
11,1.0
12,
13,
14,
15,
16,
17,
18,
19,
20,
21,
22,
23,0.999766620765023
24,0.9893963831661837
25,0.9008661631789936
26,0.9764339943255177
27,0.9976539945488357
28,
29,
30,
31,
32,
33,
34,
35,
36,
37,
38,
39,
40,
41,
42,
43,
44,
45,
46,
47,
48,
49,
50,
51,
52,
53,0.9999833875084181
54,0.9999813626978394
55,1.0
56,
57,
58,
59,
60,
61,
62,
63,
64,
65,
66,
67,
68,1.0
69,0.999773993809057
70,0.9994431718701756
71,
72,
73,
74,
75,
76,
77,
78,
79,
80,
81,
82,
83,0.9955200283618142
84,0.5551302403838453
85,0.778682915051609
86,0.701541977644493
87,0.9848739167348715
88,1.0
89,
90,
91,
92,
93,
94,
95,
96,
97,
98,
99,
100,
101,
102,
103,
104,
105,
106,
107,
108,
109,1.0
110,1.0
111,0.9989425810075042
112,1.0
113,
114,
115,
116,
117,
118,
119,
120,
121,
122,
123,
124,
125,
126,
127,
128,
129,0.9998022534022314
130,0.9999809616948426
131,
132,
133,
134,
135,
136,
137,
138,
139,
140,
141,
142,
143,0.9919734097490435
144,0.363470046403298
145,0.8191863837604032
146,0.768199917268742
147,0.9460778467021133
148,1.0
149,
150,
151,
152,
153,
154,
155,
156,
157,
158,
159,
160,
161,
162,
163,
164,
165,
166,
167,
168,
169,
170,1.0
171,0.9971408738016877
172,1.0
173,
174,
175,
176,
177,
178,
179,
180,
181,
182,
183,
184,
185,
186,
187,
188,
189,
190,
191,
192,
193,
194,
195,
196,
197,
198,1.0
199,1.0
200,
201,
202,
203,0.9747676964483588
204,0.6339870189342846
205,0.7904136388590747
206,0.713198170421954
207,0.9764087365245965
208,1.0
209,
210,
211,
212,
213,
214,
215,
216,
217,
218,
219,
220,
221,
222,
223,
224,
225,
226,
227,
228,
229,
230,0.9982630208038241
231,0.9996831777872813
232,
233,
234,
235,
236,
237,
238,
239,
240,
241,
242,
243,
244,
245,
246,
247,
248,
249,1.0
250,0.9997931671186917
251,
252,
253,
254,
255,
256,
257,0.9987982448984222
258,0.9915526323530126
259,0.9586382125299626
260,0.9974421036116016
261,
262,1.0
263,0.9887380284975791
264,0.6456348758407302
265,0.6925669237487385
266,0.9290339298913222
267,0.9999958897659637
268,
269,
270,
271,
272,
273,
274,
275,
276,
277,
278,
279,
280,
281,
282,
283,
284,
285,
286,
287,
288,
289,1.0
290,0.9986777280712635
291,0.9979868277550662
292,
293,
294,
295,
296,
297,
298,1.0
299,0.9998982532296364
300,
301,
302,
303,
304,
305,
306,
307,
308,
309,1.0
310,1.0
311,
312,
313,
314,
315,
316,1.0
317,0.9928998907188253
318,0.7119141527109015
319,0.40704350321768584
320,0.9713846390216067
321,1.0
322,1.0
323,0.9897796917705374
324,0.53921304809898
325,0.6577441208993129
326,0.991696780455671
327,1.0
328,
329,
330,
331,
332,
333,
334,
335,
336,
337,
338,
339,
340,
341,
342,
343,
344,
345,
346,
347,
348,
349,0.9999756239024832
350,1.0
351,0.9994948001606997
352,
353,
354,
355,
356,
357,
358,1.0
359,0.9998729178182456
360,
361,
362,
363,
364,
365,
366,
367,
368,
369,
370,
371,
372,
373,
374,
375,
376,0.92039529457568
377,0.4227498276779484
378,0.4987019408857665
379,0.29645512538328445
380,0.8780798420012926
381,0.9574590827564715
382,0.9960503894530984
383,0.9973756248589399
384,0.9189997663314381
385,0.9684192663180992
386,1.0
387,
388,
389,
390,
391,
392,
393,
394,
395,
396,
397,
398,
399,
400,
401,
402,
403,
404,
405,
406,
407,
408,
409,0.9991891334014168
410,1.0
411,
412,
413,
414,
415,
416,
417,
418,
419,0.9997825773321134
420,
421,
422,
423,
424,
425,
426,
427,
428,1.0
429,
430,1.0
431,1.0
432,
433,
434,
435,
436,0.9212571077390654
437,0.6563275329848484
438,0.7429270816921806
439,0.3459241813916493
440,0.3536156383371669
441,0.6330374018388605
442,0.9764030081508542
443,0.9861910993890891
444,0.9576594117303895
445,0.9957642719201217
446,
447,
448,
449,
450,
451,
452,
453,
454,
455,
456,
457,
458,
459,
460,
461,
462,
463,
464,
465,
466,
467,
468,
469,
470,
471,
472,
473,
474,
475,
476,
477,
478,
479,0.9998983037244823
480,
481,
482,
483,
484,
485,
486,
487,
488,1.0
489,0.9998546973312998
490,1.0
491,0.9997935000165438
492,
493,
494,
495,1.0
496,0.9532442674825322
497,0.7384338853961393
498,0.6991155676848275
499,0.6308714133858101
500,0.2930842252175611
501,0.30571331929379997
502,0.9045654769002329
503,0.9158331991507928
504,1.0
505,
506,
507,
508,
509,
510,
511,
512,
513,
514,
515,
516,
517,
518,
519,
520,
521,
522,
523,
524,
525,
526,
527,
528,1.0
529,1.0
530,
531,
532,
533,
534,
535,
536,
537,
538,1.0
539,0.9995404252047876
540,
541,
542,
543,
544,
545,
546,
547,1.0
548,0.9998442717055674
549,0.9999294186438092
550,1.0
551,0.9999178980497657
552,
553,
554,
555,0.9932144432922216
556,0.4996747018338074
557,0.5833492738794018
558,0.3338657559961656
559,0.34822759944498105
560,0.44180654837832484
561,0.27003925686759206
562,0.27855737515295403
563,0.9356740659545096
564,1.0
565,
566,
567,
568,
569,
570,
571,
572,
573,
574,
575,
576,
577,
578,
579,
580,
581,
582,
583,
584,
585,
586,
587,
588,0.9977313670325517
589,0.99766912655864
590,
591,
592,
593,
594,
595,
596,
597,
598,1.0
599,0.9997189132556473
600,
601,
602,
603,
604,
605,
606,
607,0.9999315737578178
608,0.9999895289887153
609,0.9999036631339685
610,0.999940633169949
611,1.0
612,
613,
614,1.0
615,0.9929629041846108
616,0.4537014423859687
617,0.6135521870808585
618,0.8508547563216556
619,0.4574895893403948
620,0.3907481473128845
621,0.29249132975597
622,0.3476363221890924
623,0.945295998864228
624,1.0
625,
626,
627,
628,
629,
630,
631,
632,
633,
634,
635,
636,
637,
638,
639,
640,
641,
642,
643,
644,
645,
646,
647,
648,1.0
649,0.9994882225604225
650,
651,
652,
653,
654,
655,
656,
657,
658,1.0
659,0.9998583042711787
660,
661,
662,
663,
664,
665,
666,
667,1.0
668,0.9999747517197543
669,0.999967222798125
670,1.0
671,
672,
673,1.0
674,0.996230905016644
675,0.9437082386379224
676,0.7976560139049749
677,0.44715944922057244
678,0.4973989130478654
679,0.7461841623598953
680,0.4165569601742704
681,0.3421182292624793
682,0.3064352493181606
683,0.9712060663675074
684,1.0
685,
686,
687,
688,
689,
690,
691,
692,
693,
694,
695,
696,
697,
698,
699,
700,
701,
702,
703,
704,
705,
706,
707,
708,0.9980868800641051
709,0.9958032305797605
710,0.9993805012531093
711,
712,
713,
714,
715,
716,
717,
718,0.9995567907707382
719,0.9997332169931396
720,
721,
722,
723,
724,
725,
726,
727,
728,
729,
730,
731,
732,
733,0.9995638940237188
734,0.9810399845638118
735,0.6109398590554552
736,0.6452180585080761
737,0.6343290228208461
738,0.4699029477063565
739,0.5252944256144723
740,0.589464132085028
741,0.40268452732707605
742,0.3171827570836305
743,0.6463607633437009
744,0.9816545231843213
745,
746,
747,
748,
749,
750,
751,
752,
753,
754,
755,
756,
757,
758,
759,
760,
761,
762,
763,
764,
765,
766,
767,
768,1.0
769,0.9951490695349273
770,0.999369605257287
771,
772,
773,
774,
775,
776,
777,
778,1.0
779,0.9990088683779251
780,
781,
782,
783,
784,
785,
786,
787,
788,
789,
790,
791,
792,
793,0.9961832499035171
794,0.5360642744497804
795,0.44196218638672674
796,0.5837197203929037
797,0.5209149982062612
798,0.506364690137802
799,0.3443071877728909
800,0.25798746587584986
801,0.3757168227912187
802,0.3401127130491897
803,0.36544489023733245
804,0.9391205233554509
805,
806,
807,
808,
809,
810,
811,
812,
813,
814,
815,
816,
817,
818,
819,
820,
821,
822,
823,
824,
825,
826,
827,
828,1.0
829,0.9895461935215454
830,0.9999667921675295
831,
832,
833,
834,
835,
836,
837,
838,
839,0.9997469875557615
840,
841,
842,
843,
844,
845,
846,
847,
848,
849,
850,
851,
852,1.0
853,0.9954971153080473
854,0.5740617059583979
855,0.6703418758065346
856,0.2886697710562589
857,0.47124404211187426
858,0.38231370793084296
859,0.3480534313340003
860,0.31777161523086367
861,0.33493539862856725
862,0.3541098022831768
863,0.43796987378044094
864,0.9400808843196707
865,1.0
866,
867,
868,
869,
870,
871,
872,
873,
874,
875,
876,
877,
878,
879,
880,
881,
882,
883,
884,
885,
886,
887,
888,1.0
889,0.9899526142255772
890,0.9967959961894307
891,
892,
893,
894,
895,
896,
897,
898,
899,1.0
900,
901,
902,
903,
904,
905,
906,
907,
908,
909,
910,
911,
912,1.0
913,0.970418159628379
914,0.6867536552448477
915,0.7222176852440381
916,0.5027795275880267
917,0.2867055810744622
918,0.29231050439104816
919,0.33736784854019836
920,0.351692212281895
921,0.4251084561571696
922,0.37743097847936297
923,0.333430038866684
924,0.9089401749194711
925,1.0
926,
927,
928,
929,
930,
931,
932,
933,
934,
935,
936,
937,
938,
939,
940,
941,
942,
943,
944,
945,
946,
947,
948,
949,0.993581243332944
950,0.9978810735206934
951,1.0
952,
953,
954,
955,
956,
957,
958,
959,0.9996886954137735
960,
961,
962,
963,
964,
965,
966,
967,
968,
969,
970,
971,
972,0.9968848466824594
973,0.7672294371722411
974,0.5530447868906374
975,0.6427134178925461
976,0.3557007378498267
977,0.4315905619043783
978,0.32486876856606595
979,0.5497134611081904
980,0.5625907236656101
981,0.39125304515617826
982,0.6915679092684893
983,0.5075160984278485
984,0.9264218007050175
985,
986,
987,
988,
989,
990,
991,
992,
993,
994,
995,
996,
997,
998,
999,
1000,
1001,
1002,
1003,
1004,
1005,
1006,
1007,
1008,
1009,
1010,0.9989518165166912
1011,1.0
1012,
1013,
1014,
1015,
1016,
1017,
1018,
1019,0.9992307126513668
1020,
1021,
1022,
1023,
1024,
1025,
1026,
1027,
1028,
1029,
1030,
1031,1.0
1032,0.9899264688059891
1033,0.681935964352998
1034,0.4590340799700307
1035,0.5793436385515766
1036,0.34342002115793124
1037,0.4144103531944921
1038,0.5822775235674621
1039,0.6156556786905157
1040,0.7390924451930266
1041,0.5665118009734695
1042,0.4865429909595193
1043,0.419282750982182
1044,0.9222350613521969
1045,
1046,
1047,
1048,
1049,
1050,
1051,
1052,
1053,
1054,
1055,
1056,
1057,
1058,
1059,
1060,
1061,
1062,
1063,
1064,
1065,
1066,
1067,
1068,
1069,
1070,1.0
1071,0.9993231243387326
1072,
1073,
1074,
1075,
1076,
1077,
1078,
1079,0.9952178431316782
1080,
1081,
1082,
1083,
1084,
1085,
1086,
1087,
1088,
1089,
1090,
1091,0.9918401803490428
1092,0.7306003994533867
1093,0.6901873966045118
1094,0.5572264248846388
1095,0.5385696428598216
1096,0.6283785375440353
1097,0.5609970355274684
1098,0.5406325340547711
1099,0.5765872056943534
1100,0.6103241320235918
1101,0.3994586252442706
1102,0.44039849979815354
1103,0.35960420663771786
1104,0.9613605363345289
1105,
1106,
1107,
1108,
1109,
1110,
1111,
1112,
1113,
1114,
1115,
1116,
1117,
1118,
1119,
1120,
1121,
1122,
1123,
1124,
1125,
1126,
1127,
1128,
1129,
1130,1.0
1131,1.0
1132,
1133,
1134,
1135,
1136,
1137,
1138,1.0
1139,0.9961746902848598
1140,
1141,
1142,
1143,
1144,
1145,
1146,
1147,
1148,
1149,
1150,0.9998223886496279
1151,0.9865208538575089
1152,0.728344563341384
1153,0.5242625893555456
1154,0.7172045564234968
1155,0.5206199974006364
1156,0.6689182921433853
1157,0.3741583425037835
1158,0.550404144385263
1159,0.6344832072683749
1160,0.4611109928349802
1161,0.6223358760174222
1162,0.5896192220257436
1163,0.5889598458888085
1164,0.9335798210176719
1165,0.9333961065098335
1166,0.9567473344010616
1167,
1168,
1169,
1170,
1171,
1172,
1173,
1174,
1175,
1176,
1177,
1178,
1179,
1180,
1181,
1182,
1183,
1184,
1185,
1186,
1187,
1188,
1189,
1190,
1191,1.0
1192,0.9898756878581508
1193,0.9742026376109965
1194,0.9878795654629492
1195,0.9899296978141296
1196,
1197,
1198,1.0
1199,0.9903269620854203
1200,
1201,
1202,
1203,
1204,
1205,
1206,
1207,
1208,
1209,
1210,0.99627313652924
1211,0.6472796887893444
1212,0.626715365902843
1213,0.6800661020184022
1214,0.4821504766624962
1215,0.7676160566750877
1216,0.8358917740847783
1217,0.5166588005627197
1218,0.5465003489559657
1219,0.6218620471915568
1220,0.5527635987191448
1221,0.7535869386531749
1222,0.7821746101655286
1223,0.5905430798072756
1224,0.3407701424482877
1225,0.3341839919772766
1226,0.8368323569077624
1227,0.935880885913151
1228,0.986498505250268
1229,1.0
1230,
1231,
1232,
1233,
1234,
1235,
1236,
1237,
1238,
1239,
1240,
1241,
1242,
1243,
1244,
1245,
1246,
1247,
1248,
1249,
1250,
1251,1.0
1252,0.990013578867186
1253,0.8924875628100284
1254,0.7955297217031888
1255,0.6854468900296862
1256,0.9412356764155301
1257,0.9732673696087875
1258,0.988355398810425
1259,0.8503459546841775
1260,
1261,
1262,
1263,
1264,
1265,
1266,
1267,
1268,
1269,
1270,0.9948136247418339
1271,0.6113353001859686
1272,0.6523857203316997
1273,0.6139368826410108
1274,0.5714522274349328
1275,0.6636114804248273
1276,0.6338203020607839
1277,0.6465123465174399
1278,0.5981940512340884
1279,0.44129379127296536
1280,0.4877547851291031
1281,0.5759651669219759
1282,0.7976847287658094
1283,0.5605712190592402
1284,0.43108470171994223
1285,0.5434595274441495
1286,0.5236646691362461
1287,0.44387254297669115
1288,0.930423413761142
1289,1.0
1290,
1291,
1292,
1293,
1294,
1295,
1296,
1297,
1298,
1299,
1300,
1301,
1302,
1303,
1304,
1305,
1306,
1307,
1308,
1309,
1310,
1311,
1312,0.9976548529318311
1313,0.5253064013440057
1314,0.5367981053531043
1315,0.6243343019845707
1316,0.764525638042045
1317,0.9309343440888677
1318,0.8522987001737174
1319,0.5369831316290457
1320,
1321,
1322,
1323,
1324,
1325,
1326,
1327,
1328,
1329,1.0
1330,0.9951913763248323
1331,0.7611132740386038
1332,0.627573066735724
1333,0.6103147992055852
1334,0.46235124474112493
1335,0.5750072270315748
1336,0.6112915691054229
1337,0.7755461953250372
1338,0.6385820573623456
1339,0.5297671392117052
1340,0.6430143868174928
1341,0.4340737414552501
1342,0.46549852908005823
1343,0.5067456253490152
1344,0.4756226857330317
1345,0.5093923311570531
1346,0.6032235454856624
1347,0.5199317014196704
1348,0.9304917038390377
1349,0.9905157882187536
1350,0.9999135034071817
1351,
1352,
1353,
1354,
1355,
1356,
1357,
1358,
1359,
1360,
1361,
1362,
1363,
1364,
1365,
1366,
1367,
1368,
1369,
1370,
1371,
1372,0.9991494559753477
1373,0.4650346729473032
1374,0.24255446956724522
1375,0.46483852927026237
1376,0.6726519318268137
1377,0.6469989645506105
1378,0.4728026869658681
1379,0.4995075762835192
1380,
1381,
1382,
1383,
1384,
1385,
1386,
1387,
1388,
1389,1.0
1390,0.9857918803553792
1391,0.7382583542008926
1392,0.5742458924050876
1393,0.5572965120595782
1394,0.5546956938328785
1395,0.5960015967557751
1396,0.5602653085678125
1397,0.6765817942544453
1398,0.7846735585563072
1399,0.7442523274024317
1400,0.42668959723199706
1401,0.4511473705591435
1402,0.4964070127785283
1403,0.4490510561771662
1404,0.5004439849536608
1405,0.5715459943779746
1406,0.4877138350144159
1407,0.7602896362602247
1408,0.8416621900453319
1409,0.47891758241240323
1410,0.9763557565924641
1411,0.9997134386231338
1412,
1413,
1414,
1415,
1416,
1417,
1418,
1419,
1420,
1421,
1422,
1423,
1424,
1425,
1426,
1427,
1428,
1429,
1430,
1431,1.0
1432,0.9994632863446355
1433,0.9835432052642704
1434,0.35456168173376956
1435,0.3914400189139331
1436,0.6433074667016272
1437,0.41182865637280336
1438,0.3739757899737126
1439,0.6079521351720479
1440,
1441,
1442,
1443,
1444,
1445,
1446,
1447,
1448,
1449,0.9975879904348434
1450,0.8275196477738809
1451,0.697439059951705
1452,0.5998598546077283
1453,0.6865622933063404
1454,0.8319302123760779
1455,0.5859307585842093
1456,0.5759095423262494
1457,0.49609435813962893
1458,0.5480119833213792
1459,0.6535326907488933
1460,0.4528033049031987
1461,0.6130993627820543
1462,0.6451671126497771
1463,0.4938437028013652
1464,0.4541814543003296
1465,0.4323680046615901
1466,0.3923943309636859
1467,0.5731582845533403
1468,0.7979437848759151
1469,0.7304439713625442
1470,0.504822741150202
1471,0.9566738037475776
1472,0.9923574004793726
1473,1.0
1474,
1475,
1476,
1477,
1478,
1479,
1480,
1481,
1482,
1483,
1484,
1485,
1486,
1487,
1488,
1489,
1490,
1491,0.9999847061876469
1492,0.9977522052118077
1493,0.34786977003466246
1494,0.4952421548207644
1495,0.39488248167001955
1496,0.8390430494248471
1497,0.7329291604917486
1498,0.6825941731175921
1499,0.7397684133608814
1500,
1501,
1502,
1503,
1504,
1505,
1506,
1507,
1508,
1509,0.9926669197852434
1510,0.7368065081079176
1511,0.7094047039357815
1512,0.5180627944946125
1513,0.5337688036049952
1514,0.5343053189323103
1515,0.5396846066998043
1516,0.6622501221471453
1517,0.4280047639523678
1518,0.6054389138998645
1519,0.46436949219086476
1520,0.5930081531294883
1521,0.41404738453617784
1522,0.7018901267076876
1523,0.5582430745606634
1524,0.46245954159760844
1525,0.3553573212416554
1526,0.46720442096461406
1527,0.5449737504806768
1528,0.5391068154793491
1529,0.7487787316839354
1530,0.5551283238715817
1531,0.528557135675394
1532,0.9124052471641658
1533,0.9973219439931906
1534,
1535,
1536,
1537,
1538,
1539,
1540,
1541,
1542,
1543,
1544,
1545,
1546,
1547,
1548,
1549,
1550,0.9999316301989905
1551,0.9975523471794898
1552,0.9727119797942638
1553,0.4380424052358014
1554,0.6683800023680168
1555,0.7670826891173466
1556,0.6852190474969189
1557,0.6296495791969553
1558,0.7978856881225028
1559,0.6077898550724637
1560,
1561,
1562,
1563,
1564,
1565,
1566,
1567,
1568,
1569,0.9850571802053238
1570,0.6920648841414945
1571,0.7097914767610863
1572,0.5031302007145384
1573,0.6608303661017169
1574,0.7919913432323007
1575,0.5812630449933386
1576,0.7386825641519558
1577,0.5168846006742599
1578,0.6038528654956251
1579,0.6008462069016934
1580,0.5290562515964902
1581,0.44299217957459175
1582,0.673407304757204
1583,0.4640282772363095
1584,0.4312567469271172
1585,0.4418143581487755
1586,0.4257215046326685
1587,0.6177682410489134
1588,0.47070879401275106
1589,0.8017613429181446
1590,0.3866591671246338
1591,0.4425532577939844
1592,0.7115015497837526
1593,0.9565798650636737
1594,0.9931998197364496
1595,1.0
1596,
1597,
1598,
1599,
1600,
1601,
1602,
1603,
1604,
1605,
1606,
1607,
1608,
1609,
1610,0.9996900899494708
1611,0.9163008309225877
1612,0.8717143473573356
1613,0.5628863194278345
1614,0.6454447599802592
1615,0.6895269536133283
1616,0.5087622579875942
1617,0.682691243219307
1618,0.6252167517063151
1619,0.804876854458607
1620,
1621,
1622,
1623,
1624,
1625,
1626,
1627,
1628,1.0
1629,0.9780492977147507
1630,0.7454896917954276
1631,0.7193557313210991
1632,0.42272056136611874
1633,0.4770819282177388
1634,0.7688011766426895
1635,0.5659943838521767
1636,0.7539119017102305
1637,0.7304599154311165
1638,0.7411704338994743
1639,0.616102895080657
1640,0.5788528250002362
1641,0.5427454446218927
1642,0.5428491448646265
1643,0.3989904266511258
1644,0.45704178348476776
1645,0.3642763348340216
1646,0.44950287923149723
1647,0.413766424434514
1648,0.5165713881972808
1649,0.35360746153393835
1650,0.3807439686181582
1651,0.2755751489610355
1652,0.7120679801054594
1653,0.47847240675559405
1654,0.9114211112674738
1655,0.8629980369085004
1656,0.9792007873979588
1657,1.0
1658,
1659,
1660,
1661,
1662,
1663,
1664,
1665,
1666,
1667,
1668,
1669,0.999652451140538
1670,0.9904375563249368
1671,0.8806565079892875
1672,0.5599788390641216
1673,0.41754444478612013
1674,0.70316968337326
1675,0.6535250072216203
1676,0.7140523440432132
1677,0.787522200009772
1678,0.8990763583686778
1679,0.800802104805341
1680,
1681,
1682,
1683,
1684,
1685,1.0
1686,
1687,
1688,1.0
1689,0.9888641003690123
1690,0.6815809788045503
1691,0.617718550448931
1692,0.3970706280894758
1693,0.6144601193581251
1694,0.5511580918758014
1695,0.47273859840123045
1696,0.6347306502771287
1697,0.5836291514282049
1698,0.5855569857574392
1699,0.6638776584906756
1700,0.6401858538025014
1701,0.5796142740040953
1702,0.5600313749374792
1703,0.506777590787569
1704,0.41239564063290834
1705,0.42453237137497785
1706,0.4600557946564985
1707,0.5554665378353897
1708,0.794941876338532
1709,0.5390229909262149
1710,0.45090270612709316
1711,0.3539432181061683
1712,0.5802431718483423
1713,0.5274840774478595
1714,0.4742160449865618
1715,0.4420107767990988
1716,0.5303788761522452
1717,0.9642128022014659
1718,1.0
1719,
1720,
1721,
1722,
1723,
1724,
1725,
1726,
1727,
1728,1.0
1729,0.9480470304278396
1730,0.6685983579095307
1731,0.6634959783825506
1732,0.8037715203038549
1733,0.4466147122740544
1734,0.40936378892704917
1735,0.46073796721742966
1736,0.5757655444637292
1737,0.6931313084946243
1738,0.2636755291251494
1739,0.4095498662405373
1740,
1741,
1742,
1743,1.0
1744,0.9980226279046646
1745,0.9811772555085224
1746,0.9850797366644962
1747,0.9900314240329373
1748,1.0
1749,0.9626834770637175
1750,0.4457573968168907
1751,0.600044072809515
1752,0.623488788381978
1753,0.5580465831856359
1754,0.5390827783280571
1755,0.6445191019876165
1756,0.5559895139824051
1757,0.5363225827352927
1758,0.5388154072148634
1759,0.605610757283639
1760,0.7919608308965524
1761,0.6793467913655942
1762,0.5901795391565586
1763,0.6515884051985453
1764,0.6914233968827285
1765,0.6312918853590543
1766,0.6742493772418044
1767,0.6676593064896638
1768,0.5427617462046894
1769,0.45427094285582453
1770,0.31021827815895714
1771,0.4525555982277005
1772,0.5469689073423667
1773,0.552138716608823
1774,0.5452566499797372
1775,0.555480780453916
1776,0.25073572196043087
1777,0.6504835978578672
1778,0.9977226152973083
1779,
1780,
1781,
1782,
1783,
1784,
1785,
1786,
1787,1.0
1788,0.9695854410003748
1789,0.8990669269528136
1790,0.765427987328383
1791,0.3566783531948239
1792,0.6087630562772043
1793,0.45141068927042166
1794,0.4618862283579843
1795,0.5253115783815873
1796,0.3058522782798414
1797,0.7698131543358228
1798,0.20793632083731717
1799,0.4643921603974073
1800,
1801,
1802,1.0
1803,0.9207163220953808
1804,0.9181435586912836
1805,0.6665397273917004
1806,0.6330096570621289
1807,0.894613121131452
1808,0.9935335141819085
1809,0.8982540396322115
1810,0.4558293784767716
1811,0.8403602169301799
1812,0.6346763454461471
1813,0.6587571714588726
1814,0.5243739699280888
1815,0.5853777801986935
1816,0.5470581246653184
1817,0.4923554355750535
1818,0.611314105197702
1819,0.6186284226488624
1820,0.7556642281837855
1821,0.6444506621996196
1822,0.584449560836224
1823,0.5779219502250288
1824,0.5829694925136267
1825,0.5593733542326924
1826,0.5430042802625271
1827,0.4702111040300985
1828,0.44957340980411714
1829,0.3760557845186294
1830,0.34606573539371666
1831,0.5373473393610421
1832,0.6069497165349911
1833,0.7208585363934619
1834,0.7356820387122399
1835,0.6142596511885232
1836,0.4719287681472786
1837,0.88043848926249
1838,0.9930310129980596
1839,1.0
1840,1.0
1841,1.0
1842,1.0
1843,
1844,
1845,
1846,
1847,0.9930766173379616
1848,0.914628208160582
1849,0.8113755494870852
1850,0.32199728479168716
1851,0.3172671988684871
1852,0.23512228292955328
1853,0.4229953123328796
1854,0.4049199830125441
1855,0.4288455815452079
1856,0.8027998437897188
1857,0.47119019684526137
1858,0.5855704697986578
1859,0.3939791436429567
1860,
1861,1.0
1862,0.9868447652937792
1863,0.8053496380180301
1864,0.5580302629403403
1865,0.6531499943986799
1866,0.511405843358872
1867,0.5327413560828419
1868,0.9409748282306779
1869,0.7702530529890694
1870,0.6414341457817464
1871,0.8286005078627875
1872,0.7527254997181271
1873,0.5970506050041019
1874,0.47591368515425564
1875,0.4744393656594878
1876,0.46071759141814733
1877,0.4324448130569874
1878,0.3106709012567259
1879,0.40187832116354777
1880,0.49559969168759505
1881,0.46874631473706296
1882,0.7075746933808057
1883,0.6080417480525997
1884,0.4714117538037336
1885,0.7332596267086667
1886,0.5929295624253147
1887,0.5380360112044456
1888,0.47737184156746065
1889,0.4889272137592648
1890,0.48597883320805474
1891,0.7624645428688361
1892,0.42259395096823354
1893,0.44820264532789017
1894,0.3760862365933281
1895,0.5084065181097498
1896,0.581928244101253
1897,0.3187882832831991
1898,0.801461245307491
1899,0.9431807460650418
1900,0.9491550671224004
1901,0.9803612933165297
1902,0.9872349029433373
1903,0.9920427659354889
1904,0.9773422122331432
1905,0.979330180672636
1906,1.0
1907,0.9243595805052259
1908,0.5323597383359121
1909,0.4173585759144877
1910,0.1750502472537715
1911,0.2724317295188557
1912,0.7958806514043584
1913,0.4257727060035957
1914,0.3141086094459136
1915,0.43943202678905274
1916,0.4915588355667135
1917,0.8536582294450216
1918,0.3657142857142857
1919,0.4058586762075134
1920,
1921,0.9958890071461223
1922,0.9402785990783112
1923,0.8716336775918769
1924,0.6404998049199985
1925,0.5810578625245021
1926,0.4265224204679699
1927,0.4533421176577741
1928,0.5492575621497878
1929,0.6100821256873517
1930,0.5315750599881267
1931,0.6058878484382073
1932,0.6301406970419755
1933,0.6289505359393738
1934,0.6280253454313716
1935,0.6883799726829056
1936,0.7161625781887371
1937,0.7552978212209513
1938,0.5362898678636399
1939,0.4083705740543843
1940,0.28160208012047333
1941,0.5338751905948064
1942,0.6279787897441941
1943,0.5535016708217756
1944,0.5232585931014029
1945,0.6144893169924289
1946,0.580696757903361
1947,0.6578791953467319
1948,0.5563902487078707
1949,0.41810571536960567
1950,0.4571908254966395
1951,0.4511910954240017
1952,0.3730827148450823
1953,0.5654355496446575
1954,0.2668994644037031
1955,0.3608578632707761
1956,0.6364627370737733
1957,0.3820387414159494
1958,0.2887797769719981
1959,0.49913264851087175
1960,0.8202232241556323
1961,0.7067340266258649
1962,0.7880751182203659
1963,0.8256918470042062
1964,0.8076172590321479
1965,0.9104967246559124
1966,0.922203455536278
1967,0.9699351164210935
1968,0.4542497200698024
1969,0.3965372858639096
1970,0.2939964157706093
1971,0.27675934254155127
1972,0.5599796365292524
1973,0.546128876176159
1974,0.5502281099969694
1975,0.3308730806716459
1976,0.33896806765515164
1977,0.6674288317527405
1978,0.463513722635182
1979,0.5786381949208936
1980,
1981,0.9991323151229768
1982,0.9935007481078774
1983,0.9753623610542514
1984,0.8986650261883932
1985,0.6555936364188095
1986,0.4796205937583937
1987,0.41354126069483627
1988,0.17389219739558562
1989,0.3468758840763171
1990,0.41894533144633167
1991,0.49393900545377384
1992,0.4847073999877733
1993,0.398820216440857
1994,0.3758251218245792
1995,0.4643244912443636
1996,0.3924928531427831
1997,0.4586811193072693
1998,0.6635284375955367
1999,0.6917890188115036
2000,0.513647025611487
2001,0.37379430746978765
2002,0.4254891319847287
2003,0.8369083176821593
2004,0.7178248073927005
2005,0.57803128753338
2006,0.5607585624416386
2007,0.5797827334817497
2008,0.5196895622289063
2009,0.8293045261237243
2010,0.5177054342897834
2011,0.36210131024251874
2012,0.48369718844291293
2013,0.46362774095011033
2014,0.3693579234803772
2015,0.37075278603533407
2016,0.5176063695619867
2017,0.6500336511139931
2018,0.21321818546384266
2019,0.19539710666297294
2020,0.6725101850649451
2021,0.5721957362507977
2022,0.5599341891935415
2023,0.4525042034234832
2024,0.6857899962574016
2025,0.9203017433665054
2026,0.6870105542075006
2027,0.9320342799491028
2028,0.6833539620238841
2029,0.399889532077802
2030,0.27383452152637017
2031,0.3531416959610792
2032,0.5076823390600366
2033,0.643349540784605
2034,0.2043703882748065
2035,0.6464245845764413
2036,0.3844312687167415
2037,0.5928584363630375
2038,0.5478407134051488
2039,0.44512626342367095
2040,0.9844047556310443
2041,0.9048188222698998
2042,0.47709919599651957
2043,0.38243129637042134
2044,0.6902979700755459
2045,0.6215007393552981
2046,0.21631795257467065
2047,0.2355148700563653
2048,0.31902133321052084
2049,0.4165166357336483
2050,0.517268394363662
2051,0.6935571472746899
2052,0.46137881836681943
2053,0.44618420827102145
2054,0.3810237279877335
2055,0.4025883556615668
2056,0.36482796416737684
2057,0.2567048319063147
2058,0.5655331335241761
2059,0.5047358881168154
2060,0.690246960684589
2061,0.6066117354092365
2062,0.5623153054716999
2063,0.5368834678569367
2064,0.46014068662440755
2065,0.634090155746526
2066,0.6546526405024161
2067,0.56174992413784
2068,0.46720286776170195
2069,0.5434066892113266
2070,0.5618535465589863
2071,0.43087604354631875
2072,0.4234849669514025
2073,0.3652094746352312
2074,0.5860403261945643
2075,0.5896721104906494
2076,0.6552053153835362
2077,0.4185329256974897
2078,0.3123499472894165
2079,0.326872473345925
2080,0.3563604511201368
2081,0.2581274585277553
2082,0.2954636756027376
2083,0.3147701993214353
2084,0.5608502082403742
2085,0.7608805558607367
2086,0.188163543174065
2087,0.7010615004472868
2088,0.2991493059766318
2089,0.20174603174603176
2090,0.33351682519525316
2091,0.34052155265167855
2092,0.6043567413200209
2093,0.20541849724005856
2094,0.6455474084272609
2095,0.5958308591000527
2096,0.4562575834279304
2097,0.7007603408476787
2098,0.4811682842747281
2099,0.4935029530974537
2100,0.7965029524827706
2101,0.6084866087507473
2102,0.54965060217044
2103,0.5741386953735426
2104,0.5620826401183548
2105,0.23461738409293123
2106,0.3114613092889022
2107,0.251647761722117
2108,0.3331607307232777
2109,0.4259120150129872
2110,0.5798417833749315
2111,0.46467727201802767
2112,0.48665998452356923
2113,0.7205917896985498
2114,0.3993784393750092
2115,0.4228226816552992
2116,0.5394759002710429
2117,0.5849058881793688
2118,0.38019656139806873
2119,0.5738872238830344
2120,0.34864507710092885
2121,0.4994852906739316
2122,0.4358920716574526
2123,0.46997634591228893
2124,0.3852595386962363
2125,0.4697529206328252
2126,0.47412520956004917
2127,0.4273952974950339
2128,0.5241219476495305
2129,0.40365036901391393
2130,0.3854058460200908
2131,0.37909297975201134
2132,0.3205586432631636
2133,0.47334180118103913
2134,0.5550447543769418
2135,0.7638834517353473
2136,0.46512794061929336
2137,0.6753157882473775
2138,0.3848528132455897
2139,0.2647291281410588
2140,0.22072237095325253
2141,0.19983990527521064
2142,0.4394156202746971
2143,0.4056540727736837
2144,0.41492974156681584
2145,0.48020720216156804
2146,0.21219689746300818
2147,0.49206536768919523
2148,0.20835499988695713
2149,0.42332654565548716
2150,0.23289402451254468
2151,0.3366996272820671
2152,0.5072568530623888
2153,0.6481456440161261
2154,0.33144221228516874
2155,0.20564040016220456
2156,0.34428675484493027
2157,0.7383334966273768
2158,0.4504332099596231
2159,0.657030423278641
2160,0.5320377091982845
2161,0.570442612015833
2162,0.4780027943129978
2163,0.4026532743506763
2164,0.49241763357737284
2165,0.1783653103798086
2166,0.3624127326258027
2167,0.41561842163743395
2168,0.4493785540696815
2169,0.6754760319346728
2170,0.42506880360222876
2171,0.7146094906438564
2172,0.54244414142753
2173,0.41581037943250415
2174,0.69032096777031
2175,0.7138107595782759
2176,0.4806489740236081
2177,0.4597981776570379
2178,0.40287663683377994
2179,0.43033876897364176
2180,0.49334937555984143
2181,0.4328684131385628
2182,0.6282275522420547
2183,0.4666126853868649
2184,0.3859367107025549
2185,0.7131448138880732
2186,0.8285637723506524
2187,0.5934535702630689
2188,0.539444414212194
2189,0.8614480731651297
2190,0.602777206056739
2191,0.4008985355829247
2192,0.24418684476844943
2193,0.2917133823505466
2194,0.5445891051784427
2195,0.533641308777803
2196,0.3962096125167566
2197,0.44415717269315164
2198,0.6499189851096242
2199,0.2775027614288195
2200,0.33320880914918977
2201,0.4191130486568217
2202,0.24732206870746185
2203,0.40006414041709387
2204,0.19779730110861538
2205,0.2935212811479835
2206,0.25701252461639124
2207,0.168461892821788
2208,0.21259556805401025
2209,0.5358886254453848
2210,0.44299503635297083
2211,0.3915887254504897
2212,0.3620615030930747
2213,0.49728859141625215
2214,0.2243558855766776
2215,0.19445012620276425
2216,0.47542095672571943
2217,0.5294493773574066
2218,0.5488248260448005
2219,0.6759796309011867
2220,0.4666051621482676
2221,0.2932436412720696
2222,0.27664668031338674
2223,0.18452986494704657
2224,0.7450833955688325
2225,0.32451006498405083
2226,0.23799158081780059
2227,0.2307762061443778
2228,0.30606978659939515
2229,0.3564392958960358
2230,0.44943902167571376
2231,0.5800517510022479
2232,0.3638229527688986
2233,0.3347761965520954
2234,0.7522267136011652
2235,0.8928122245738314
2236,0.5143591543721271
2237,0.429622441251902
2238,0.41761056981007444
2239,0.39168758815945864
2240,0.6378766304941361
2241,0.5265047302562772
2242,0.5104450727900525
2243,0.5155491215116257
2244,0.46465361266637956
2245,0.31845723482439436
2246,0.37353825196897267
2247,0.41904221874856745
2248,0.5583965314307341
2249,0.4924007091858978
2250,0.562736365166872
2251,0.6732728432467757
2252,0.5535083840797622
2253,0.1355929652866462
2254,0.2422191835323105
2255,0.2081712694678841
2256,0.4061570980933577
2257,0.5696330439296846
2258,0.4370155856426789
2259,0.439738160977533
2260,0.32223410737571107
2261,0.2803053899289239
2262,0.21734549413128776
2263,0.4673256785656729
2264,0.2355813348341039
2265,0.20616771412987153
2266,0.27222431901508887
2267,0.20849184763059078
2268,0.2794060653516064
2269,0.2825846615199345
2270,0.43599850165505966
2271,0.45557170265433355
2272,0.7297309465087588
2273,0.4322892061170244
2274,0.27090038892741025
2275,0.3211360623924828
2276,0.3419603510755174
2277,0.2106321453227594
2278,0.5744179584760499
2279,0.692560626356468
2280,0.5528391982399464
2281,0.2934483756002771
2282,0.22504918194007265
2283,0.2123684852059076
2284,0.3106060606060606
2285,0.16666666666666666
2286,0.23260486691637935
2287,0.2585494283146074
2288,0.21267481833342364
2289,0.30605236939583597
2290,0.3592344007390234
2291,0.5521491192455108
2292,0.27116286911281184
2293,0.37716842157388486
2294,0.4060227788898733
2295,0.46026598137010183
2296,0.5501692166373947
2297,0.4486250369557871
2298,0.36756410176491355
2299,0.526159243808693
2300,0.6300363586042115
2301,0.4705764603347014
2302,0.4608306676096204
2303,0.351554451235584
2304,0.46271920471471023
2305,0.34496928387280157
2306,0.5096274172522443
2307,0.47890682383257627
2308,0.49118686606464185
2309,0.5848747638870996
2310,0.5102033902034516
2311,0.4198931294464241
2312,0.6121365694486427
2313,0.5314807261061484
2314,0.21345953495061032
2315,0.2819490391516695
2316,0.27534579391027086
2317,0.28533784560663134
2318,0.3332956084595911
2319,0.3612567478560975
2320,0.2286258628930922
2321,0.32831973143244597
2322,0.23462002857177475
2323,0.4653500137548589
2324,0.1657583740754422
2325,0.23556460365508833
2326,0.34836517171797454
2327,0.22948749319280046
2328,0.23430890843771726
2329,0.3701837623488116
2330,0.21644080797749934
2331,0.21062610747315091
2332,0.33133173205230854
2333,0.7483614809762256
2334,0.6465043463274041
2335,0.3258097091841404
2336,0.9219800636081655
2337,0.38337165432877485
2338,0.6726472743304708
2339,0.4121224020841921
2340,0.44382530876048715
2341,0.45724829656044075
2342,0.2878286013935486
2343,0.7662588746194622
2344,0.17991169977924945
2345,0.16929849868196267
2346,0.725925075140064
2347,0.23960541954728465
2348,0.3753653835487271
2349,0.30223025703443834
2350,0.27881533708692996
2351,0.3361865001126932
2352,0.2980742789976483
2353,0.32351011976726357
2354,0.6466640271531449
2355,0.3469272577959073
2356,0.5096230747027061
2357,0.5622156834464833
2358,0.4218782542560544
2359,0.6660054032985406
2360,0.4051370863289843
2361,0.46572285209825454
2362,0.42732571790941143
2363,0.5585964172548973
2364,0.4812177179373824
2365,0.5415175460524974
2366,0.37815665332371307
2367,0.3102528256794248
2368,0.2918084582565063
2369,0.34334700849405
2370,0.4653168393388536
2371,0.3411108310916889
2372,0.34549426975495207
2373,0.35075619901610217
2374,0.33797923999129487
2375,0.28171828319234454
2376,0.21122038659205244
2377,0.22357444479108668
2378,0.17420575345320785
2379,0.2249218851326135
2380,0.19484219678707737
2381,0.2801224416069143
2382,0.2558571911552738
2383,0.4591595622479689
2384,0.45583621987893386
2385,0.24503893848310157
2386,0.3958050623082763
2387,0.7458520812090937
2388,0.2365710287175434
2389,0.5555082947405553
2390,0.32510873984862426
2391,0.23422832767144805
2392,0.2174242424242424
2393,0.3069429364217638
2394,0.6604621744509169
2395,0.6237135635445925
2396,0.43040867255924103
2397,0.3305510422085713
2398,0.7996328374902957
2399,0.6887345242964876
2400,0.5259367130278675
2401,0.4894088020549288
2402,0.7334277124619789
2403,0.6971115271462959
2404,0.6488095238095238
2405,0.2596969696969697
2406,0.22455322455322455
2407,0.3509544787077827
2408,0.33838821490467935
2409,0.5439919694744403
2410,0.3995890687113801
2411,0.3016601438483474
2412,0.43230867819450025
2413,0.36313981815348645
2414,0.302658763015972
2415,0.31611247919499263
2416,0.34074405269474006
2417,0.4579223446648981
2418,0.5625005688849698
2419,0.6333033299497576
2420,0.3334532436222261
2421,0.36111289707030836
2422,0.5222576707604488
2423,0.5250508610730784
2424,0.3441641220326109
2425,0.27680478996105273
2426,0.2762322293842205
2427,0.22353777439059896
2428,0.3046664476496984
2429,0.37297469419347234
2430,0.33150373182955584
2431,0.340503685527293
2432,0.31855024658300257
2433,0.28063057676534897
2434,0.2234287859064653
2435,0.18212274909169646
2436,0.1756517881544114
2437,0.32093133469349633
2438,0.19496605594229768
2439,0.24443381120128463
2440,0.3284705102262299
2441,0.41260034526885486
2442,0.3172619753171298
2443,0.3179695301173654
2444,0.5008379311923405
2445,0.4370063070903465
2446,0.4028352342962969
2447,0.5341447196955668
2448,0.38816470763671024
2449,0.2201892612273781
2450,0.292169550537079
2451,0.31829038263737924
2452,0.7250090411267301
2453,0.22202328192400875
2454,0.1628869260762314
2455,0.6512055717333654
2456,0.551496503403068
2457,0.39737651276158825
2458,0.27180789176461095
2459,0.6543659784795247
2460,0.4295834336688911
2461,0.6320773699576295
2462,0.48093661748602384
2463,0.6688388625592417
2464,0.31681846046063583
2465,0.2094645295106892
2466,0.29984598151778213
2467,0.14526826534696408
2468,0.4035347989713914
2469,0.43507787125017655
2470,0.4085349686535123
2471,0.21197958930024116
2472,0.272903750154276
2473,0.3847740790063771
2474,0.3747464738752522
2475,0.3572536087832518
2476,0.20071023056872586
2477,0.24844084572788197
2478,0.42623605325188424
2479,0.4249291042901835
2480,0.5195560195325823
2481,0.42152092995751356
2482,0.34356937006616367
2483,0.16541788312818345
2484,0.22805868363125534
2485,0.2632371224217322
2486,0.3241289360738018
2487,0.3634749379661087
2488,0.38807412424410265
2489,0.36780774442822456
2490,0.21435112557530464
2491,0.21783329878188554
2492,0.3179279916360171
2493,0.15130591836931348
2494,0.18517342253592783
2495,0.17376603711060454
2496,0.1882894692791952
2497,0.4186475756660531
2498,0.44281221773904944
2499,0.16259790211240444
2500,0.44799796407839115
2501,0.4392604386752088
2502,0.2841778637052765
2503,0.27697891695132876
2504,0.30033960588744507
2505,0.41590981597427445
2506,0.3470972326952457
2507,0.3017830320164089
2508,0.43777573713340917
2509,0.475742369148415
2510,0.4496683772600019
2511,0.42294300840831384
2512,0.39990424642076494
2513,0.23906853761600402
2514,0.2530689329556185
2515,0.2534328665926439
2516,0.5191630247762149
2517,0.35382921607739365
2518,0.267917807645539
2519,0.4762021259871849
2520,0.4674713012896843
2521,0.552985548969562
2522,0.7427064623429408
2523,0.1388888888888889
2524,0.16461810353991707
2525,0.2834118873455965
2526,0.2688425799857123
2527,0.29301176275972896
2528,0.36244549623181427
2529,0.4259905470635558
2530,0.3573382100962172
2531,0.4723404797125706
2532,0.34479322371699056
2533,0.3653759921718435
2534,0.33669222222916323
2535,0.1639784946236559
2536,0.2470128110372013
2537,0.12694092618479452
2538,0.16482943350371967
2539,0.19714699949153217
2540,0.22037143197924303
2541,0.16283303943283695
2542,0.1309971947115966
2543,0.21248939487576582
2544,0.14076498305688723
2545,0.1812049229474695
2546,0.31266596586346423
2547,0.3145300402547686
2548,0.23065157425556368
2549,0.21389422910956332
2550,0.2043242938535741
2551,0.3877724110916891
2552,0.3638858550399913
2553,0.2510693791001593
2554,0.2299051577806105
2555,0.4124400227494673
2556,0.5106706410031339
2557,0.5109509991756566
2558,0.6142456461579132
2559,0.5180594985338386
2560,0.5585688539142737
2561,0.6235662655740267
2562,0.5271407043774002
2563,0.5071452593593021
2564,0.5029922935233414
2565,0.3762101000195907
2566,0.6406215836877482
2567,0.4822178308279719
2568,0.3087340614167525
2569,0.39657153808921053
2570,0.3684303329180419
2571,0.3475902301697174
2572,0.35907878679701294
2573,0.4559793543176179
2574,0.3480862894964169
2575,0.33930977701707704
2576,0.4149977140519486
2577,0.2890800544205102
2578,0.4247471637246703
2579,0.5007396507099396
2580,0.46243925584742446
2581,0.43389807423915866
2582,0.47271717590270607
2583,0.7436679710237996
2584,0.8619346193681475
2585,0.3704819277108434
2586,0.40793010752688175
2587,0.42188708376541073
2588,0.29866910838426725
2589,0.3254824751593485
2590,0.5612230269820832
2591,0.4166666666666667
2592,0.46228359439406436
2593,0.41923076923076924
2594,0.42547568710359407
2595,0.25308641975308643
2596,0.1853482786228983
2597,0.23903593384752564
2598,0.17656886829783022
2599,0.18028486853997638
2600,0.15031001872105013
2601,0.25791246966549314
2602,0.2316139216900671
2603,0.16733041863560083
2604,0.21348554196869918
2605,0.2224019722713472
2606,0.29330841930892504
2607,0.2793315784718533
2608,0.34735590659450355
2609,0.36679946688881965
2610,0.3122267414786511
2611,0.429461206145129
2612,0.4400007820699458
2613,0.38630195452694865
2614,0.4787290013068554
2615,0.3200495132140765
2616,0.6344265368682876
2617,0.7265163569123537
2618,0.6665265891801745
2619,0.748235436088534
2620,0.7789784124868412
2621,0.7729202787486664
2622,0.7302436131678153
2623,0.5550336378449231
2624,0.7232420228494164
2625,0.668986849755982
2626,0.6154416309054024
2627,0.7276711464256125
2628,0.7269025742054773
2629,0.8307202774695363
2630,0.4456460508992106
2631,0.4605132939438699
2632,0.5683156523639521
2633,0.44853532637248233
2634,0.45963136254084125
2635,0.4646051901384096
2636,0.3995151241962156
2637,0.5926606271431668
2638,0.4696756221459804
2639,0.41253342823278566
2640,0.1515075950470052
2641,0.2747568879212538
2642,0.4987815441656942
2643,0.5536333220896127
2644,0.789157972174176
2645,0.45318352059925093
2646,0.23579545454545456
2647,0.33101851851851855
2648,0.515625
2649,0.4617006888002558
2650,0.7372288011237708
2651,0.2895440038539126
2652,0.47289972899729
2653,0.6084939329050678
2654,0.7189631582124388
2655,0.22151555947572846
2656,0.4631436554430255
2657,0.2771146359295243
2658,0.24270723745100287
2659,0.17202040069692714
2660,0.42724718077489277
2661,0.3650453039862827
2662,0.1659725332688938
2663,0.14477569739708349
2664,0.2161796419745804
2665,0.22186570567424987
2666,0.38714110521972694
2667,0.44572846019182016
2668,0.37145804074482486
2669,0.21996294844780673
2670,0.3237144022130191
2671,0.5531465562641749
2672,0.6000695622013396
2673,0.4061659286930394
2674,0.5443798125863818
2675,0.8226562168721333
2676,0.7863464963524747
2677,0.6561429243179667
2678,0.6542395369429396
2679,0.6157916329154813
2680,0.678223699875888
2681,0.6499153740215607
2682,0.6505085995175052
2683,0.8074418586397069
2684,0.7735546229067563
2685,0.7338102027729461
2686,0.5938602443746632
2687,0.8749025736356911
2688,0.48149461909084335
2689,0.6393972931619899
2690,0.46858561390244685
2691,0.4551750119251004
2692,0.6018564425164543
2693,0.611354770344625
2694,0.5059840205969044
2695,0.31003671989803844
2696,0.4294044978148537
2697,0.5430493746368822
2698,0.5907481378074458
2699,0.3619569682122497
2700,0.3622930311387571
2701,0.24603093609933324
2702,0.4284520828975423
2703,0.34835616319075474
2704,0.526499911012428
2705,0.5935768116078167
2706,0.5372290065055784
2707,0.45978009259259256
2708,0.4318181818181818
2709,0.39299242424242425
2710,0.31822704033382126
2711,0.2761673521298908
2712,0.41008771929824567
2713,0.4563008130081301
2714,0.5240916798445329
2715,0.2923046347785154
2716,0.2425953581131445
2717,0.27392210410104884
2718,0.37230456875869794
2719,0.20289940595617453
2720,0.30907632913291866
2721,0.2142739000015358
2722,0.18004876868184203
2723,0.5339603409663762
2724,0.39806828829953794
2725,0.23435713996423777
2726,0.47143713468068077
2727,0.5860970640666497
2728,0.46930401826885343
2729,0.4601387594515351
2730,0.7629902934746228
2731,0.5885574172864013
2732,0.7082549303493267
2733,0.5672909440560583
2734,0.6992641493652038
2735,0.9674222355568992
2736,0.378194234386604
2737,0.5160506380875423
2738,0.45163505590505676
2739,0.7001200998977087
2740,0.3857435121955975
2741,0.6166585155575811
2742,0.32571364068298064
2743,0.5592912818585205
2744,0.9437779637828593
2745,0.9570706725094191
2746,0.7879175051514267
2747,0.5050310489235063
2748,0.6084796294429823
2749,0.2766690649731109
2750,0.588047264294184
2751,0.4358159110197155
2752,0.49094932020051996
2753,0.7421452534205314
2754,0.6811204172695146
2755,0.5125426346207982
2756,0.6092816943783187
2757,0.6465232612241167
2758,0.5305480396423575
2759,0.47489398014812506
2760,0.13971711269071604
2761,0.3634013665504167
2762,0.40469539604970994
2763,0.2157066944889823
2764,0.24709183925746836
2765,0.5922693198765859
2766,0.5953188292201629
2767,0.18817347528764097
2768,0.29707160272816696
2769,0.2634746206174778
2770,0.167220283079362
2771,0.15680384373166187
2772,0.3365530471214653
2773,0.6091832503935107
2774,0.24343809487469736
2775,0.3411771279944322
2776,0.22688860192123306
2777,0.2632145426512256
2778,0.2816225770583977
2779,0.26156986945626515
2780,0.28156803521395396
2781,0.3737239776802019
2782,0.509782523758055
2783,0.5177493197284962
2784,0.5335564084131302
2785,0.43655646020156785
2786,0.4373316195804775
2787,0.5598304601664138
2788,0.5714856036348401
2789,0.7293141518870397
2790,0.5513157032104218
2791,0.5587236094216578
2792,0.4423187058151146
2793,0.47497576506141775
2794,0.649425194624157
2795,0.6782437252976696
2796,0.5140618579393049
2797,0.45101723202110344
2798,0.7873216216540437
2799,0.48377777596663923
2800,0.45893790569375253
2801,0.3910477503780348
2802,0.37079738827891773
2803,0.47939230916964215
2804,0.871051656740772
2805,0.775984171804752
2806,0.5700694258997966
2807,0.5893977963428402
2808,0.5558822632229964
2809,0.6437709073911896
2810,0.653012779960525
2811,0.6524367448480862
2812,0.608181118697496
2813,0.5478426391601897
2814,0.7442872834320169
2815,0.6550300224132913
2816,0.7743072020827452
2817,0.7871014702923915
2818,0.7067341430872852
2819,0.617966132638341
2820,0.19606270113272742
2821,0.24266015881071704
2822,0.2529265900792438
2823,0.3462995833333333
2824,0.2655042105513214
2825,0.545599316768335
2826,0.5693622339733663
2827,0.3229156757581111
2828,0.38565674790173593
2829,0.5619412682437187
2830,0.23200345089246213
2831,0.35379049973395277
2832,0.18530091111807181
2833,0.3970168442448858
2834,0.2922787069707999
2835,0.2162636364527217
2836,0.2363451416171749
2837,0.30206605485013127
2838,0.2934686317034983
2839,0.27955663535393627
2840,0.40131081098203564
2841,0.6966347192460364
2842,0.2697441830937003
2843,0.3242345769792299
2844,0.5406283378709209
2845,0.3807701275948558
2846,0.38440397732869364
2847,0.5691886511187803
2848,0.7882971026775617
2849,0.6983942243404276
2850,0.5867807843213163
2851,0.6535739230526302
2852,0.4645001654505907
2853,0.5256753000563695
2854,0.4933200405652996
2855,0.900175686236636
2856,0.6389356271026094
2857,0.6404008661069952
2858,0.33587606247644713
2859,0.34227417958374057
2860,0.33601341536547985
2861,0.24578452898617006
2862,0.39252771754185084
2863,0.42974084148701497
2864,0.4363566693355367
2865,0.44436659520394634
2866,0.5302597250825184
2867,0.5638479831184634
2868,0.4721917411591761
2869,0.4420648619462673
2870,0.5564743921749624
2871,0.6213616401805776
2872,0.6261390920589408
2873,0.6849159611493301
2874,0.6669473435273181
2875,0.50003147051868
2876,0.6415020656605407
2877,0.7019216421679891
2878,0.6966671592291195
2879,0.46850407061789534
2880,0.2902259105578608
2881,0.2563839749245544
2882,0.1850582590815627
2883,0.5291471048513302
2884,0.19075588549208355
2885,0.6071320401972821
2886,0.589289051742798
2887,0.44874067989375016
2888,0.31517694169846
2889,0.310414254441338
2890,0.3209770873921983
2891,0.3118459514689805
2892,0.2510574814782706
2893,0.4122766597502039
2894,0.28971811875957587
2895,0.21027700203570177
2896,0.22557895313662582
2897,0.2546812413728082
2898,0.3639875370797361
2899,0.42940412277105455
2900,0.73479014325145
2901,0.6148252454400177
2902,0.4414534607937741
2903,0.3874022879200572
2904,0.6197059634860461
2905,0.5474575573372716
2906,0.6175125968830036
2907,0.6981495847667113
2908,0.7828226965897848
2909,0.4678049568533838
2910,0.44191501291401
2911,0.5235902979419956
2912,0.9013264795949408
2913,0.9556351823415942
2914,0.5894838440773192
2915,0.4652913690326273
2916,0.9538634018414996
2917,0.2972527666450263
2918,0.20162624552035377
2919,0.20619554731496792
2920,0.20045031054493523
2921,0.8403660004140957
2922,0.3118554874173828
2923,0.24545417453444543
2924,0.45977982452210164
2925,0.42437282580179153
2926,0.7886397231499099
2927,0.7163662139634038
2928,0.4224704604990753
2929,0.5186696026713368
2930,0.6261860336964501
2931,0.7987968446656981
2932,0.7531716596088031
2933,0.5251031082674145
2934,0.5993919111239633
2935,0.7271093215685375
2936,0.5590794155612918
2937,0.5675856650822698
2938,0.49954647579451744
2939,0.5853994625931357
2940,0.28186575948714626
2941,0.4948027712878913
2942,0.7346936121514772
2943,0.4360971140632158
2944,0.2859606911603889
2945,0.46531979666235634
2946,0.528138614387419
2947,0.5405758556700382
2948,0.49227592028166584
2949,0.17541194415386055
2950,0.18143559598400763
2951,0.29389941525011615
2952,0.15850141114301705
2953,0.3274001648479139
2954,0.2358896264161611
2955,0.2872723882677
2956,0.4081187928849644
2957,0.5777444812045653
2958,0.2601941123931986
2959,0.4480357336996303
2960,0.49404267946369895
2961,0.49896619679825593
2962,0.6311115448200694
2963,0.500891583839152
2964,0.3992438635997033
2965,0.45017499128355926
2966,0.9815874765888385
2967,0.9404637792933652
2968,0.9094938359238786
2969,0.6476428959647599
2970,0.3016723388105353
2971,0.9287576255261439
2972,0.5556923532431894
2973,0.9338016877063503
2974,0.8917431117962642
2975,0.9750495397870161
2976,0.9685410987103599
2977,0.9307855020626544
2978,0.9223516263982193
2979,0.7622263227930554
2980,0.7650545817273783
2981,0.7253422247202607
2982,0.29423243081949735
2983,0.9244463530267591
2984,0.9838656919768821
2985,0.9946050159896922
2986,0.8993758211136971
2987,0.27898718549597085
2988,0.349683056607859
2989,0.6886056512789261
2990,0.7308411999036014
2991,0.7433146889185273
2992,0.7298300754830848
2993,0.6589765971072563
2994,0.7278001154254575
2995,0.6462011501519317
2996,0.6059153771321931
2997,0.6931498626681284
2998,0.5621894840209818
2999,0.525828585339349
3000,0.23982558139534882
3001,0.26822600243013367
3002,0.34609863748665576
3003,0.47534829151200014
3004,0.16606434055251104
3005,0.5377485855811871
3006,0.5166666666666667
3007,0.24027777777777778
3008,0.4581185279414391
3009,0.33656945611472033
3010,0.23499099450139735
3011,0.2775993932254642
3012,0.2458858685456169
3013,0.3905285370966589
3014,0.48040068823452303
3015,0.3837946288573119
3016,0.7238989330025841
3017,0.6671260182960902
3018,0.5729764109969351
3019,0.4767504626865708
3020,0.522964013888476
3021,0.5183694772288482
3022,0.5869515619788549
3023,0.4070954531039705
3024,0.43034024539717447
3025,0.4107262436532105
3026,0.7226250142691036
3027,0.8449438815155218
3028,0.5459984016852002
3029,0.4545724539166842
3030,0.9433407020638992
3031,0.8141383675240185
3032,0.9126250214541597
3033,0.9453273374109433
3034,0.8870606589426399
3035,0.8285917506027377
3036,0.7147576011727855
3037,0.9863983871546282
3038,0.9719319885405894
3039,0.8892945524042138
3040,0.971492667537964
3041,0.8606971256038253
3042,0.9276267567455602
3043,0.9033014071393594
3044,0.7400300467876106
3045,0.964496704093378
3046,0.9710521760897827
3047,0.8177100548511015
3048,0.6002837099183537
3049,0.5817403551103077
3050,0.7410368893801377
3051,0.558719891539507
3052,0.6619633166839014
3053,0.6902563828618885
3054,0.555716385107147
3055,0.3928421977166323
3056,0.3236355296255717
3057,0.5050420679151583
3058,0.7321741567026882
3059,0.40525918459745114
3060,0.1724049331963001
3061,0.16776416308905376
3062,0.28784201731485
3063,0.45392217195386136
3064,0.12075508050931004
3065,0.577533819771032
3066,0.6530684374851903
3067,0.34146476424923616
3068,0.5544377459990885
3069,0.34834093273218875
3070,0.38713639688530904
3071,0.49018316486566
3072,0.36282395555518315
3073,0.3870964596666202
3074,0.6656218987389267
3075,0.7258627273024012
3076,0.6965380685650012
3077,0.5145216188123797
3078,0.5382147813787151
3079,0.5749885182957443
3080,0.5775029848815306
3081,0.6278869528012541
3082,0.5741698469209582
3083,0.6133514414084562
3084,0.36510672229079005
3085,0.7352303916916428
3086,0.45496653618417987
3087,0.1532928297211498
3088,0.8836413185848028
3089,0.9118942296535164
3090,0.9539159898978115
3091,0.6539982477634508
3092,0.7243840941187841
3093,0.4015490730150457
3094,0.38535834445851697
3095,0.864538797599367
3096,0.37000673464348766
3097,0.8985413480719786
3098,0.9284242407855633
3099,0.9459190341788708
3100,0.9811216908257627
3101,0.9810554179450429
3102,0.9774322854732694
3103,0.8593099093546925
3104,0.9184838667774099
3105,0.9638716694991292
3106,0.9639009673219224
3107,0.7978577858893524
3108,0.4941693412477379
3109,0.5883829012000766
3110,0.4697562522469187
3111,0.6446325986532594
3112,0.5039229722536142
3113,0.8278217307549623
3114,0.6522476146545764
3115,0.8558137794820003
3116,0.6147013719163488
3117,0.6236714177493902
3118,0.738067647415205
3119,0.25107017355455724
3120,0.08726945737569901
3121,0.2246065808297568
3122,0.24531131490036542
3123,0.8467316317876633
3124,0.17735535454091023
3125,0.14682567125323395
3126,0.673565152996908
3127,0.6725996767855805
3128,0.5740634214815472
3129,0.4850481154720297
3130,0.37495777151321624
3131,0.4155737410718172
3132,0.4584081707178396
3133,0.3578102465973521
3134,0.30212540021507933
3135,0.6561277655415719
3136,0.5408072287617157
3137,0.6748407761481662
3138,0.572696971091514
3139,0.6822297797696052
3140,0.633413118509441
3141,0.6468992071775883
3142,0.5594893121395302
3143,0.5125170089033974
3144,0.5408316280449095
3145,0.2744799173043251
3146,0.42137940658702444
3147,0.3136904639201181
3148,0.8482106588997675
3149,0.8085556554450765
3150,0.9097605608457294
3151,0.9179748510529042
3152,0.9585161791474199
3153,0.875060493088384
3154,0.8423521509585922
3155,0.9128030657809756
3156,0.8705667080400729
3157,0.8490124602483644
3158,0.8957456872064372
3159,0.9147185470383525
3160,0.9281934796486454
3161,0.9138264347850055
3162,0.8983561679447822
3163,0.8890645070404443
3164,0.7733835377878772
3165,0.9044134226767352
3166,0.8989586593382559
3167,0.7432525291863805
3168,0.5086781221504039
3169,0.41397503230340416
3170,0.501215911983124
3171,0.5074614467395698
3172,0.2960137082501352
3173,0.3093115141382032
3174,0.5021512084171981
3175,0.7126447293488831
3176,0.5782819406477696
3177,0.5911611870037213
3178,0.5145624352213262
3179,0.5943017787645689
3180,0.08874531740734416
3181,0.20209002730385725
3182,0.2346096096096096
3183,0.3627450980392157
3184,0.47190376631798053
3185,0.20036865338099516
3186,0.4224461196919644
3187,0.7063174497307135
3188,0.7803010795908533
3189,0.7128730619554865
3190,0.6492749549518537
3191,0.6258528726706973
3192,0.486575935622423
3193,0.5958899467592799
3194,0.4247139928158618
3195,0.6130704734857096
3196,0.6872400136323633
3197,0.6959778031973479
3198,0.707792814087436
3199,0.7060624708545293
3200,0.8787768638301806
3201,0.7008098067422951
3202,0.5901029711695865
3203,0.5856649684932532
3204,0.7964014869736373
3205,0.28758486715799114
3206,0.511111849827881
3207,0.9286298617227162
3208,0.6699586776867995
3209,0.43117001855376097
3210,0.8074440079042217
3211,0.8789233197225959
3212,0.8578129698063064
3213,0.545113157662576
3214,0.9342498566486045
3215,0.8743744973570173
3216,0.9430953553488445
3217,0.9635470763438727
3218,0.8598185057074262
3219,0.8990687668194384
3220,0.9224480598262171
3221,0.9275846987076152
3222,0.7697256820582602
3223,0.8984648833640545
3224,0.5992614201477108
3225,0.3928150986393614
3226,0.47220229523725954
3227,0.6137114567245718
3228,0.7004317360703384
3229,0.5189918272246167
3230,0.5344853248183202
3231,0.663634595345097
3232,0.4822184978702453
3233,0.4285477717219706
3234,0.6498093075668279
3235,0.7025196312790092
3236,0.4718930654268076
3237,0.7542817021571927
3238,0.745598721523725
3239,0.6982086619845735
3240,0.18523550724637683
3241,0.6164066915911439
3242,0.2436928535167725
3243,0.27856921053274303
3244,0.4342629964461797
3245,0.5761124842744875
3246,0.7164929458833439
3247,0.7696356703456724
3248,0.49554716194287823
3249,0.4839491352379787
3250,0.6143917668532297
3251,0.6852060091015567
3252,0.37313116398640717
3253,0.672382417951601
3254,0.7794546733222515
3255,0.5977809977405447
3256,0.5476393384757973
3257,0.5496421427847052
3258,0.551792041363537
3259,0.5467924261073142
3260,0.8122477644035899
3261,0.6367232688974361
3262,0.7021826147784638
3263,0.8623363806668526
3264,0.8899896796407342
3265,0.906496163212077
3266,0.4768785906368415
3267,0.5608443035752588
3268,0.5677253957156768
3269,0.7682579991086018
3270,0.7565395621071098
3271,0.6824069861894243
3272,0.9056963188313311
3273,0.812678992489256
3274,0.8510320191081999
3275,0.9583139322388613
3276,0.9009709363838113
3277,0.7709683887800437
3278,0.7589761280104587
3279,0.8280951161031395
3280,0.9536816689193083
3281,0.9065644382762587
3282,0.8363317066639445
3283,0.9720923256975845
3284,0.9501599199102673
3285,0.39311976719093283
3286,0.5438175683277486
3287,0.43289468652217106
3288,0.7055924462838886
3289,0.6659214420184242
3290,0.8060753022123318
3291,0.37209925042772074
3292,0.2707129863473795
3293,0.4808350532644507
3294,0.4188146836915716
3295,0.285456014973626
3296,0.9281094486347472
3297,0.8000997642756186
3298,0.7044153814813581
3299,0.5249988083273414
3300,0.3219584569732938
3301,0.15936739659367397
3302,0.3136150234741784
3303,0.3074588836559747
3304,0.30131064229542426
3305,0.2102510460251046
3306,0.7937598632298789
3307,0.834183372271672
3308,0.641073283464398
3309,0.6523651751843315
3310,0.669167662764214
3311,0.5921716916472105
3312,0.5192956548965216
3313,0.6320659136031647
3314,0.5276700095597981
3315,0.4922799859309592
3316,0.49825801177337586
3317,0.5410382019482342
3318,0.5425522314847375
3319,0.5889071631423354
3320,0.9191131706028509
3321,0.9794644574566015
3322,0.9668955945028662
3323,0.9552017094074258
3324,0.455106743194746
3325,0.9807572176095674
3326,0.9280286719338009
3327,0.8982914090862463
3328,0.8253941771867276
3329,0.9435353749346814
3330,0.8140842907794283
3331,0.63621012020017
3332,0.862050451652062
3333,0.8757204146441703
3334,0.8985015872018103
3335,0.9277816421106623
3336,0.904544757439378
3337,0.9428959416505917
3338,0.8439147139328517
3339,0.5479261132063747
3340,0.9443523103908639
3341,0.9181249052500856
3342,0.5730073069916196
3343,0.9174390744919464
3344,0.9500370122209872
3345,0.7394693928356498
3346,0.7898016608781675
3347,0.3834475645875212
3348,0.6277026177283918
3349,0.6609921433441794
3350,0.5304636473996751
3351,0.43241773615172696
3352,0.39227382515327996
3353,0.42704623468034747
3354,0.4243831035310144
3355,0.6809962584748459
3356,0.8210282051748282
3357,0.6529995555254096
3358,0.6019637011666682
3359,0.33068169688280685
3360,0.4852729885057471
3361,0.36437908496732024
3362,0.22626837105816533
3363,0.29502599867479756
3364,0.4792675810467648
3365,0.6357851229296937
3366,0.7437780609936774
3367,0.4954314302156985
3368,0.5542611175122659
3369,0.7507208063351413
3370,0.5523778022095166
3371,0.5398328062014796
3372,0.4735969830553504
3373,0.3682004123763785
3374,0.6287625823941773
3375,0.5053031568493388
3376,0.40491139008332194
3377,0.558370223498719
3378,0.6903923973537531
3379,0.48769189891873216
3380,0.48762476554111434
3381,0.6049119695068818
3382,0.34252341442590706
3383,0.9576292144295602
3384,0.5662272790426127
3385,0.800086705175628
3386,0.9391309901067855
3387,0.9891650343060289
3388,0.9469557194182049
3389,0.8346522984697528
3390,0.8712328956384233
3391,0.892640723675898
3392,0.9382179044048917
3393,0.8620000542477099
3394,0.9523637337093542
3395,0.9740027160082732
3396,0.4648636414740928
3397,0.4604291343343115
3398,0.7524546129669943
3399,0.910990646472211
3400,0.9375999258971904
3401,0.7533898513637336
3402,0.5965076632794345
3403,0.924449156797401
3404,0.9588372173613439
3405,0.5511474709814118
3406,0.7548068353941889
3407,0.7582322002419742
3408,0.660061588933986
3409,0.6226628296875495
3410,0.5008953879243759
3411,0.5161869944887288
3412,0.3553963051074122
3413,0.505989521411026
3414,0.6028877596632521
3415,0.6340090497708685
3416,0.22781603447959076
3417,0.41475868753197354
3418,0.7937676267039412
3419,0.8169263301411257
3420,0.3459776959293627
3421,0.2868578387405289
3422,0.36733228368741094
3423,0.7384472814017323
3424,0.39736957738445705
3425,0.6335243339425556
3426,0.6937495333976241
3427,0.5682078202993656
3428,0.516180749957726
3429,0.6693615247490351
3430,0.40273870440261655
3431,0.528155823978527
3432,0.5699291718684977
3433,0.530964254681357
3434,0.589742946546069
3435,0.6393473837346079
3436,0.6693655777133856
3437,0.5486972799615834
3438,0.44227312186770346
3439,0.39992111550361714
3440,0.5819043941144251
3441,0.4956854008226977
3442,0.7134225267245419
3443,0.9477300330261372
3444,0.9192618276874868
3445,0.9066494710735408
3446,0.8792694831629034
3447,0.9149101135593384
3448,0.7953443644120833
3449,0.5086940731052069
3450,0.8950292739925881
3451,0.9183984093542495
3452,0.6050770798366218
3453,0.8867788532012778
3454,0.7580067310104122
3455,0.7256912345750135
3456,0.6344506776503461
3457,0.5786236037725968
3458,0.9302682935300314
3459,0.7407678861610177
3460,0.863621052031576
3461,0.9523008686580582
3462,0.9337948200489703
3463,0.7024867508248831
3464,0.9402098102992785
3465,0.928459705771605
3466,0.7556281216030921
3467,0.8588474853539805
3468,0.9154245409740974
3469,0.7640670536393425
3470,0.5744863494850946
3471,0.4351049053101083
3472,0.5660597336469959
3473,0.5251339590294489
3474,0.5994009280318376
3475,0.48993741006732344
3476,0.5095905288255996
3477,0.48515345001719284
3478,0.9564562669579336
3479,0.9716698621040281
3480,0.3556340358596741
3481,0.5735499399020971
3482,0.3688200537466358
3483,0.5932184273360372
3484,0.6144632353138461
3485,0.6718897528502404
3486,0.6741175897189179
3487,0.5609419619794841
3488,0.7123217659527322
3489,0.6640462289473653
3490,0.6480898175079148
3491,0.7019736975230422
3492,0.707806628068855
3493,0.5411637090927094
3494,0.4672869054065157
3495,0.509862146570292
3496,0.44382897841398755
3497,0.40088174184890796
3498,0.5267868112460101
3499,0.556191475404342
3500,0.6455563906623
3501,0.7060822752389032
3502,0.333554592875735
3503,0.9641633096237628
3504,0.7323817687281066
3505,0.9269548289566757
3506,0.9490301036577812
3507,0.743917075877277
3508,0.7644748196069423
3509,0.8219561162999943
3510,0.9513126265264445
3511,0.7920281847792215
3512,0.8697200939586892
3513,0.8901223061490863
3514,0.6149782647308916
3515,0.8683308141516436
3516,0.9102297022228703
3517,0.9264190630468034
3518,0.9203693189373333
3519,0.8936937649180959
3520,0.9314094996358041
3521,0.6298503336034788
3522,0.9421510173158968
3523,0.8510442548161011
3524,0.9518525510316035
3525,0.9147262836122995
3526,0.7171527619817865
3527,0.8636316931354261
3528,0.8841306516956795
3529,0.6937031769329728
3530,0.7475212598128386
3531,0.5983545514322821
3532,0.49201300638634654
3533,0.42237141173716947
3534,0.8201400581664452
3535,0.7683279594861245
3536,0.5739858174138568
3537,0.4351862221497554
3538,0.9081244905643743
3539,0.954376869293462
3540,0.34595628630095704
3541,0.32523325677909015
3542,0.21916890080428955
3543,0.6648729027649151
3544,0.7518616254620679
3545,0.683226833535639
3546,0.7303284314657831
3547,0.562553258583399
3548,0.552802294054778
3549,0.6374849696177837
3550,0.7734298972198853
3551,0.7563113832787535
3552,0.6023681667334954
3553,0.6447652113313466
3554,0.41455788674883487
3555,0.3689142666550059
3556,0.595978607386617
3557,0.8068162318880202
3558,0.6682311238952355
3559,0.3728842851478776
3560,0.6780549775787086
3561,0.6486734093276939
3562,0.6643855944202391
3563,0.7767697486763435
3564,0.6889171186650235
3565,0.6611205217447292
3566,0.6792742311238835
3567,0.8930531700516954
3568,0.8224261529011899
3569,0.9204915364267278
3570,0.836459754550673
3571,0.45120279675145
3572,0.5802213224693124
3573,0.7792852729305296
3574,0.8770486907984617
3575,0.8588959208955025
3576,0.878615943111923
3577,0.9451279390796709
3578,0.9325551585887454
3579,0.7644093379110034
3580,0.8844153052268878
3581,0.8224002875710578
3582,0.9059076264044128
3583,0.7929141707638045
3584,0.9432061270386107
3585,0.9257009599521773
3586,0.9359066576658052
3587,0.8024399638464864
3588,0.6217769176092941
3589,0.9514340833874769
3590,0.9077667985249008
3591,0.4501427774210705
3592,0.4960132240592244
3593,0.5521936550545642
3594,0.7995019506931187
3595,0.380113801510054
3596,0.36876245601150104
3597,0.2647989280019479
3598,0.8880125656296807
3599,0.2972316418921123
3600,0.2615881809787627
3601,0.38231165609361034
3602,0.2072463768115942
3603,0.3833343318568154
3604,0.7903820972501973
3605,0.6001179629031078
3606,0.610362993701678
3607,0.8116649422106725
3608,0.5436090758337372
3609,0.513660420728795
3610,0.5985878091721354
3611,0.5614082935521438
3612,0.6478372269892397
3613,0.7425206024239436
3614,0.5683924651008656
3615,0.5900078243662013
3616,0.479949631657399
3617,0.5260698431263837
3618,0.5333436276368335
3619,0.463234074738695
3620,0.4873838490874871
3621,0.3969420337128536
3622,0.44101067760438645
3623,0.5452767744687751
3624,0.3438098281506241
3625,0.2952898951388676
3626,0.31439238098252165
3627,0.5274968397406229
3628,0.4563633311830804
3629,0.8657285127004309
3630,0.694377963599169
3631,0.7211176473083206
3632,0.6809602598993676
3633,0.7826230671097977
3634,0.8359225531564948
3635,0.8850854530383846
3636,0.8565854375232216
3637,0.5935641480680501
3638,0.7344837095058652
3639,0.7495090001060571
3640,0.8880392106311253
3641,0.9070164814948081
3642,0.9244020508973083
3643,0.8091906017301097
3644,0.5365648303820961
3645,0.6245803798327627
3646,0.5684824469286923
3647,0.2973333808345972
3648,0.43097884629566724
3649,0.9117068935356999
3650,0.6616779010537286
3651,0.49737479806138934
3652,0.14539054394545722
3653,0.47873838646695105
3654,0.29086579584899214
3655,0.2677252114096282
3656,0.2104732857534505
3657,0.15802945118098508
3658,0.24662184063408885
3659,0.40091717411535877
3660,0.7315025197651434
3661,0.40125652399037537
3662,0.21868747792197143
3663,0.38338072834088605
3664,0.3198150796095871
3665,0.45140236866618166
3666,0.5441071583146555
3667,0.6974658281458103
3668,0.7224088409503181
3669,0.5848596031693286
3670,0.6718584183223032
3671,0.6432983133622122
3672,0.6205914940765366
3673,0.6494266791711727
3674,0.7032788365515613
3675,0.601816057230952
3676,0.4443437558157782
3677,0.6204724226759358
3678,0.26812358508941875
3679,0.3769938057110203
3680,0.4584363236954039
3681,0.4411890129675931
3682,0.6401907041383572
3683,0.3264763747812029
3684,0.21299535504100905
3685,0.3535398304256619
3686,0.4436950105108293
3687,0.2911694269293495
3688,0.18917146061259782
3689,0.17822345284292082
3690,0.1726665804034653
3691,0.2520220420543697
3692,0.9257410110382386
3693,0.6252579143787882
3694,0.600702815452569
3695,0.7733568546143949
3696,0.6766166186944985
3697,0.3894869271680054
3698,0.5405157048447199
3699,0.38093917705929153
3700,0.8949863155776825
3701,0.6270818674528877
3702,0.7301279609908912
3703,0.43202132563776946
3704,0.1961440326372316
3705,0.8688365165842559
3706,0.2939014592878241
3707,0.32217197949393167
3708,0.3276270681151707
3709,0.4003461961874964
3710,0.6025503477422732
3711,0.17669627822510356
3712,0.21240717732992062
3713,0.5466904773964127
3714,0.728055993063384
3715,0.6244516335563747
3716,0.14793511733585693
3717,0.12531174135993847
3718,0.658358347236813
3719,0.3442479221930408
3720,0.6445654309662484
3721,0.587417394085886
3722,0.5863388294595238
3723,0.48243743758267327
3724,0.5286818106920131
3725,0.5527614287019883
3726,0.8842795096998799
3727,0.6655129418480631
3728,0.7719331186704933
3729,0.7454476397520863
3730,0.742381316002545
3731,0.9087040933064142
3732,0.8139898105635842
3733,0.6597260411100175
3734,0.5949198651249958
3735,0.5292218992355012
3736,0.5003872345793714
3737,0.3228356645013271
3738,0.2224314905083323
3739,0.36867476846054487
3740,0.5480679276712971
3741,0.4183685104176033
3742,0.7051475793551153
3743,0.32700851786852897
3744,0.2313106852028888
3745,0.2400709219858156
3746,0.2966737074851266
3747,0.32945162176843007
3748,
3749,0.3868706610181754
3750,0.2184042158297986
3751,0.1091589553998535
3752,0.1613885031238725
3753,0.3838178364549754
3754,0.2856151729079341
3755,0.6651979230299327
3756,0.6683934980014982
3757,0.4980417379222992
3758,0.4766123204059669
3759,0.3677944010297047
3760,0.940429681097727
3761,0.9406199357882573
3762,0.7949787632443966
3763,0.7687400015240956
3764,0.48684322712003697
3765,0.8186534332320797
3766,0.5364197530864198
3767,0.1817050811943426
3768,0.5019559032716928
3769,0.4962453381341066
3770,0.3376636325023996
3771,0.432695059233369
3772,0.37915567718673615
3773,0.4805942788267106
3774,0.8748434169812594
3775,0.7894799237174673
3776,0.30783132530120483
3777,0.9411438706442604
3778,0.6275948471620426
3779,0.8589546219037404
3780,0.5774842786997935
3781,0.7057851525919928
3782,0.6213681340954232
3783,0.4827634040499083
3784,0.6797257692804761
3785,0.4499834567522046
3786,0.7304887869353162
3787,0.6702460510264627
3788,0.7087499051097738
3789,0.8957597685563932
3790,0.8217998357054929
3791,0.6119911979258591
3792,0.5073011191203544
3793,0.4383041900599194
3794,0.5912620620762153
3795,0.41457493772970033
3796,0.6198191073608562
3797,0.4993983613056812
3798,0.3623931525102316
3799,0.3191060224872655
3800,0.5880820511421859
3801,0.5772046456290263
3802,
3803,0.26989133168197876
3804,0.16203131661243497
3805,0.17970698562399431
3806,0.2410735527809076
3807,0.14885900709896258
3808,
3809,0.49025974025974023
3810,0.16174478461121647
3811,0.17826648691158298
3812,0.5745543674795935
3813,0.13284050179211468
3814,0.08622685185185186
3815,0.22558135424580247
3816,0.33080652636122104
3817,0.3847213569392134
3818,0.2839623835427311
3819,0.18389970295813096
3820,0.2526300820301179
3821,0.2424777483342385
3822,0.9834944303159722
3823,0.9454223365332929
3824,0.30762798748050735
3825,0.2917307525150169
3826,0.401009046624913
3827,0.4803595733232045
3828,0.3731671554252199
3829,0.472760347614664
3830,0.6399958689550802
3831,0.832920488660215
3832,0.20899641989569415
3833,0.18912037037037036
3834,0.7651740054731557
3835,0.7959912141920801
3836,0.22059783597148563
3837,0.6774274248691409
3838,0.4860219259445928
3839,0.3380403472184928
